{
  "e": [
    5000.0,
    10000.0,
    15000.0,
    20000.0,
    25000.0,
    30000.0,
    35000.0,
    40000.0,
    45000.0,
    50000.0,
    55000.0,
    60000.0,
    65000.0,
    70000.0,
    75000.0,
    80000.0,
    85000.0,
    90000.0,
    95000.0,
    100000.0,
    105000.0,
    110000.0,
    115000.0,
    120000.0,
    125000.0
  ],
  "eref": 65000.0,
  "n": [
    1e+18,
    2e+18,
    3e+18,
    5e+18,
    6e+18,
    7e+18,
    8e+18,
    9e+18,
    1e+19,
    2e+19,
    3e+19,
    5e+19,
    6e+19,
    7e+19,
    8e+19,
    9e+19,
    1e+20,
    2e+20,
    3e+20,
    5e+20,
    6e+20,
    7e+20,
    8e+20,
    9e+20,
    1e+21
  ],
  "nref": 6e+19,
  "sen": [
    [
      2.659e-11,
      3.7549999999999996e-11,
      4.4029999999999996e-11,
      5.1889999999999995e-11,
      5.4589999999999996e-11,
      5.682e-11,
      5.871e-11,
      6.035e-11,
      6.18e-11,
      7.077999999999999e-11,
      7.569e-11,
      8.176e-11,
      8.398e-11,
      8.59e-11,
      8.76e-11,
      8.914e-11,
      9.055e-11,
      1.0060000000000001e-10,
      1.0689999999999999e-10,
      1.1459999999999998e-10,
      1.172e-10,
      1.193e-10,
      1.21e-10,
      1.2239999999999999e-10,
      1.236e-10
    ],
    [
      2.9079999999999998e-11,
      4.207999999999999e-11,
      5.0079999999999997e-11,
      6.009999999999999e-11,
      6.359999999999999e-11,
      6.651e-11,
      6.9e-11,
      7.117e-11,
      7.309e-11,
      8.503e-11,
      9.152999999999999e-11,
      9.947e-11,
      1.023e-10,
      1.047e-10,
      1.0679999999999998e-10,
      1.087e-10,
      1.103e-10,
      1.2129999999999998e-10,
      1.273e-10,
      1.339e-10,
      1.359e-10,
      1.374e-10,
      1.387e-10,
      1.397e-10,
      1.405e-10
    ],
    [
      3.058e-11,
      4.473e-11,
      5.369e-11,
      6.525e-11,
      6.941e-11,
      7.291999999999999e-11,
      7.595999999999999e-11,
      7.862999999999999e-11,
      8.101e-11,
      9.629999999999999e-11,
      1.049e-10,
      1.155e-10,
      1.193e-10,
      1.2239999999999999e-10,
      1.252e-10,
      1.276e-10,
      1.298e-10,
      1.435e-10,
      1.507e-10,
      1.5829999999999999e-10,
      1.605e-10,
      1.622e-10,
      1.6359999999999998e-10,
      1.6469999999999998e-10,
      1.6559999999999998e-10
    ],
    [
      3.2199999999999996e-11,
      4.7309999999999996e-11,
      5.704e-11,
      6.991e-11,
      7.464e-11,
      7.867999999999999e-11,
      8.22e-11,
      8.532e-11,
      8.812e-11,
      1.066e-10,
      1.173e-10,
      1.307e-10,
      1.3549999999999997e-10,
      1.396e-10,
      1.431e-10,
      1.463e-10,
      1.4909999999999998e-10,
      1.669e-10,
      1.764e-10,
      1.863e-10,
      1.8929999999999998e-10,
      1.916e-10,
      1.933e-10,
      1.948e-10,
      1.96e-10
    ],
    [
      3.461999999999999e-11,
      5.1099999999999997e-11,
      6.19e-11,
      7.65e-11,
      8.195e-11,
      8.664e-11,
      9.075e-11,
      9.442e-11,
      9.773e-11,
      1.198e-10,
      1.329e-10,
      1.495e-10,
      1.5559999999999998e-10,
      1.607e-10,
      1.652e-10,
      1.692e-10,
      1.728e-10,
      1.96e-10,
      2.083e-10,
      2.216e-10,
      2.256e-10,
      2.286e-10,
      2.31e-10,
      2.3299999999999997e-10,
      2.346e-10
    ],
    [
      3.7960000000000004e-11,
      5.6269999999999997e-11,
      6.847e-11,
      8.519e-11,
      9.15e-11,
      9.697e-11,
      1.0179999999999999e-10,
      1.061e-10,
      1.1e-10,
      1.363e-10,
      1.52e-10,
      1.724e-10,
      1.799e-10,
      1.863e-10,
      1.919e-10,
      1.9689999999999999e-10,
      2.0139999999999997e-10,
      2.311e-10,
      2.472e-10,
      2.6459999999999994e-10,
      2.6989999999999997e-10,
      2.74e-10,
      2.772e-10,
      2.798e-10,
      2.82e-10
    ],
    [
      4.2169999999999995e-11,
      6.283e-11,
      7.677e-11,
      9.613999999999999e-11,
      1.0349999999999999e-10,
      1.0989999999999999e-10,
      1.156e-10,
      1.207e-10,
      1.253e-10,
      1.566e-10,
      1.756e-10,
      2.0039999999999997e-10,
      2.0959999999999998e-10,
      2.176e-10,
      2.246e-10,
      2.309e-10,
      2.365e-10,
      2.7409999999999996e-10,
      2.948e-10,
      3.175e-10,
      3.244e-10,
      3.2969999999999996e-10,
      3.3389999999999995e-10,
      3.374e-10,
      3.4019999999999997e-10
    ],
    [
      4.7039999999999993e-11,
      7.048e-11,
      8.648999999999999e-11,
      1.09e-10,
      1.1759999999999999e-10,
      1.252e-10,
      1.318e-10,
      1.3779999999999998e-10,
      1.4329999999999999e-10,
      1.805e-10,
      2.033e-10,
      2.334e-10,
      2.447e-10,
      2.5439999999999997e-10,
      2.6299999999999997e-10,
      2.707e-10,
      2.777e-10,
      3.2449999999999997e-10,
      3.506e-10,
      3.7929999999999997e-10,
      3.881e-10,
      3.949e-10,
      4.003e-10,
      4.047e-10,
      4.083e-10
    ],
    [
      5.206e-11,
      7.842e-11,
      9.663999999999999e-11,
      1.225e-10,
      1.3259999999999999e-10,
      1.413e-10,
      1.4909999999999998e-10,
      1.5609999999999998e-10,
      1.6249999999999998e-10,
      2.063e-10,
      2.333e-10,
      2.693e-10,
      2.828e-10,
      2.946e-10,
      3.05e-10,
      3.143e-10,
      3.2279999999999996e-10,
      3.8e-10,
      4.1209999999999995e-10,
      4.476e-10,
      4.5849999999999997e-10,
      4.67e-10,
      4.737e-10,
      4.790999999999999e-10,
      4.837e-10
    ],
    [
      5.675999999999999e-11,
      8.593e-11,
      1.0629999999999998e-10,
      1.3559999999999998e-10,
      1.4699999999999998e-10,
      1.5699999999999997e-10,
      1.659e-10,
      1.74e-10,
      1.8129999999999998e-10,
      2.319e-10,
      2.633e-10,
      3.055e-10,
      3.215e-10,
      3.354e-10,
      3.478e-10,
      3.5889999999999997e-10,
      3.69e-10,
      4.373e-10,
      4.758e-10,
      5.186e-10,
      5.316999999999999e-10,
      5.419e-10,
      5.5e-10,
      5.565999999999999e-10,
      5.62e-10
    ],
    [
      6.114999999999999e-11,
      9.299999999999999e-11,
      1.155e-10,
      1.4809999999999998e-10,
      1.608e-10,
      1.721e-10,
      1.821e-10,
      1.911e-10,
      1.9939999999999998e-10,
      2.568e-10,
      2.928e-10,
      3.414e-10,
      3.599e-10,
      3.7609999999999997e-10,
      3.905e-10,
      4.0339999999999997e-10,
      4.1519999999999997e-10,
      4.951000000000001e-10,
      5.403e-10,
      5.904e-10,
      6.057999999999999e-10,
      6.177999999999999e-10,
      6.273e-10,
      6.35e-10,
      6.415e-10
    ],
    [
      6.544e-11,
      9.993999999999999e-11,
      1.2449999999999998e-10,
      1.6039999999999998e-10,
      1.7450000000000002e-10,
      1.8689999999999997e-10,
      1.981e-10,
      2.0809999999999998e-10,
      2.173e-10,
      2.817e-10,
      3.2229999999999996e-10,
      3.776e-10,
      3.987e-10,
      4.1719999999999997e-10,
      4.336e-10,
      4.485e-10,
      4.62e-10,
      5.537e-10,
      6.056e-10,
      6.631e-10,
      6.808e-10,
      6.945e-10,
      7.054e-10,
      7.142999999999999e-10,
      7.217e-10
    ],
    [
      6.97e-11,
      1.0679999999999998e-10,
      1.3339999999999997e-10,
      1.7259999999999998e-10,
      1.8799999999999997e-10,
      2.0169999999999999e-10,
      2.1389999999999998e-10,
      2.2499999999999997e-10,
      2.351e-10,
      3.064e-10,
      3.5159999999999995e-10,
      4.135e-10,
      4.373e-10,
      4.58e-10,
      4.765e-10,
      4.932999999999999e-10,
      5.085e-10,
      6.118e-10,
      6.702e-10,
      7.349999999999999e-10,
      7.548999999999999e-10,
      7.703e-10,
      7.824999999999999e-10,
      7.925e-10,
      8.008e-10
    ],
    [
      7.37e-11,
      1.133e-10,
      1.419e-10,
      1.841e-10,
      2.009e-10,
      2.157e-10,
      2.29e-10,
      2.4109999999999997e-10,
      2.521e-10,
      3.301e-10,
      3.798e-10,
      4.4819999999999996e-10,
      4.745e-10,
