{
  "e": [
    5000.0,
    10000.0,
    15000.0,
    20000.0,
    25000.0,
    30000.0,
    35000.0,
    40000.0,
    45000.0,
    50000.0,
    55000.0,
    60000.0,
    65000.0,
    70000.0,
    75000.0,
    80000.0,
    85000.0,
    90000.0,
    95000.0,
    100000.0,
    105000.0,
    110000.0,
    115000.0,
    120000.0,
    125000.0
  ],
  "eref": 65000.0,
  "n": [
    1e+18,
    2e+18,
    3e+18,
    5e+18,
    6e+18,
    7e+18,
    8e+18,
    9e+18,
    1e+19,
    2e+19,
    3e+19,
    5e+19,
    6e+19,
    7e+19,
    8e+19,
    9e+19,
    1e+20,
    2e+20,
    3e+20,
    5e+20,
    6e+20,
    7e+20,
    8e+20,
    9e+20,
    1e+21
  ],
  "nref": 6e+19,
  "sen": [
    [
      5.3489999999999994e-11,
      1.056e-10,
      1.568e-10,
      2.572e-10,
      3.0650000000000003e-10,
      3.553e-10,
      4.036e-10,
      4.515e-10,
      4.989999999999999e-10,
      9.533999999999998e-10,
      1.377e-09,
      2.148e-09,
      2.5e-09,
      2.834e-09,
      3.1489999999999998e-09,
      3.448e-09,
      3.732e-09,
      5.943999999999999e-09,
      7.4169999999999995e-09,
      9.254999999999999e-09,
      9.867e-09,
      1.0359999999999998e-08,
      1.076e-08,
      1.1089999999999999e-08,
      1.1369999999999999e-08
    ],
    [
      5.874999999999999e-11,
      1.1569999999999999e-10,
      1.7149999999999998e-10,
      2.8049999999999996e-10,
      3.3389999999999995e-10,
      3.867e-10,
      4.3879999999999997e-10,
      4.904e-10,
      5.414e-10,
      1.026e-09,
      1.4699999999999999e-09,
      2.262e-09,
      2.618e-09,
      2.9489999999999996e-09,
      3.26e-09,
      3.551e-09,
      3.824e-09,
      5.867e-09,
      7.144e-09,
      8.654999999999999e-09,
      9.138e-09,
      9.518e-09,
      9.825e-09,
      1.008e-08,
      1.029e-08
    ],
    [
      6.525999999999999e-11,
      1.284e-10,
      1.901e-10,
      3.104e-10,
      3.691e-10,
      4.2709999999999995e-10,
      4.844e-10,
      5.409e-10,
      5.967999999999999e-10,
      1.124e-09,
      1.603e-09,
      2.4459999999999996e-09,
      2.819e-09,
      3.1649999999999997e-09,
      3.4859999999999997e-09,
      3.785e-09,
      4.0649999999999995e-09,
      6.099e-09,
      7.327e-09,
      8.736e-09,
      9.176999999999998e-09,
      9.521999999999999e-09,
      9.797e-09,
      1.002e-08,
      1.021e-08
    ],
    [
      7.255e-11,
      1.4259999999999998e-10,
      2.111e-10,
      3.443e-10,
      4.0939999999999995e-10,
      4.735e-10,
      5.368e-10,
      5.992000000000001e-10,
      6.609e-10,
      1.241e-09,
      1.765e-09,
      2.679e-09,
      3.081e-09,
      3.452e-09,
      3.795e-09,
      4.114e-09,
      4.411e-09,
      6.541e-09,
      7.803e-09,
      9.23e-09,
      9.671999999999999e-09,
      1.002e-08,
      1.029e-08,
      1.051e-08,
      1.0699999999999998e-08
    ],
    [
      8.016e-11,
      1.576e-10,
      2.332e-10,
      3.8029999999999997e-10,
      4.5209999999999997e-10,
      5.228999999999999e-10,
      5.927e-10,
      6.614999999999999e-10,
      7.295e-10,
      1.368e-09,
      1.943e-09,
      2.9439999999999998e-09,
      3.3819999999999997e-09,
      3.786e-09,
      4.16e-09,
      4.505999999999999e-09,
      4.826999999999999e-09,
      7.125e-09,
      8.476e-09,
      9.993999999999998e-09,
      1.046e-08,
      1.0829999999999998e-08,
      1.112e-08,
      1.135e-08,
      1.155e-08
    ],
    [
      8.777999999999999e-11,
      1.7259999999999998e-10,
      2.5549999999999994e-10,
      4.168e-10,
      4.954999999999999e-10,
      5.73e-10,
      6.495e-10,
      7.249999999999999e-10,
      7.995e-10,
      1.4989999999999999e-09,
      2.1289999999999996e-09,
      3.225e-09,
      3.705e-09,
      4.147e-09,
      4.555e-09,
      4.934e-09,
      5.285999999999999e-09,
      7.797e-09,
      9.272e-09,
      1.093e-08,
      1.144e-08,
      1.1839999999999999e-08,
      1.215e-08,
      1.2409999999999998e-08,
      1.2619999999999998e-08
    ],
    [
      9.511999999999999e-11,
      1.8709999999999998e-10,
      2.771e-10,
      4.5209999999999997e-10,
      5.375999999999999e-10,
      6.219e-10,
      7.049999999999999e-10,
      7.87e-10,
      8.679999999999999e-10,
      1.6289999999999999e-09,
      2.3149999999999996e-09,
      3.508e-09,
      4.032e-09,
      4.514e-09,
      4.9599999999999994e-09,
      5.374e-09,
      5.759e-09,
      8.512e-09,
      1.013e-08,
      1.196e-08,
      1.2529999999999999e-08,
      1.2959999999999998e-08,
      1.331e-08,
      1.36e-08,
      1.383e-08
    ],
    [
      1.0179999999999999e-10,
      2.0039999999999997e-10,
      2.969e-10,
      4.847e-10,
      5.764999999999999e-10,
      6.669999999999999e-10,
      7.561999999999999e-10,
      8.443e-10,
      9.313e-10,
      1.75e-09,
      2.488e-09,
      3.777e-09,
      4.3429999999999996e-09,
      4.865e-09,
      5.349e-09,
      5.798e-09,
      6.216e-09,
      9.216999999999999e-09,
      1.099e-08,
      1.2999999999999999e-08,
      1.3629999999999999e-08,
      1.4109999999999999e-08,
      1.45e-08,
      1.481e-08,
      1.508e-08
    ],
    [
      1.078e-10,
      2.123e-10,
      3.146e-10,
      5.14e-10,
      6.114e-10,
      7.075e-10,
      8.023999999999999e-10,
      8.959999999999999e-10,
      9.885e-10,
      1.8589999999999999e-09,
      2.647e-09,
      4.023e-09,
      4.629999999999999e-09,
      5.19e-09,
      5.708999999999999e-09,
      6.191999999999999e-09,
      6.642e-09,
      9.887e-09,
      1.182e-08,
      1.4019999999999999e-08,
      1.47e-08,
      1.523e-08,
      1.566e-08,
      1.6e-08,
      1.629e-08
    ],
    [
      1.1299999999999998e-10,
      2.2249999999999998e-10,
      3.298e-10,
      5.391e-10,
      6.414e-10,
      7.424e-10,
      8.42e-10,
      9.404e-10,
      1.038e-09,
      1.954e-09,
      2.784e-09,
      4.2399999999999994e-09,
      4.8819999999999995e-09,
      5.477e-09,
      6.029e-09,
      6.542e-09,
      7.021e-09,
      1.0489999999999998e-08,
      1.2579999999999999e-08,
      1.4949999999999998e-08,
      1.5699999999999998e-08,
      1.6279999999999998e-08,
      1.674e-08,
      1.712e-08,
      1.743e-08
    ],
    [
      1.172e-10,
      2.31e-10,
      3.4249999999999995e-10,
      5.601999999999999e-10,
      6.666000000000001e-10,
      7.716e-10,
      8.754e-10,
      9.778e-10,
      1.079e-09,
      2.034e-09,
      2.901e-09,
      4.425e-09,
      5.1e-09,
      5.725e-09,
      6.304999999999999e-09,
      6.846e-09,
      7.3519999999999994e-09,
      1.103e-08,
      1.325e-08,
      1.58e-08,
      1.66e-08,
      1.7219999999999998e-08,
      1.772e-08,
      1.813e-08,
      1.847e-08
    ],
    [
      1.207e-10,
      2.38e-10,
      3.53e-10,
      5.776000000000001e-10,
      6.874e-10,
      7.958999999999999e-10,
      9.03e-10,
      1.009e-09,
      1.113e-09,
      2.101e-09,
      3e-09,
      4.583e-09,
      5.285e-09,
      5.936e-09,
      6.542e-09,
      7.1069999999999995e-09,
      7.636e-09,
      1.1499999999999999e-08,
      1.3849999999999998e-08,
      1.6559999999999997e-08,
      1.741e-08,
      1.8079999999999997e-08,
      1.861e-08,
      1.905e-08,
      1.941e-08
    ],
    [
      1.237e-10,
      2.44e-10,
      3.619e-10,
      5.923e-10,
      7.050999999999999e-10,
      8.164999999999999e-10,
      9.265e-10,
      1.0349999999999998e-09,
      1.1429999999999999e-09,
      2.1589999999999997e-09,
      3.0839999999999997e-09,
      4.718e-09,
      5.445e-09,
      6.119e-09,
      6.7479999999999994e-09,
      7.335e-09,
      7.884999999999999e-09,
      1.192e-08,
      1.438e-08,
      1.7239999999999998e-08,
      1.8149999999999997e-08,
      1.8849999999999997e-08,
      1.9419999999999998e-08,
      1.9879999999999997e-08,
      2.027e-08
    ],
    [
      1.262e-10,
      2.489e-10,
      3.6929999999999996e-10,
      6.046e-10,
      7.199e-10,
      8.337e-10,
      9.460999999999999e-10,
      1.057e-09,
