{
  "3 -> 2": {
    "e": [
      5000.0,
      10000.0,
      15000.0,
      20000.0,
      25000.0,
      30000.0,
      35000.0,
      40000.0,
      45000.0,
      50000.0,
      55000.0,
      60000.0,
      65000.0,
      70000.0,
      75000.0,
      80000.0,
      85000.0,
      90000.0,
      95000.0,
      100000.0,
      105000.0,
      110000.0,
      115000.0,
      120000.0,
      125000.0
    ],
    "eref": 65000.0,
    "n": [
      1e+18,
      2e+18,
      3e+18,
      5e+18,
      6e+18,
      7e+18,
      8e+18,
      9e+18,
      1e+19,
      2e+19,
      3e+19,
      5e+19,
      6e+19,
      7e+19,
      8e+19,
      9e+19,
      1e+20,
      2e+20,
      3e+20,
      5e+20,
      6e+20,
      7e+20,
      8e+20,
      9e+20,
      1e+21
    ],
    "nref": 6e+19,
    "sen": [
      [
        1.4249999999999999e-15,
        1.2439999999999999e-15,
        1.1120000000000001e-15,
        9.221e-16,
        8.507999999999999e-16,
        7.902999999999999e-16,
        7.381999999999999e-16,
        6.928e-16,
        6.528999999999999e-16,
        4.19e-16,
        3.1229999999999997e-16,
        2.1089999999999999e-16,
        1.827e-16,
        1.6159999999999998e-16,
        1.453e-16,
        1.3219999999999998e-16,
        1.2149999999999998e-16,
        6.932e-17,
        4.9589999999999996e-17,
        3.2130000000000004e-17,
        2.7409999999999998e-17,
        2.392e-17,
        2.123e-17,
        1.91e-17,
        1.7359999999999997e-17
      ],
      [
        1.4129999999999999e-15,
        1.201e-15,
        1.0500000000000001e-15,
        8.446e-16,
        7.704000000000001e-16,
        7.087000000000001e-16,
        6.564999999999999e-16,
        6.117e-16,
        5.728e-16,
        3.541e-16,
        2.592e-16,
        1.713e-16,
        1.4719999999999998e-16,
        1.293e-16,
        1.1539999999999999e-16,
        1.0439999999999999e-16,
        9.535999999999999e-17,
        5.19e-17,
        3.5969999999999996e-17,
        2.24e-17,
        1.886e-17,
        1.629e-17,
        1.434e-17,
        1.281e-17,
        1.157e-17
      ],
      [
        1.517e-15,
        1.308e-15,
        1.157e-15,
        9.451e-16,
        8.672e-16,
        8.0159999999999995e-16,
        7.457e-16,
        6.974e-16,
        6.552e-16,
        4.123e-16,
        3.0389999999999997e-16,
        2.0179999999999997e-16,
        1.734e-16,
        1.523e-16,
        1.3589999999999997e-16,
        1.228e-16,
        1.12e-16,
        6.038999999999999e-17,
        4.1560000000000004e-17,
        2.567e-17,
        2.156e-17,
        1.859e-17,
        1.6339999999999998e-17,
        1.4579999999999998e-17,
        1.316e-17
      ],
      [
        1.584e-15,
        1.384e-15,
        1.236e-15,
        1.025e-15,
        9.457e-16,
        8.783999999999999e-16,
        8.205e-16,
        7.7e-16,
        7.258e-16,
        4.655999999999999e-16,
        3.462e-16,
        2.318e-16,
        1.997e-16,
        1.757e-16,
        1.5699999999999999e-16,
        1.42e-16,
        1.297e-16,
        7.01e-17,
        4.8269999999999994e-17,
        2.982e-17,
        2.5049999999999998e-17,
        2.159e-17,
        1.898e-17,
        1.693e-17,
        1.5280000000000002e-17
      ],
      [
        1.61e-15,
        1.416e-15,
        1.272e-15,
        1.063e-15,
        9.841999999999999e-16,
        9.167e-16,
        8.583999999999999e-16,
        8.074999999999999e-16,
        7.625e-16,
        4.955e-16,
        3.7109999999999996e-16,
        2.5059999999999997e-16,
        2.165e-16,
        1.908e-16,
        1.7079999999999998e-16,
        1.548e-16,
        1.415e-16,
        7.714000000000001e-17,
        5.331e-17,
        3.304e-17,
        2.778e-17,
        2.3969999999999998e-17,
        2.107e-17,
        1.881e-17,
        1.6979999999999997e-17
      ],
      [
        1.6159999999999998e-15,
        1.4259999999999999e-15,
        1.2839999999999998e-15,
        1.078e-15,
        9.994e-16,
        9.323e-16,
        8.742e-16,
        8.233e-16,
        7.784e-16,
        5.098e-16,
        3.839e-16,
        2.611e-16,
        2.2609999999999997e-16,
        1.9979999999999999e-16,
        1.792e-16,
        1.6269999999999999e-16,
        1.49e-16,
        8.200999999999999e-17,
        5.694e-17,
        3.546e-17,
        2.985e-17,
        2.578e-17,
        2.268e-17,
        2.026e-17,
        1.83e-17
      ],
      [
        1.6419999999999999e-15,
        1.453e-15,
        1.3109999999999998e-15,
        1.1039999999999998e-15,
        1.025e-15,
        9.571e-16,
        8.984e-16,
        8.469e-16,
        8.014e-16,
        5.284e-16,
        3.9959999999999998e-16,
        2.7349999999999996e-16,
        2.375e-16,
        2.1029999999999999e-16,
        1.89e-16,
        1.7179999999999998e-16,
        1.5759999999999999e-16,
        8.751e-17,
        6.102999999999999e-17,
        3.818e-17,
        3.218e-17,
        2.7809999999999996e-17,
        2.4499999999999998e-17,
        2.189e-17,
        1.9779999999999998e-17
      ],
      [
        1.7049999999999999e-15,
        1.513e-15,
        1.368e-15,
        1.155e-15,
        1.0739999999999999e-15,
        1.004e-15,
        9.434000000000001e-16,
        8.902e-16,
        8.43e-16,
        5.59e-16,
        4.243e-16,
        2.92e-16,
        2.541e-16,
        2.2539999999999997e-16,
        2.0289999999999998e-16,
        1.8469999999999997e-16,
        1.6959999999999999e-16,
        9.498e-17,
        6.652e-17,
        4.179e-17,
        3.526e-17,
        3.0509999999999996e-17,
        2.6889999999999998e-17,
        2.4039999999999998e-17,
        2.1729999999999998e-17
      ],
      [
        1.7949999999999998e-15,
        1.597e-15,
        1.4459999999999998e-15,
        1.2239999999999998e-15,
        1.139e-15,
        1.065e-15,
        1.002e-15,
        9.457e-16,
        8.961e-16,
        5.967e-16,
        4.543999999999999e-16,
        3.1399999999999997e-16,
        2.737e-16,
        2.432e-16,
        2.192e-16,
        1.9979999999999999e-16,
        1.8369999999999998e-16,
        1.036e-16,
        7.281999999999999e-17,
        4.592e-17,
        3.88e-17,
        3.3589999999999995e-17,
        2.963e-17,
        2.65e-17,
        2.3969999999999998e-17
      ],
      [
        1.9289999999999996e-15,
        1.719e-15,
        1.5579999999999999e-15,
        1.321e-15,
        1.23e-15,
        1.151e-15,
        1.083e-15,
        1.023e-15,
        9.694e-16,
        6.475e-16,
        4.939999999999999e-16,
        3.425e-16,
        2.989e-16,
        2.659e-16,
        2.399e-16,
        2.1889999999999997e-16,
        2.0139999999999998e-16,
        1.1419999999999999e-16,
        8.051999999999999e-17,
        5.092e-17,
        4.306e-17,
        3.7309999999999996e-17,
        3.292e-17,
        2.946e-17,
        2.665e-17
      ],
      [
        2.109e-15,
        1.8829999999999996e-15,
        1.709e-15,
        1.451e-15,
        1.3509999999999999e-15,
        1.265e-15,
        1.1909999999999998e-15,
        1.125e-15,
        1.067e-15,
        7.143e-16,
        5.459000000000001e-16,
        3.793e-16,
        3.313e-16,
        2.95e-16,
        2.663e-16,
        2.431e-16,
        2.239e-16,
        1.2739999999999998e-16,
        9.001e-17,
        5.704e-17,
        4.826e-17,
        4.184e-17,
        3.693e-17,
        3.3049999999999996e-17,
        2.991e-17
      ],
      [
        2.339e-15,
        2.0919999999999997e-15,
        1.9019999999999997e-15,
        1.6179999999999999e-15,
        1.5079999999999999e-15,
        1.4129999999999999e-15,
        1.331e-15,
        1.258e-15,
        1.1929999999999999e-15,
        8.013e-16,
        6.134e-16,
        4.2719999999999997e-16,
        3.734e-16,
        3.326e-16,
        3.005e-16,
        2.7449999999999997e-16,
        2.529e-16,
        1.443e-16,
        1.021e-16,
        6.479e-17,
