{
  "e": [
    5000.0,
    10000.0,
    15000.0,
    20000.0,
    25000.0,
    30000.0,
    35000.0,
    40000.0,
    45000.0,
    50000.0,
    55000.0,
    60000.0,
    65000.0,
    70000.0,
    75000.0,
    80000.0,
    85000.0,
    90000.0,
    95000.0,
    100000.0,
    105000.0,
    110000.0,
    115000.0,
    120000.0,
    125000.0
  ],
  "eref": 65000.0,
  "n": [
    1e+18,
    2e+18,
    3e+18,
    5e+18,
    6e+18,
    7e+18,
    8e+18,
    9e+18,
    1e+19,
    2e+19,
    3e+19,
    5e+19,
    6e+19,
    7e+19,
    8e+19,
    9e+19,
    1e+20,
    2e+20,
    3e+20,
    5e+20,
    6e+20,
    7e+20,
    8e+20,
    9e+20,
    1e+21
  ],
  "nref": 6e+19,
  "sen": [
    [
      7.81e-14,
      7.865e-14,
      7.904e-14,
      7.961999999999999e-14,
      7.985e-14,
      8.006e-14,
      8.026e-14,
      8.042999999999999e-14,
      8.059999999999999e-14,
      8.184999999999999e-14,
      8.274e-14,
      8.408999999999999e-14,
      8.463999999999999e-14,
      8.515e-14,
      8.560999999999999e-14,
      8.605e-14,
      8.645999999999999e-14,
      8.956999999999999e-14,
      9.166999999999999e-14,
      9.434999999999998e-14,
      9.525999999999999e-14,
      9.601e-14,
      9.662e-14,
      9.713e-14,
      9.757000000000001e-14
    ],
    [
      1.0989999999999999e-13,
      1.105e-13,
      1.1089999999999999e-13,
      1.1159999999999999e-13,
      1.1179999999999999e-13,
      1.121e-13,
      1.123e-13,
      1.1249999999999999e-13,
      1.1269999999999999e-13,
      1.142e-13,
      1.153e-13,
      1.1689999999999999e-13,
      1.176e-13,
      1.182e-13,
      1.188e-13,
      1.1929999999999998e-13,
      1.198e-13,
      1.234e-13,
      1.2569999999999998e-13,
      1.2840000000000001e-13,
      1.293e-13,
      1.3e-13,
      1.306e-13,
      1.311e-13,
      1.315e-13
    ],
    [
      1.2700000000000001e-13,
      1.276e-13,
      1.2809999999999998e-13,
      1.288e-13,
      1.291e-13,
      1.293e-13,
      1.296e-13,
      1.298e-13,
      1.3e-13,
      1.316e-13,
      1.328e-13,
      1.346e-13,
      1.353e-13,
      1.36e-13,
      1.366e-13,
      1.372e-13,
      1.3769999999999998e-13,
      1.416e-13,
      1.44e-13,
      1.4689999999999998e-13,
      1.478e-13,
      1.485e-13,
      1.491e-13,
      1.496e-13,
      1.5e-13
    ],
    [
      1.353e-13,
      1.36e-13,
      1.366e-13,
      1.3729999999999998e-13,
      1.376e-13,
      1.379e-13,
      1.382e-13,
      1.384e-13,
      1.3869999999999998e-13,
      1.4049999999999998e-13,
      1.417e-13,
      1.4369999999999998e-13,
      1.445e-13,
      1.453e-13,
      1.459e-13,
      1.466e-13,
      1.4709999999999997e-13,
      1.514e-13,
      1.54e-13,
      1.572e-13,
      1.582e-13,
      1.59e-13,
      1.597e-13,
      1.602e-13,
      1.6069999999999999e-13
    ],
    [
      1.394e-13,
      1.4009999999999998e-13,
      1.407e-13,
      1.416e-13,
      1.4189999999999998e-13,
      1.4229999999999998e-13,
      1.425e-13,
      1.428e-13,
      1.431e-13,
      1.45e-13,
      1.4649999999999998e-13,
      1.4869999999999999e-13,
      1.496e-13,
      1.504e-13,
      1.512e-13,
      1.519e-13,
      1.5249999999999998e-13,
      1.573e-13,
      1.6029999999999998e-13,
      1.638e-13,
      1.65e-13,
      1.6589999999999998e-13,
      1.666e-13,
      1.6719999999999998e-13,
      1.678e-13
    ],
    [
      1.413e-13,
      1.422e-13,
      1.428e-13,
      1.438e-13,
      1.442e-13,
      1.446e-13,
      1.449e-13,
      1.452e-13,
      1.4549999999999999e-13,
      1.477e-13,
      1.4929999999999998e-13,
      1.5169999999999997e-13,
      1.528e-13,
      1.537e-13,
      1.5449999999999997e-13,
      1.5529999999999998e-13,
      1.5609999999999999e-13,
      1.614e-13,
      1.648e-13,
      1.688e-13,
      1.7009999999999998e-13,
      1.712e-13,
      1.72e-13,
      1.7269999999999999e-13,
      1.7329999999999998e-13
    ],
    [
      1.416e-13,
      1.425e-13,
      1.432e-13,
      1.4429999999999998e-13,
      1.4469999999999998e-13,
      1.4509999999999998e-13,
      1.4549999999999999e-13,
      1.459e-13,
      1.462e-13,
      1.486e-13,
      1.504e-13,
      1.5309999999999997e-13,
      1.5429999999999998e-13,
      1.5529999999999998e-13,
      1.5629999999999998e-13,
      1.5709999999999998e-13,
      1.58e-13,
      1.64e-13,
      1.6769999999999998e-13,
      1.722e-13,
      1.7369999999999998e-13,
      1.748e-13,
      1.758e-13,
      1.7649999999999998e-13,
      1.772e-13
    ],
    [
      1.406e-13,
      1.416e-13,
      1.424e-13,
      1.436e-13,
      1.4409999999999999e-13,
      1.445e-13,
      1.449e-13,
      1.453e-13,
      1.4569999999999997e-13,
      1.484e-13,
      1.5029999999999998e-13,
      1.534e-13,
      1.546e-13,
      1.5569999999999998e-13,
      1.568e-13,
      1.578e-13,
      1.587e-13,
      1.6529999999999999e-13,
      1.694e-13,
      1.744e-13,
      1.7599999999999998e-13,
      1.7729999999999999e-13,
      1.7829999999999998e-13,
      1.791e-13,
      1.798e-13
    ],
    [
      1.388e-13,
      1.399e-13,
      1.407e-13,
      1.42e-13,
      1.425e-13,
      1.43e-13,
      1.435e-13,
      1.439e-13,
      1.442e-13,
      1.472e-13,
      1.494e-13,
      1.527e-13,
      1.54e-13,
      1.5529999999999998e-13,
      1.564e-13,
      1.5749999999999999e-13,
      1.5849999999999998e-13,
      1.657e-13,
      1.702e-13,
      1.756e-13,
      1.7729999999999999e-13,
      1.7869999999999999e-13,
      1.798e-13,
      1.8069999999999998e-13,
      1.8149999999999998e-13
    ],
    [
      1.365e-13,
      1.3769999999999998e-13,
      1.386e-13,
      1.399e-13,
      1.4049999999999998e-13,
      1.41e-13,
      1.4149999999999998e-13,
      1.42e-13,
      1.424e-13,
      1.456e-13,
      1.4789999999999998e-13,
      1.5149999999999999e-13,
      1.5289999999999998e-13,
      1.5429999999999998e-13,
      1.555e-13,
      1.5669999999999998e-13,
      1.5769999999999997e-13,
      1.6549999999999998e-13,
      1.7039999999999999e-13,
      1.762e-13,
      1.781e-13,
      1.795e-13,
      1.8069999999999998e-13,
      1.8169999999999997e-13,
      1.8249999999999998e-13
    ],
    [
      1.34e-13,
      1.353e-13,
      1.362e-13,
      1.3769999999999998e-13,
      1.3829999999999998e-13,
      1.389e-13,
      1.394e-13,
      1.398e-13,
      1.403e-13,
      1.4369999999999998e-13,
      1.462e-13,
      1.5e-13,
      1.516e-13,
      1.5309999999999997e-13,
      1.544e-13,
      1.556e-13,
      1.5669999999999998e-13,
      1.6509999999999997e-13,
      1.703e-13,
      1.7639999999999999e-13,
      1.784e-13,
      1.8e-13,
      1.8129999999999997e-13,
      1.823e-13,
      1.832e-13
    ],
    [
      1.316e-13,
      1.3300000000000001e-13,
      1.34e-13,
      1.3549999999999998e-13,
      1.362e-13,
      1.367e-13,
      1.3729999999999998e-13,
      1.378e-13,
      1.3829999999999998e-13,
      1.4189999999999998e-13,
      1.445e-13,
      1.486e-13,
      1.5029999999999998e-13,
      1.518e-13,
      1.532e-13,
      1.5449999999999997e-13,
      1.5569999999999998e-13,
      1.6449999999999998e-13,
      1.6999999999999998e-13,
      1.7649999999999998e-13,
      1.786e-13,
      1.8029999999999997e-13,
      1.816e-13,
      1.8269999999999997e-13,
      1.837e-13
    ],
    [
      1.294e-13,
      1.308e-13,
      1.318e-13,
      1.334e-13,
      1.3409999999999998e-13,
      1.347e-13,
      1.353e-13,
      1.358e-13,
      1.3629999999999998e-13,
      1.4009999999999998e-13,
      1.4289999999999998e-13,
      1.472e-13,
      1.4889999999999998e-13,
      1.505e-13,
      1.52e-13,
      1.534e-13,
      1.546e-13,
      1.639e-13,
      1.696e-13,
      1.7639999999999999e-13,
      1.786e-13,
      1.8029999999999997e-13,
      1.8169999999999997e-13,
      1.8289999999999998e-13,
      1.8389999999999998e-13
    ],
    [
      1.272e-13,
      1.286e-13,
      1.297e-13,
      1.314e-13,
