{
  "3 -> 2": {
    "e": [
      5000.0,
      10000.0,
      15000.0,
      20000.0,
      25000.0,
      30000.0,
      35000.0,
      40000.0,
      45000.0,
      50000.0,
      55000.0,
      60000.0,
      65000.0,
      70000.0,
      75000.0,
      80000.0,
      85000.0,
      90000.0,
      95000.0,
      100000.0,
      105000.0,
      110000.0,
      115000.0,
      120000.0,
      125000.0
    ],
    "eref": 65000.0,
    "n": [
      1e+18,
      2e+18,
      3e+18,
      5e+18,
      6e+18,
      7e+18,
      8e+18,
      9e+18,
      1e+19,
      2e+19,
      3e+19,
      5e+19,
      6e+19,
      7e+19,
      8e+19,
      9e+19,
      1e+20,
      2e+20,
      3e+20,
      5e+20,
      6e+20,
      7e+20,
      8e+20,
      9e+20,
      1e+21
    ],
    "nref": 6e+19,
    "sen": [
      [
        1.706e-15,
        1.588e-15,
        1.4949999999999998e-15,
        1.348e-15,
        1.287e-15,
        1.233e-15,
        1.1829999999999999e-15,
        1.138e-15,
        1.097e-15,
        8.134e-16,
        6.549e-16,
        4.809999999999999e-16,
        4.2779999999999997e-16,
        3.8659999999999996e-16,
        3.5359999999999997e-16,
        3.2659999999999997e-16,
        3.0399999999999996e-16,
        1.8729999999999998e-16,
        1.395e-16,
        9.457999999999999e-17,
        8.187e-17,
        7.227e-17,
        6.474999999999999e-17,
        5.869e-17,
        5.368e-17
      ],
      [
        1.835e-15,
        1.708e-15,
        1.6069999999999999e-15,
        1.4459999999999998e-15,
        1.38e-15,
        1.321e-15,
        1.267e-15,
        1.2179999999999999e-15,
        1.173e-15,
        8.677e-16,
        6.982e-16,
        5.133e-16,
        4.567e-16,
        4.1279999999999997e-16,
        3.777e-16,
        3.489e-16,
        3.247e-16,
        1.99e-16,
        1.471e-16,
        9.840999999999999e-17,
        8.472e-17,
        7.445999999999999e-17,
        6.645999999999999e-17,
        6.003e-17,
        5.4749999999999996e-17
      ],
      [
        1.9789999999999996e-15,
        1.844e-15,
        1.736e-15,
        1.565e-15,
        1.494e-15,
        1.43e-15,
        1.3729999999999998e-15,
        1.32e-15,
        1.272e-15,
        9.45e-16,
        7.633e-16,
        5.645999999999999e-16,
        5.037e-16,
        4.563e-16,
        4.1829999999999996e-16,
        3.8709999999999997e-16,
        3.6079999999999997e-16,
        2.231e-16,
        1.6549999999999998e-16,
        1.11e-16,
        9.562e-17,
        8.406e-17,
        7.503e-17,
        6.777999999999999e-17,
        6.182999999999999e-17
      ],
      [
        2.169e-15,
        2.021e-15,
        1.903e-15,
        1.7149999999999999e-15,
        1.637e-15,
        1.5679999999999998e-15,
        1.504e-15,
        1.447e-15,
        1.395e-15,
        1.039e-15,
        8.42e-16,
        6.269999999999999e-16,
        5.609e-16,
        5.095999999999999e-16,
        4.683e-16,
        4.342e-16,
        4.0559999999999997e-16,
        2.542e-16,
        1.898e-16,
        1.282e-16,
        1.1069999999999999e-16,
        9.743e-17,
        8.707e-17,
        7.872999999999999e-17,
        7.187e-17
      ],
      [
        2.407e-15,
        2.2419999999999997e-15,
        2.11e-15,
        1.901e-15,
        1.815e-15,
        1.7379999999999998e-15,
        1.6679999999999999e-15,
        1.604e-15,
        1.5459999999999999e-15,
        1.1539999999999998e-15,
        9.382999999999999e-16,
        7.030999999999999e-16,
        6.309e-16,
        5.745999999999999e-16,
        5.293e-16,
        4.919e-16,
        4.603999999999999e-16,
        2.923e-16,
        2.198e-16,
        1.495e-16,
        1.293e-16,
        1.1399999999999998e-16,
        1.0199999999999999e-16,
        9.233e-17,
        8.434999999999999e-17
      ],
      [
        2.683e-15,
        2.499e-15,
        2.352e-15,
        2.1179999999999997e-15,
        2.0219999999999997e-15,
        1.935e-15,
        1.857e-15,
        1.7869999999999997e-15,
        1.722e-15,
        1.288e-15,
        1.0500000000000001e-15,
        7.911e-16,
        7.116e-16,
        6.495999999999999e-16,
        5.995999999999999e-16,
        5.583e-16,
        5.234e-16,
        3.359e-16,
        2.54e-16,
        1.737e-16,
        1.504e-16,
        1.3279999999999998e-16,
        1.189e-16,
        1.0769999999999999e-16,
        9.848e-17
      ],
      [
        2.9939999999999997e-15,
        2.79e-15,
        2.625e-15,
        2.364e-15,
        2.256e-15,
        2.16e-15,
        2.073e-15,
        1.9939999999999997e-15,
        1.922e-15,
        1.44e-15,
        1.177e-15,
        8.902999999999999e-16,
        8.022999999999999e-16,
        7.336e-16,
        6.782e-16,
        6.322999999999999e-16,
        5.935e-16,
        3.839e-16,
        2.913e-16,
        2e-16,
        1.734e-16,
        1.5319999999999998e-16,
        1.373e-16,
        1.244e-16,
        1.137e-16
      ],
      [
        3.328e-15,
        3.1019999999999995e-15,
        2.9199999999999997e-15,
        2.6299999999999997e-15,
        2.5099999999999998e-15,
        2.4029999999999998e-15,
        2.306e-15,
        2.219e-15,
        2.1390000000000002e-15,
        1.6049999999999999e-15,
        1.3139999999999999e-15,
        9.972e-16,
        8.998e-16,
        8.237e-16,
        7.623e-16,
        7.114e-16,
        6.682999999999999e-16,
        4.3449999999999996e-16,
        3.3059999999999994e-16,
        2.274e-16,
        1.973e-16,
        1.7439999999999998e-16,
        1.563e-16,
        1.4170000000000001e-16,
        1.296e-16
      ],
      [
        3.662e-15,
        3.416e-15,
        3.2169999999999996e-15,
        2.898e-15,
        2.766e-15,
        2.649e-15,
        2.5429999999999997e-15,
        2.446e-15,
        2.359e-15,
        1.772e-15,
        1.453e-15,
        1.1059999999999998e-15,
        9.986e-16,
        9.15e-16,
        8.473999999999999e-16,
        7.913999999999999e-16,
        7.438999999999999e-16,
        4.854e-16,
        3.6989999999999996e-16,
        2.5479999999999997e-16,
        2.2119999999999998e-16,
        1.956e-16,
        1.753e-16,
        1.5889999999999998e-16,
        1.454e-16
      ],
      [
        3.982e-15,
        3.7169999999999995e-15,
        3.5009999999999995e-15,
        3.1559999999999996e-15,
        3.013e-15,
        2.8849999999999997e-15,
        2.77e-15,
        2.666e-15,
        2.5709999999999998e-15,
        1.935e-15,
        1.588e-15,
        1.212e-15,
        1.095e-15,
        1.004e-15,
        9.309e-16,
        8.698e-16,
        8.179999999999999e-16,
        5.354e-16,
        4.085e-16,
        2.817e-16,
        2.446e-16,
        2.1629999999999998e-16,
        1.9389999999999998e-16,
        1.758e-16,
        1.609e-16
      ],
      [
        4.280999999999999e-15,
        4e-15,
        3.7689999999999995e-15,
        3.3999999999999996e-15,
        3.247e-15,
        3.1099999999999997e-15,
        2.987e-15,
        2.875e-15,
        2.773e-15,
        2.091e-15,
        1.719e-15,
        1.3139999999999999e-15,
        1.1889999999999998e-15,
        1.091e-15,
        1.0119999999999999e-15,
        9.458e-16,
        8.899e-16,
        5.837999999999999e-16,
        4.459e-16,
        3.0769999999999995e-16,
        2.672e-16,
        2.363e-16,
        2.119e-16,
        1.9209999999999998e-16,
        1.758e-16
      ],
      [
        4.558999999999999e-15,
        4.262e-15,
        4.019e-15,
        3.628e-15,
        3.4659999999999995e-15,
        3.3209999999999997e-15,
        3.1909999999999996e-15,
        3.072e-15,
        2.964e-15,
        2.239e-15,
        1.8429999999999998e-15,
        1.412e-15,
        1.2779999999999999e-15,
        1.174e-15,
        1.089e-15,
        1.018e-15,
        9.585999999999998e-16,
        6.3e-16,
        4.814e-16,
        3.324e-16,
        2.887e-16,
        2.553e-16,
