{
  "3 -> 2": {
    "e": [
      5000.0,
      10000.0,
      15000.0,
      20000.0,
      25000.0,
      30000.0,
      35000.0,
      40000.0,
      45000.0,
      50000.0,
      55000.0,
      60000.0,
      65000.0,
      70000.0,
      75000.0,
      80000.0,
      85000.0,
      90000.0,
      95000.0,
      100000.0,
      105000.0,
      110000.0,
      115000.0,
      120000.0,
      125000.0
    ],
    "eref": 65000.0,
    "n": [
      1e+18,
      2e+18,
      3e+18,
      5e+18,
      6e+18,
      7e+18,
      8e+18,
      9e+18,
      1e+19,
      2e+19,
      3e+19,
      5e+19,
      6e+19,
      7e+19,
      8e+19,
      9e+19,
      1e+20,
      2e+20,
      3e+20,
      5e+20,
      6e+20,
      7e+20,
      8e+20,
      9e+20,
      1e+21
    ],
    "nref": 6e+19,
    "sen": [
      [
        1.469e-15,
        1.3009999999999998e-15,
        1.176e-15,
        9.92e-16,
        9.216e-16,
        8.610999999999999e-16,
        8.084e-16,
        7.621999999999999e-16,
        7.212e-16,
        4.742e-16,
        3.577e-16,
        2.445e-16,
        2.126e-16,
        1.886e-16,
        1.7e-16,
        1.55e-16,
        1.427e-16,
        8.233e-17,
        5.927e-17,
        3.868e-17,
        3.3079999999999993e-17,
        2.892e-17,
        2.571e-17,
        2.316e-17,
        2.107e-17
      ],
      [
        1.484e-15,
        1.2889999999999998e-15,
        1.1470000000000001e-15,
        9.451e-16,
        8.701999999999999e-16,
        8.068e-16,
        7.524e-16,
        7.052e-16,
        6.638e-16,
        4.2319999999999995e-16,
        3.142e-16,
        2.1089999999999999e-16,
        1.821e-16,
        1.6059999999999999e-16,
        1.4389999999999998e-16,
        1.3049999999999998e-16,
        1.195e-16,
        6.612e-17,
        4.6209999999999997e-17,
        2.904e-17,
        2.452e-17,
        2.1219999999999996e-17,
        1.871e-17,
        1.673e-17,
        1.5139999999999998e-17
      ],
      [
        1.574e-15,
        1.385e-15,
        1.245e-15,
        1.041e-15,
        9.639999999999999e-16,
        8.981999999999999e-16,
        8.411999999999999e-16,
        7.913999999999999e-16,
        7.474e-16,
        4.858e-16,
        3.638e-16,
        2.458e-16,
        2.1249999999999998e-16,
        1.875e-16,
        1.6799999999999997e-16,
        1.523e-16,
        1.394e-16,
        7.649999999999999e-17,
        5.31e-17,
        3.309e-17,
        2.787e-17,
        2.407e-17,
        2.119e-17,
        1.892e-17,
        1.7089999999999998e-17
      ],
      [
        1.676e-15,
        1.4909999999999998e-15,
        1.3509999999999999e-15,
        1.1439999999999999e-15,
        1.065e-15,
        9.959e-16,
        9.360999999999998e-16,
        8.835e-16,
        8.368e-16,
        5.535e-16,
        4.1819999999999997e-16,
        2.851e-16,
        2.4699999999999997e-16,
        2.183e-16,
        1.959e-16,
        1.778e-16,
        1.629e-16,
        8.974e-17,
        6.236e-17,
        3.8879999999999996e-17,
        3.274e-17,
        2.828e-17,
        2.49e-17,
        2.223e-17,
        2.0089999999999997e-17
      ],
      [
        1.782e-15,
        1.594e-15,
        1.4499999999999999e-15,
        1.236e-15,
        1.153e-15,
        1.081e-15,
        1.018e-15,
        9.623e-16,
        9.128e-16,
        6.099e-16,
        4.634e-16,
        3.181e-16,
        2.763e-16,
        2.4469999999999996e-16,
        2.199e-16,
        1.999e-16,
        1.834e-16,
        1.018e-16,
        7.102999999999999e-17,
        4.446e-17,
        3.748e-17,
        3.24e-17,
        2.854e-17,
        2.5499999999999998e-17,
        2.305e-17
      ],
      [
        1.903e-15,
        1.707e-15,
        1.5559999999999998e-15,
        1.33e-15,
        1.2409999999999999e-15,
        1.165e-15,
        1.0979999999999999e-15,
        1.039e-15,
        9.862e-16,
        6.622999999999999e-16,
        5.049e-16,
        3.4829999999999996e-16,
        3.031e-16,
        2.689e-16,
        2.42e-16,
        2.203e-16,
        2.024e-16,
        1.1329999999999999e-16,
        7.935e-17,
        4.987e-17,
        4.21e-17,
        3.6429999999999995e-17,
        3.211e-17,
        2.8709999999999996e-17,
        2.5959999999999997e-17
      ],
      [
        2.065e-15,
        1.8559999999999998e-15,
        1.695e-15,
        1.451e-15,
        1.356e-15,
        1.273e-15,
        1.201e-15,
        1.137e-15,
        1.079e-15,
        7.275e-16,
        5.560999999999999e-16,
        3.851e-16,
        3.3569999999999996e-16,
        2.983e-16,
        2.688e-16,
        2.45e-16,
        2.253e-16,
        1.271e-16,
        8.936e-17,
        5.641e-17,
        4.767e-17,
        4.129e-17,
        3.642e-17,
        3.258e-17,
        2.9479999999999994e-17
      ],
      [
        2.314e-15,
        2.085e-15,
        1.906e-15,
        1.634e-15,
        1.528e-15,
        1.4349999999999998e-15,
        1.3540000000000001e-15,
        1.282e-15,
        1.2179999999999999e-15,
        8.230999999999999e-16,
        6.302999999999999e-16,
        4.376e-16,
        3.8189999999999995e-16,
        3.396e-16,
        3.0639999999999996e-16,
        2.7939999999999996e-16,
        2.5710000000000003e-16,
        1.458e-16,
        1.0289999999999999e-16,
        6.514e-17,
        5.511e-17,
        4.777e-17,
        4.216e-17,
        3.774e-17,
        3.415e-17
      ],
      [
        2.599e-15,
        2.345e-15,
        2.145e-15,
        1.842e-15,
        1.722e-15,
        1.6179999999999999e-15,
        1.527e-15,
        1.447e-15,
        1.3749999999999999e-15,
        9.301999999999998e-16,
        7.131e-16,
        4.960999999999999e-16,
        4.334e-16,
        3.857e-16,
        3.4819999999999997e-16,
        3.179e-16,
        2.9269999999999995e-16,
        1.668e-16,
        1.18e-16,
        7.494e-17,
        6.345e-17,
        5.5039999999999997e-17,
        4.8609999999999996e-17,
        4.352e-17,
        3.941e-17
      ],
      [
        2.89e-15,
        2.61e-15,
        2.3879999999999998e-15,
        2.051e-15,
        1.918e-15,
        1.803e-15,
        1.701e-15,
        1.612e-15,
        1.532e-15,
        1.037e-15,
        7.96e-16,
        5.548e-16,
        4.85e-16,
        4.3199999999999997e-16,
        3.9029999999999995e-16,
        3.5649999999999998e-16,
        3.2849999999999996e-16,
        1.8789999999999998e-16,
        1.3319999999999998e-16,
        8.486e-17,
        7.191e-17,
        6.240999999999999e-17,
        5.514e-17,
        4.9389999999999994e-17,
        4.4739999999999995e-17
      ],
      [
        3.196e-15,
        2.888e-15,
        2.643e-15,
        2.271e-15,
        2.1240000000000002e-15,
        1.997e-15,
        1.885e-15,
        1.785e-15,
        1.697e-15,
        1.15e-15,
        8.833e-16,
        6.166e-16,
        5.393e-16,
        4.807e-16,
        4.3449999999999996e-16,
        3.971e-16,
        3.66e-16,
        2.0999999999999999e-16,
        1.4920000000000001e-16,
        9.517e-17,
        8.068999999999999e-17,
        7.006e-17,
        6.192e-17,
        5.548e-17,
        5.026e-17
      ],
      [
        3.498e-15,
        3.1639999999999997e-15,
        2.899e-15,
        2.492e-15,
        2.3319999999999996e-15,
        2.193e-15,
        2.07e-15,
        1.962e-15,
        1.865e-15,
        1.2659999999999999e-15,
        9.737e-16,
        6.809e-16,
        5.96e-16,
        5.315e-16,
        4.807e-16,
        4.3949999999999994e-16,
        4.0529999999999995e-16,
        2.3319999999999997e-16,
        1.659e-16,
        1.06e-16,
        8.988999999999999e-17,
        7.806999999999999e-17,
        6.902e-17,
        6.185e-17,
        5.604e-17
      ],
      [
        3.772e-15,
        3.4149999999999997e-15,
        3.13e-15,
        2.695e-15,
        2.5229999999999998e-15,
        2.3729999999999997e-15,
        2.241e-15,
