{
  "e": [
    5000.0,
    10000.0,
    15000.0,
    20000.0,
    25000.0,
    30000.0,
    35000.0,
    40000.0,
    45000.0,
    50000.0,
    55000.0,
    60000.0,
    65000.0,
    70000.0,
    75000.0,
    80000.0,
    85000.0,
    90000.0,
    95000.0,
    100000.0,
    105000.0,
    110000.0,
    115000.0,
    120000.0,
    125000.0
  ],
  "eref": 65000.0,
  "n": [
    1e+18,
    2e+18,
    3e+18,
    5e+18,
    6e+18,
    7e+18,
    8e+18,
    9e+18,
    1e+19,
    2e+19,
    3e+19,
    5e+19,
    6e+19,
    7e+19,
    8e+19,
    9e+19,
    1e+20,
    2e+20,
    3e+20,
    5e+20,
    6e+20,
    7e+20,
    8e+20,
    9e+20,
    1e+21
  ],
  "nref": 6e+19,
  "sen": [
    [
      1.8369999999999997e-11,
      2.337e-11,
      2.5939999999999997e-11,
      2.8769999999999998e-11,
      2.967e-11,
      3.039e-11,
      3.099e-11,
      3.15e-11,
      3.194e-11,
      3.455e-11,
      3.592e-11,
      3.766e-11,
      3.83e-11,
      3.887e-11,
      3.938e-11,
      3.9839999999999995e-11,
      4.026e-11,
      4.328e-11,
      4.5130000000000003e-11,
      4.7339999999999995e-11,
      4.805e-11,
      4.8609999999999994e-11,
      4.907e-11,
      4.944e-11,
      4.976e-11
    ],
    [
      2.0919999999999997e-11,
      2.7419999999999997e-11,
      3.0849999999999996e-11,
      3.4629999999999994e-11,
      3.583e-11,
      3.6779999999999995e-11,
      3.756e-11,
      3.8220000000000005e-11,
      3.8789999999999996e-11,
      4.203e-11,
      4.364999999999999e-11,
      4.557e-11,
      4.6239999999999994e-11,
      4.6799999999999996e-11,
      4.728e-11,
      4.77e-11,
      4.808e-11,
      5.038e-11,
      5.153e-11,
      5.2689999999999995e-11,
      5.303e-11,
      5.3279999999999996e-11,
      5.348e-11,
      5.364e-11,
      5.377e-11
    ],
    [
      2.301e-11,
      3.093e-11,
      3.531e-11,
      4.0339999999999993e-11,
      4.199e-11,
      4.331e-11,
      4.4419999999999994e-11,
      4.535e-11,
      4.616e-11,
      5.0869999999999995e-11,
      5.322e-11,
      5.589e-11,
      5.6779999999999997e-11,
      5.7510000000000004e-11,
      5.813e-11,
      5.865e-11,
      5.911e-11,
      6.174e-11,
      6.294e-11,
      6.409000000000001e-11,
      6.441e-11,
      6.464e-11,
      6.483e-11,
      6.497e-11,
      6.509e-11
    ],
    [
      2.4e-11,
      3.268e-11,
      3.764e-11,
      4.3519999999999996e-11,
      4.55e-11,
      4.712e-11,
      4.848e-11,
      4.965e-11,
      5.0659999999999996e-11,
      5.673e-11,
      5.981999999999999e-11,
      6.334e-11,
      6.45e-11,
      6.545e-11,
      6.624e-11,
      6.692e-11,
      6.75e-11,
      7.082e-11,
      7.23e-11,
      7.368999999999999e-11,
      7.407999999999999e-11,
      7.436e-11,
      7.457999999999999e-11,
      7.476e-11,
      7.490000000000001e-11
    ],
    [
      2.4689999999999998e-11,
      3.3939999999999995e-11,
      3.936e-11,
      4.5949999999999994e-11,
      4.821e-11,
      5.0079999999999997e-11,
      5.165999999999999e-11,
      5.303e-11,
      5.4229999999999997e-11,
      6.152999999999999e-11,
      6.535e-11,
      6.977e-11,
      7.126000000000001e-11,
      7.247e-11,
      7.347999999999999e-11,
      7.435000000000001e-11,
      7.509999999999999e-11,
      7.942e-11,
      8.135999999999999e-11,
      8.320999999999999e-11,
      8.372e-11,
      8.41e-11,
      8.438999999999999e-11,
      8.462e-11,
      8.480999999999999e-11
    ],
    [
      2.5109999999999998e-11,
      3.477e-11,
      4.052e-11,
      4.766e-11,
      5.0139999999999994e-11,
      5.22e-11,
      5.3959999999999994e-11,
      5.5489999999999994e-11,
      5.6839999999999994e-11,
      6.517999999999999e-11,
      6.965e-11,
      7.495e-11,
      7.674999999999999e-11,
      7.823999999999999e-11,
      7.949e-11,
      8.056999999999999e-11,
      8.151e-11,
      8.700999999999999e-11,
      8.954e-11,
      9.197e-11,
      9.265e-11,
      9.315999999999999e-11,
      9.354999999999999e-11,
      9.386e-11,
      9.411e-11
    ],
    [
      2.572e-11,
      3.592e-11,
      4.211e-11,
      4.99e-11,
      5.2649999999999994e-11,
      5.4949999999999995e-11,
      5.6919999999999996e-11,
      5.864e-11,
      6.016e-11,
      6.971e-11,
      7.493999999999999e-11,
      8.124e-11,
      8.341e-11,
      8.521999999999999e-11,
      8.675999999999999e-11,
      8.809e-11,
      8.925e-11,
      9.615e-11,
      9.938999999999999e-11,
      1.025e-10,
      1.034e-10,
      1.041e-10,
      1.0459999999999999e-10,
      1.05e-10,
      1.0529999999999999e-10
    ],
    [
      2.655e-11,
      3.741e-11,
      4.4110000000000003e-11,
      5.2699999999999996e-11,
      5.577e-11,
      5.835999999999999e-11,
      6.058e-11,
      6.253e-11,
      6.425999999999999e-11,
      7.524e-11,
      8.135999999999999e-11,
      8.885e-11,
      9.147e-11,
      9.365999999999999e-11,
      9.552999999999999e-11,
      9.715999999999999e-11,
      9.858999999999999e-11,
      1.072e-10,
      1.1129999999999999e-10,
      1.1529999999999999e-10,
      1.1649999999999999e-10,
      1.173e-10,
      1.1799999999999998e-10,
      1.1849999999999998e-10,
      1.189e-10
    ],
    [
      2.739e-11,
      3.885e-11,
      4.605e-11,
      5.542e-11,
      5.879999999999999e-11,
      6.166999999999999e-11,
      6.414e-11,
      6.632e-11,
      6.825999999999999e-11,
      8.069999999999999e-11,
      8.773e-11,
      9.645e-11,
      9.954e-11,
      1.021e-10,
      1.044e-10,
      1.0629999999999998e-10,
      1.0799999999999999e-10,
      1.184e-10,
      1.235e-10,
      1.285e-10,
      1.299e-10,
      1.31e-10,
      1.318e-10,
      1.3249999999999998e-10,
      1.331e-10
    ],
    [
      2.8379999999999997e-11,
      4.048e-11,
      4.82e-11,
      5.839e-11,
      6.211999999999999e-11,
      6.527999999999999e-11,
      6.803e-11,
      7.045e-11,
      7.262e-11,
      8.663e-11,
      9.464999999999999e-11,
      1.047e-10,
      1.083e-10,
      1.1129999999999999e-10,
      1.139e-10,
      1.162e-10,
      1.182e-10,
      1.305e-10,
      1.366e-10,
      1.4269999999999998e-10,
      1.4440000000000001e-10,
      1.4579999999999998e-10,
      1.4679999999999997e-10,
      1.476e-10,
      1.483e-10
    ],
    [
      2.966e-11,
      4.257e-11,
      5.0939999999999994e-11,
      6.216e-11,
      6.629999999999999e-11,
      6.983999999999999e-11,
      7.291999999999999e-11,
      7.564999999999999e-11,
      7.807999999999999e-11,
      9.401e-11,
      1.032e-10,
      1.148e-10,
      1.189e-10,
      1.225e-10,
      1.2549999999999998e-10,
      1.2819999999999998e-10,
      1.305e-10,
      1.451e-10,
      1.5229999999999998e-10,
      1.595e-10,
      1.616e-10,
      1.632e-10,
      1.644e-10,
      1.654e-10,
      1.662e-10
    ],
    [
      3.1289999999999996e-11,
      4.5229999999999995e-11,
      5.443e-11,
      6.695e-11,
      7.163e-11,
      7.564e-11,
      7.914999999999999e-11,
      8.226e-11,
      8.504999999999999e-11,
      1.034e-10,
      1.1409999999999999e-10,
      1.276e-10,
      1.3239999999999998e-10,
      1.366e-10,
      1.4009999999999999e-10,
      1.432e-10,
      1.4599999999999999e-10,
      1.632e-10,
      1.7169999999999999e-10,
      1.803e-10,
      1.8279999999999998e-10,
      1.847e-10,
      1.8609999999999998e-10,
      1.873e-10,
      1.8829999999999999e-10
    ],
    [
      3.323e-11,
      4.8399999999999996e-11,
      5.859e-11,
      7.268e-11,
      7.799e-11,
      8.257e-11,
      8.659e-11,
      9.016e-11,
      9.337e-11,
      1.1459999999999998e-10,
      1.27e-10,
      1.428e-10,
      1.485e-10,
      1.533e-10,
      1.575e-10,
      1.6119999999999997e-10,
      1.644e-10,
      1.847e-10,
      1.9469999999999998e-10,
      2.0489999999999999e-10,
      2.079e-10,
      2.101e-10,
      2.1179999999999998e-10,
      2.132e-10,
      2.144e-10
    ],
    [
      3.5219999999999996e-11,
      5.165999999999999e-11,
