{
  "e": [
    5000.0,
    10000.0,
    15000.0,
    20000.0,
    25000.0,
    30000.0,
    35000.0,
    40000.0,
    45000.0,
    50000.0,
    55000.0,
    60000.0,
    65000.0,
    70000.0,
    75000.0,
    80000.0,
    85000.0,
    90000.0,
    95000.0,
    100000.0,
    105000.0,
    110000.0,
    115000.0,
    120000.0,
    125000.0
  ],
  "eref": 65000.0,
  "n": [
    1e+18,
    2e+18,
    3e+18,
    5e+18,
    6e+18,
    7e+18,
    8e+18,
    9e+18,
    1e+19,
    2e+19,
    3e+19,
    5e+19,
    6e+19,
    7e+19,
    8e+19,
    9e+19,
    1e+20,
    2e+20,
    3e+20,
    5e+20,
    6e+20,
    7e+20,
    8e+20,
    9e+20,
    1e+21
  ],
  "nref": 6e+19,
  "sen": [
    [
      9.496e-14,
      9.558e-14,
      9.6e-14,
      9.662e-14,
      9.687000000000001e-14,
      9.708e-14,
      9.727999999999999e-14,
      9.746e-14,
      9.763e-14,
      9.884e-14,
      9.969e-14,
      1.01e-13,
      1.015e-13,
      1.02e-13,
      1.024e-13,
      1.029e-13,
      1.033e-13,
      1.063e-13,
      1.082e-13,
      1.107e-13,
      1.1149999999999999e-13,
      1.1219999999999999e-13,
      1.1269999999999999e-13,
      1.1309999999999999e-13,
      1.135e-13
    ],
    [
      1.247e-13,
      1.254e-13,
      1.259e-13,
      1.2669999999999998e-13,
      1.2700000000000001e-13,
      1.273e-13,
      1.2749999999999999e-13,
      1.277e-13,
      1.28e-13,
      1.296e-13,
      1.308e-13,
      1.326e-13,
      1.333e-13,
      1.339e-13,
      1.3449999999999998e-13,
      1.351e-13,
      1.356e-13,
      1.3909999999999998e-13,
      1.41e-13,
      1.432e-13,
      1.438e-13,
      1.4429999999999998e-13,
      1.448e-13,
      1.4509999999999998e-13,
      1.453e-13
    ],
    [
      1.39e-13,
      1.3969999999999998e-13,
      1.403e-13,
      1.411e-13,
      1.414e-13,
      1.417e-13,
      1.42e-13,
      1.4229999999999998e-13,
      1.425e-13,
      1.444e-13,
      1.458e-13,
      1.478e-13,
      1.4869999999999999e-13,
      1.494e-13,
      1.5009999999999999e-13,
      1.5069999999999998e-13,
      1.512e-13,
      1.548e-13,
      1.5669999999999998e-13,
      1.587e-13,
      1.593e-13,
      1.5979999999999999e-13,
      1.601e-13,
      1.604e-13,
      1.6069999999999999e-13
    ],
    [
      1.476e-13,
      1.4829999999999998e-13,
      1.4889999999999998e-13,
      1.4969999999999998e-13,
      1.5e-13,
      1.5029999999999998e-13,
      1.506e-13,
      1.509e-13,
      1.5109999999999998e-13,
      1.5309999999999997e-13,
      1.5449999999999997e-13,
      1.5669999999999998e-13,
      1.576e-13,
      1.583e-13,
      1.59e-13,
      1.596e-13,
      1.602e-13,
      1.639e-13,
      1.6589999999999998e-13,
      1.68e-13,
      1.6859999999999998e-13,
      1.6909999999999998e-13,
      1.694e-13,
      1.6969999999999997e-13,
      1.6999999999999998e-13
    ],
    [
      1.495e-13,
      1.502e-13,
      1.5069999999999998e-13,
      1.516e-13,
      1.52e-13,
      1.523e-13,
      1.526e-13,
      1.528e-13,
      1.5309999999999997e-13,
      1.551e-13,
      1.566e-13,
      1.588e-13,
      1.5979999999999999e-13,
      1.606e-13,
      1.6129999999999998e-13,
      1.6189999999999997e-13,
      1.625e-13,
      1.664e-13,
      1.6859999999999998e-13,
      1.708e-13,
      1.7149999999999998e-13,
      1.72e-13,
      1.724e-13,
      1.7269999999999999e-13,
      1.73e-13
    ],
    [
      1.4969999999999998e-13,
      1.505e-13,
      1.5109999999999998e-13,
      1.52e-13,
      1.5239999999999999e-13,
      1.527e-13,
      1.53e-13,
      1.533e-13,
      1.536e-13,
      1.558e-13,
      1.573e-13,
      1.597e-13,
      1.6069999999999999e-13,
      1.615e-13,
      1.6229999999999997e-13,
      1.6299999999999999e-13,
      1.636e-13,
      1.678e-13,
      1.702e-13,
      1.726e-13,
      1.734e-13,
      1.7389999999999997e-13,
      1.744e-13,
      1.748e-13,
      1.7509999999999998e-13
    ],
    [
      1.495e-13,
      1.5029999999999998e-13,
      1.51e-13,
      1.52e-13,
      1.5239999999999999e-13,
      1.528e-13,
      1.5309999999999997e-13,
      1.534e-13,
      1.537e-13,
      1.5609999999999999e-13,
      1.5769999999999997e-13,
      1.6029999999999998e-13,
      1.6129999999999998e-13,
      1.622e-13,
      1.6299999999999999e-13,
      1.638e-13,
      1.6439999999999999e-13,
      1.6909999999999998e-13,
      1.716e-13,
      1.744e-13,
      1.752e-13,
      1.758e-13,
      1.763e-13,
      1.7669999999999997e-13,
      1.7709999999999997e-13
    ],
    [
      1.485e-13,
      1.495e-13,
      1.502e-13,
      1.512e-13,
      1.5169999999999997e-13,
      1.5209999999999998e-13,
      1.5249999999999998e-13,
      1.528e-13,
      1.5309999999999997e-13,
      1.556e-13,
      1.574e-13,
      1.601e-13,
      1.6119999999999998e-13,
      1.622e-13,
      1.6309999999999998e-13,
      1.639e-13,
      1.646e-13,
      1.696e-13,
      1.724e-13,
      1.7549999999999998e-13,
      1.7639999999999999e-13,
      1.7709999999999997e-13,
      1.777e-13,
      1.781e-13,
      1.7849999999999997e-13
    ],
    [
      1.4639999999999999e-13,
      1.474e-13,
      1.481e-13,
      1.4929999999999998e-13,
      1.498e-13,
      1.502e-13,
      1.5069999999999998e-13,
      1.51e-13,
      1.514e-13,
      1.541e-13,
      1.56e-13,
      1.5889999999999998e-13,
      1.601e-13,
      1.611e-13,
      1.6209999999999999e-13,
      1.629e-13,
      1.6369999999999997e-13,
      1.6909999999999998e-13,
      1.722e-13,
      1.7549999999999998e-13,
      1.7649999999999998e-13,
      1.7729999999999999e-13,
      1.7789999999999998e-13,
      1.784e-13,
      1.7889999999999997e-13
    ],
    [
      1.4509999999999998e-13,
      1.4609999999999998e-13,
      1.47e-13,
      1.482e-13,
      1.488e-13,
      1.492e-13,
      1.4969999999999998e-13,
      1.5009999999999999e-13,
      1.505e-13,
      1.533e-13,
      1.554e-13,
      1.5849999999999998e-13,
      1.5979999999999999e-13,
      1.6089999999999998e-13,
      1.6189999999999997e-13,
      1.629e-13,
      1.6369999999999997e-13,
      1.696e-13,
      1.7289999999999998e-13,
      1.7649999999999998e-13,
      1.776e-13,
      1.7849999999999997e-13,
      1.791e-13,
      1.7969999999999998e-13,
      1.8009999999999998e-13
    ],
    [
      1.454e-13,
      1.4649999999999998e-13,
      1.474e-13,
      1.488e-13,
      1.4929999999999998e-13,
      1.498e-13,
      1.5029999999999998e-13,
      1.5069999999999998e-13,
      1.5109999999999998e-13,
      1.5429999999999998e-13,
      1.565e-13,
      1.5979999999999999e-13,
      1.6119999999999998e-13,
      1.624e-13,
      1.6349999999999998e-13,
      1.6449999999999998e-13,
      1.654e-13,
      1.717e-13,
      1.752e-13,
      1.791e-13,
      1.8029999999999997e-13,
      1.812e-13,
      1.8199999999999998e-13,
      1.826e-13,
      1.8309999999999997e-13
    ],
    [
      1.4609999999999998e-13,
      1.473e-13,
      1.4829999999999998e-13,
      1.4969999999999998e-13,
      1.5029999999999998e-13,
      1.509e-13,
      1.514e-13,
      1.519e-13,
      1.523e-13,
      1.556e-13,
      1.58e-13,
      1.616e-13,
      1.6309999999999998e-13,
      1.6439999999999999e-13,
      1.6549999999999998e-13,
      1.666e-13,
      1.676e-13,
      1.7429999999999997e-13,
      1.781e-13,
      1.823e-13,
      1.8349999999999998e-13,
      1.8449999999999997e-13,
      1.8529999999999998e-13,
      1.8589999999999997e-13,
      1.864e-13
    ],
    [
      1.4649999999999998e-13,
      1.478e-13,
      1.488e-13,
      1.5029999999999998e-13,
      1.51e-13,
      1.516e-13,
      1.5209999999999998e-13,
      1.526e-13,
      1.5309999999999997e-13,
      1.5669999999999998e-13,
      1.592e-13,
      1.6299999999999999e-13,
      1.646e-13,
      1.6589999999999998e-13,
      1.6719999999999998e-13,
      1.6829999999999997e-13,
      1.694e-13,
      1.7649999999999998e-13,
      1.805e-13,
      1.85e-13,
