{
  "3 -> 2": {
    "e": [
      5000.0,
      10000.0,
      15000.0,
      20000.0,
      25000.0,
      30000.0,
      35000.0,
      40000.0,
      45000.0,
      50000.0,
      55000.0,
      60000.0,
      65000.0,
      70000.0,
      75000.0,
      80000.0,
      85000.0,
      90000.0,
      95000.0,
      100000.0,
      105000.0,
      110000.0,
      115000.0,
      120000.0,
      125000.0
    ],
    "eref": 65000.0,
    "n": [
      1e+18,
      2e+18,
      3e+18,
      5e+18,
      6e+18,
      7e+18,
      8e+18,
      9e+18,
      1e+19,
      2e+19,
      3e+19,
      5e+19,
      6e+19,
      7e+19,
      8e+19,
      9e+19,
      1e+20,
      2e+20,
      3e+20,
      5e+20,
      6e+20,
      7e+20,
      8e+20,
      9e+20,
      1e+21
    ],
    "nref": 6e+19,
    "sen": [
      [
        1.4059999999999998e-15,
        1.22e-15,
        1.085e-15,
        8.926e-16,
        8.211e-16,
        7.606999999999999e-16,
        7.09e-16,
        6.641e-16,
        6.247999999999999e-16,
        3.9669999999999997e-16,
        2.942e-16,
        1.977e-16,
        1.71e-16,
        1.511e-16,
        1.357e-16,
        1.234e-16,
        1.1329999999999999e-16,
        6.433999999999999e-17,
        4.59e-17,
        2.964e-17,
        2.5259999999999997e-17,
        2.203e-17,
        1.954e-17,
        1.7569999999999998e-17,
        1.5959999999999998e-17
      ],
      [
        1.38e-15,
        1.161e-15,
        1.008e-15,
        8.017e-16,
        7.284e-16,
        6.678e-16,
        6.169e-16,
        5.734e-16,
        5.359e-16,
        3.2729999999999996e-16,
        2.382e-16,
        1.565e-16,
        1.3420000000000002e-16,
        1.177e-16,
        1.0489999999999999e-16,
        9.48e-17,
        8.650999999999999e-17,
        4.679e-17,
        3.2319999999999994e-17,
        2.006e-17,
        1.6869999999999997e-17,
        1.456e-17,
        1.281e-17,
        1.1439999999999999e-17,
        1.033e-17
      ],
      [
        1.475e-15,
        1.26e-15,
        1.1059999999999998e-15,
        8.941e-16,
        8.171e-16,
        7.528e-16,
        6.982999999999999e-16,
        6.514e-16,
        6.106e-16,
        3.793e-16,
        2.778e-16,
        1.832e-16,
        1.571e-16,
        1.377e-16,
        1.227e-16,
        1.1069999999999999e-16,
        1.0089999999999999e-16,
        5.403e-17,
        3.707e-17,
        2.283e-17,
        1.916e-17,
        1.65e-17,
        1.4499999999999998e-17,
        1.2929999999999998e-17,
        1.166e-17
      ],
      [
        1.559e-15,
        1.3509999999999999e-15,
        1.199e-15,
        9.839999999999998e-16,
        9.045e-16,
        8.374e-16,
        7.798999999999999e-16,
        7.302e-16,
        6.867e-16,
        4.3459999999999995e-16,
        3.2099999999999994e-16,
        2.1329999999999999e-16,
        1.833e-16,
        1.609e-16,
        1.435e-16,
        1.296e-16,
        1.1819999999999998e-16,
        6.344e-17,
        4.3529999999999996e-17,
        2.68e-17,
        2.249e-17,
        1.9379999999999997e-17,
        1.702e-17,
        1.5179999999999998e-17,
        1.3689999999999999e-17
      ],
      [
        1.597e-15,
        1.394e-15,
        1.245e-15,
        1.031e-15,
        9.512999999999999e-16,
        8.833999999999999e-16,
        8.25e-16,
        7.741999999999999e-16,
        7.296e-16,
        4.677999999999999e-16,
        3.479e-16,
        2.33e-16,
        2.0069999999999999e-16,
        1.765e-16,
        1.577e-16,
        1.427e-16,
        1.303e-16,
        7.037e-17,
        4.842e-17,
        2.989e-17,
        2.5099999999999997e-17,
        2.163e-17,
        1.901e-17,
        1.696e-17,
        1.53e-17
      ],
      [
        1.6069999999999999e-15,
        1.408e-15,
        1.261e-15,
        1.0489999999999999e-15,
        9.698e-16,
        9.019999999999999e-16,
        8.435999999999999e-16,
        7.926999999999999e-16,
        7.479e-16,
        4.835999999999999e-16,
        3.616e-16,
        2.439e-16,
        2.1059999999999999e-16,
        1.857e-16,
        1.662e-16,
        1.506e-16,
        1.377e-16,
        7.505e-17,
        5.186e-17,
        3.2149999999999996e-17,
        2.703e-17,
        2.332e-17,
        2.05e-17,
        1.83e-17,
        1.652e-17
      ],
      [
        1.614e-15,
        1.419e-15,
        1.2739999999999998e-15,
        1.064e-15,
        9.848e-16,
        9.172e-16,
        8.588999999999999e-16,
        8.079e-16,
        7.629999999999999e-16,
        4.97e-16,
        3.7329999999999997e-16,
        2.5340000000000004e-16,
        2.194e-16,
        1.938e-16,
        1.738e-16,
        1.577e-16,
        1.4449999999999998e-16,
        7.943999999999999e-17,
        5.513e-17,
        3.4319999999999996e-17,
        2.889e-17,
        2.4939999999999998e-17,
        2.1949999999999998e-17,
        1.9599999999999997e-17,
        1.77e-17
      ],
      [
        1.649e-15,
        1.454e-15,
        1.308e-15,
        1.097e-15,
        1.016e-15,
        9.477e-16,
        8.884e-16,
        8.365999999999999e-16,
        7.908e-16,
        5.185e-16,
        3.912e-16,
        2.672e-16,
        2.318e-16,
        2.0519999999999999e-16,
        1.8429999999999998e-16,
        1.6749999999999999e-16,
        1.536e-16,
        8.519e-17,
        5.936999999999999e-17,
        3.711e-17,
        3.1269999999999995e-17,
        2.702e-17,
        2.3789999999999997e-17,
        2.126e-17,
        1.921e-17
      ],
      [
        1.712e-15,
        1.514e-15,
        1.364e-15,
        1.1470000000000001e-15,
        1.064e-15,
        9.931e-16,
        9.318e-16,
        8.780999999999999e-16,
        8.307e-16,
        5.474e-16,
        4.144e-16,
        2.844e-16,
        2.473e-16,
        2.192e-16,
        1.972e-16,
        1.7949999999999998e-16,
        1.6479999999999999e-16,
        9.206e-17,
        6.439e-17,
        4.0399999999999995e-17,
        3.408e-17,
        2.9479999999999994e-17,
        2.5969999999999997e-17,
        2.3219999999999998e-17,
        2.099e-17
      ],
      [
        1.7970000000000002e-15,
        1.592e-15,
        1.4369999999999999e-15,
        1.21e-15,
        1.123e-15,
        1.0489999999999999e-15,
        9.852000000000001e-16,
        9.289e-16,
        8.792e-16,
        5.816e-16,
        4.415e-16,
        3.041e-16,
        2.648e-16,
        2.3509999999999996e-16,
        2.118e-16,
        1.929e-16,
        1.773e-16,
        9.962999999999999e-17,
        6.990999999999999e-17,
        4.4e-17,
        3.7150000000000003e-17,
        3.2149999999999996e-17,
        2.835e-17,
        2.5349999999999998e-17,
        2.2919999999999998e-17
      ],
      [
        1.921e-15,
        1.7049999999999999e-15,
        1.5409999999999998e-15,
        1.3e-15,
        1.208e-15,
        1.1289999999999998e-15,
        1.0609999999999999e-15,
        1.0009999999999999e-15,
        9.477e-16,
        6.29e-16,
        4.784e-16,
        3.3059999999999994e-16,
        2.882e-16,
        2.561e-16,
        2.3089999999999997e-16,
        2.105e-16,
        1.936e-16,
        1.093e-16,
        7.683e-17,
        4.847e-17,
        4.095e-17,
        3.546e-17,
        3.1269999999999995e-17,
        2.797e-17,
        2.53e-17
      ],
      [
        2.0869999999999998e-15,
        1.857e-15,
        1.682e-15,
        1.4229999999999999e-15,
        1.323e-15,
        1.238e-15,
        1.1639999999999998e-15,
        1.0979999999999999e-15,
        1.041e-15,
        6.934e-16,
        5.286e-16,
        3.663e-16,
        3.196e-16,
        2.8429999999999996e-16,
        2.565e-16,
        2.3389999999999996e-16,
        2.153e-16,
        1.219e-16,
        8.589999999999999e-17,
        5.428e-17,
        4.588e-17,
        3.975e-17,
        3.5059999999999997e-17,
        3.137e-17,
        2.838e-17
      ],
      [
        2.2929999999999996e-15,
