{
  "e": [
    5000.0,
    10000.0,
    15000.0,
    20000.0,
    25000.0,
    30000.0,
    35000.0,
    40000.0,
    45000.0,
    50000.0,
    55000.0,
    60000.0,
    65000.0,
    70000.0,
    75000.0,
    80000.0,
    85000.0,
    90000.0,
    95000.0,
    100000.0,
    105000.0,
    110000.0,
    115000.0,
    120000.0,
    125000.0
  ],
  "eref": 65000.0,
  "n": [
    1e+18,
    2e+18,
    3e+18,
    5e+18,
    6e+18,
    7e+18,
    8e+18,
    9e+18,
    1e+19,
    2e+19,
    3e+19,
    5e+19,
    6e+19,
    7e+19,
    8e+19,
    9e+19,
    1e+20,
    2e+20,
    3e+20,
    5e+20,
    6e+20,
    7e+20,
    8e+20,
    9e+20,
    1e+21
  ],
  "nref": 6e+19,
  "sen": [
    [
      3.693e-11,
      6.781e-11,
      9.467999999999999e-11,
      1.396e-10,
      1.587e-10,
      1.7599999999999999e-10,
      1.918e-10,
      2.063e-10,
      2.196e-10,
      3.133e-10,
      3.697e-10,
      4.4069999999999994e-10,
      4.662e-10,
      4.88e-10,
      5.072e-10,
      5.242999999999999e-10,
      5.397999999999999e-10,
      6.478e-10,
      7.14e-10,
      7.951e-10,
      8.221e-10,
      8.436999999999999e-10,
      8.613999999999999e-10,
      8.762e-10,
      8.886999999999999e-10
    ],
    [
      3.8099999999999996e-11,
      6.983999999999999e-11,
      9.731999999999999e-11,
      1.43e-10,
      1.6229999999999997e-10,
      1.7969999999999998e-10,
      1.956e-10,
      2.101e-10,
      2.235e-10,
      3.168e-10,
      3.73e-10,
      4.4349999999999997e-10,
      4.686e-10,
      4.9e-10,
      5.086e-10,
      5.251e-10,
      5.399e-10,
      6.373000000000001e-10,
      6.916999999999999e-10,
      7.526e-10,
      7.715e-10,
      7.862e-10,
      7.979999999999999e-10,
      8.076999999999999e-10,
      8.157e-10
    ],
    [
      4.004e-11,
      7.376e-11,
      1.032e-10,
      1.526e-10,
      1.7359999999999997e-10,
      1.927e-10,
      2.1019999999999998e-10,
      2.2619999999999998e-10,
      2.41e-10,
      3.462e-10,
      4.1079999999999997e-10,
      4.931999999999999e-10,
      5.228999999999999e-10,
      5.481e-10,
      5.7e-10,
      5.895e-10,
      6.068999999999999e-10,
      7.204999999999999e-10,
      7.824e-10,
      8.501999999999999e-10,
      8.71e-10,
      8.869999999999999e-10,
      8.997e-10,
      9.100999999999999e-10,
      9.187e-10
    ],
    [
      4.4709999999999993e-11,
      8.259e-11,
      1.1579999999999999e-10,
      1.7159999999999998e-10,
      1.955e-10,
      2.173e-10,
      2.3719999999999997e-10,
      2.5549999999999994e-10,
      2.725e-10,
      3.9389999999999995e-10,
      4.695e-10,
      5.675e-10,
      6.032e-10,
      6.336999999999999e-10,
      6.604e-10,
      6.842e-10,
      7.054999999999999e-10,
      8.458999999999999e-10,
      9.233e-10,
      1.008e-09,
      1.0349999999999998e-09,
      1.055e-09,
      1.071e-09,
      1.0839999999999998e-09,
      1.095e-09
    ],
    [
      5.2429999999999994e-11,
      9.697e-11,
      1.36e-10,
      2.0169999999999999e-10,
      2.298e-10,
      2.5530000000000004e-10,
      2.787e-10,
      3.003e-10,
      3.2029999999999997e-10,
      4.6329999999999994e-10,
      5.53e-10,
      6.704999999999999e-10,
      7.136999999999999e-10,
      7.508e-10,
      7.834999999999999e-10,
      8.126e-10,
      8.389e-10,
      1.0139999999999998e-09,
      1.1119999999999999e-09,
      1.221e-09,
      1.2539999999999998e-09,
      1.2800000000000001e-09,
      1.301e-09,
      1.3179999999999998e-09,
      1.332e-09
    ],
    [
      6.236e-11,
      1.154e-10,
      1.618e-10,
      2.397e-10,
      2.73e-10,
      3.032e-10,
      3.308e-10,
      3.5629999999999995e-10,
      3.798e-10,
      5.484e-10,
      6.543999999999999e-10,
      7.939e-10,
      8.456e-10,
      8.901999999999999e-10,
      9.294999999999999e-10,
      9.647e-10,
      9.966e-10,
      1.211e-09,
      1.332e-09,
      1.4679999999999999e-09,
      1.51e-09,
      1.543e-09,
      1.569e-09,
      1.5899999999999999e-09,
      1.608e-09
    ],
    [
      7.244999999999999e-11,
      1.341e-10,
      1.8789999999999997e-10,
      2.782e-10,
      3.167e-10,
      3.5159999999999995e-10,
      3.8349999999999997e-10,
      4.129e-10,
      4.4e-10,
      6.344e-10,
      7.568999999999999e-10,
      9.192e-10,
      9.797e-10,
      1.032e-09,
      1.078e-09,
      1.1199999999999999e-09,
      1.158e-09,
      1.413e-09,
      1.5589999999999999e-09,
      1.723e-09,
      1.775e-09,
      1.814e-09,
      1.8459999999999998e-09,
      1.8719999999999997e-09,
      1.894e-09
    ],
    [
      8.160999999999999e-11,
      1.5109999999999997e-10,
      2.1169999999999998e-10,
      3.133e-10,
      3.5649999999999996e-10,
      3.957e-10,
      4.3159999999999994e-10,
      4.645e-10,
      4.949999999999999e-10,
      7.136e-10,
      8.520999999999999e-10,
      1.0369999999999998e-09,
      1.106e-09,
      1.167e-09,
      1.22e-09,
      1.268e-09,
      1.312e-09,
      1.61e-09,
      1.781e-09,
      1.975e-09,
      2.0349999999999997e-09,
      2.083e-09,
      2.1199999999999997e-09,
      2.151e-09,
      2.177e-09
    ],
    [
      9.022e-11,
      1.67e-10,
      2.341e-10,
      3.462e-10,
      3.9389999999999995e-10,
      4.373e-10,
      4.769e-10,
      5.133e-10,
      5.468999999999999e-10,
      7.889e-10,
      9.429e-10,
      1.15e-09,
      1.2279999999999999e-09,
      1.297e-09,
      1.3569999999999998e-09,
      1.412e-09,
      1.462e-09,
      1.8029999999999999e-09,
      2e-09,
      2.223e-09,
      2.293e-09,
      2.3479999999999998e-09,
      2.3909999999999997e-09,
      2.427e-09,
      2.4569999999999997e-09
    ],
    [
      9.833e-11,
      1.821e-10,
      2.5510000000000003e-10,
      3.774e-10,
      4.2939999999999993e-10,
      4.766e-10,
      5.197999999999999e-10,
      5.595e-10,
      5.962e-10,
      8.607e-10,
      1.03e-09,
      1.2589999999999999e-09,
      1.347e-09,
      1.423e-09,
      1.491e-09,
      1.552e-09,
      1.608e-09,
      1.9910000000000003e-09,
      2.2139999999999996e-09,
      2.466e-09,
      2.545e-09,
      2.6069999999999998e-09,
      2.656e-09,
      2.697e-09,
      2.7299999999999995e-09
    ],
    [
      1.0589999999999999e-10,
      1.961e-10,
      2.748e-10,
      4.066e-10,
      4.626e-10,
      5.136e-10,
      5.601e-10,
      6.03e-10,
      6.427e-10,
      9.290999999999999e-10,
      1.1139999999999999e-09,
      1.3649999999999997e-09,
      1.461e-09,
      1.545e-09,
      1.6199999999999998e-09,
      1.688e-09,
      1.75e-09,
      2.1749999999999996e-09,
      2.422e-09,
      2.702e-09,
      2.7899999999999997e-09,
      2.858e-09,
      2.9129999999999998e-09,
      2.958e-09,
      2.9949999999999997e-09
    ],
    [
      1.1299999999999998e-10,
      2.0949999999999997e-10,
      2.937e-10,
      4.3469999999999996e-10,
      4.948e-10,
      5.494e-10,
      5.993e-10,
      6.453e-10,
      6.879e-10,
      9.963999999999998e-10,
      1.196e-09,
      1.4699999999999999e-09,
      1.575e-09,
      1.667e-09,
      1.7489999999999999e-09,
      1.8229999999999998e-09,
      1.891e-09,
      2.358e-09,
      2.6289999999999995e-09,
      2.9359999999999998e-09,
      3.032e-09,
      3.1069999999999997e-09,
      3.167e-09,
      3.2169999999999995e-09,
      3.2579999999999997e-09
    ],
    [
      1.2e-10,
      2.2249999999999998e-10,
      3.121e-10,
      4.623e-10,
      5.263e-10,
      5.844999999999999e-10,
      6.378999999999999e-10,
      6.87e-10,
      7.324999999999999e-10,
      1.063e-09,
      1.278e-09,
      1.574e-09,
      1.688e-09,
      1.788e-09,
      1.877e-09,
      1.958e-09,
      2.032e-09,
      2.54e-09,
      2.835e-09,
      3.1689999999999997e-09,
      3.2739999999999997e-09,
      3.3549999999999997e-09,
      3.4199999999999998e-09,
      3.473e-09,
      3.5179999999999996e-09
    ],
    [
      1.2659999999999998e-10,
      2.3499999999999996e-10,
      3.298e-10,
