{
  "e": [
    5000.0,
    10000.0,
    15000.0,
    20000.0,
    25000.0,
    30000.0,
    35000.0,
    40000.0,
    45000.0,
    50000.0,
    55000.0,
    60000.0,
    65000.0,
    70000.0,
    75000.0,
    80000.0,
    85000.0,
    90000.0,
    95000.0,
    100000.0,
    105000.0,
    110000.0,
    115000.0,
    120000.0,
    125000.0
  ],
  "eref": 65000.0,
  "n": [
    1e+18,
    2e+18,
    3e+18,
    5e+18,
    6e+18,
    7e+18,
    8e+18,
    9e+18,
    1e+19,
    2e+19,
    3e+19,
    5e+19,
    6e+19,
    7e+19,
    8e+19,
    9e+19,
    1e+20,
    2e+20,
    3e+20,
    5e+20,
    6e+20,
    7e+20,
    8e+20,
    9e+20,
    1e+21
  ],
  "nref": 6e+19,
  "sen": [
    [
      4.435e-11,
      8.742999999999999e-11,
      1.298e-10,
      2.1269999999999997e-10,
      2.5339999999999997e-10,
      2.9379999999999996e-10,
      3.3369999999999994e-10,
      3.733e-10,
      4.1249999999999997e-10,
      7.887999999999999e-10,
      1.14e-09,
      1.783e-09,
      2.0769999999999998e-09,
      2.3559999999999997e-09,
      2.6199999999999996e-09,
      2.8709999999999997e-09,
      3.11e-09,
      4.9789999999999995e-09,
      6.231999999999999e-09,
      7.808999999999999e-09,
      8.337e-09,
      8.76e-09,
      9.107e-09,
      9.396e-09,
      9.641e-09
    ],
    [
      4.508e-11,
      8.857999999999999e-11,
      1.31e-10,
      2.1359999999999997e-10,
      2.538e-10,
      2.9339999999999994e-10,
      3.325e-10,
      3.71e-10,
      4.09e-10,
      7.647e-10,
      1.0829999999999999e-09,
      1.6329999999999998e-09,
      1.8719999999999997e-09,
      2.091e-09,
      2.293e-09,
      2.4799999999999997e-09,
      2.6519999999999995e-09,
      3.869e-09,
      4.571e-09,
      5.349e-09,
      5.587e-09,
      5.77e-09,
      5.916e-09,
      6.034e-09,
      6.133e-09
    ],
    [
      4.608e-11,
      9.047e-11,
      1.337e-10,
      2.174e-10,
      2.5809999999999997e-10,
      2.9799999999999995e-10,
      3.372e-10,
      3.7579999999999993e-10,
      4.1379999999999996e-10,
      7.642999999999999e-10,
      1.071e-09,
      1.584e-09,
      1.801e-09,
      1.997e-09,
      2.1749999999999996e-09,
      2.3379999999999996e-09,
      2.4869999999999998e-09,
      3.489e-09,
      4.033e-09,
      4.609e-09,
      4.7800000000000005e-09,
      4.91e-09,
      5.012e-09,
      5.0949999999999995e-09,
      5.163e-09
    ],
    [
      4.758e-11,
      9.348e-11,
      1.382e-10,
      2.248e-10,
      2.669e-10,
      3.082e-10,
      3.4880000000000003e-10,
      3.887e-10,
      4.2799999999999997e-10,
      7.9e-10,
      1.106e-09,
      1.634e-09,
      1.8569999999999999e-09,
      2.059e-09,
      2.241e-09,
      2.408e-09,
      2.5600000000000003e-09,
      3.5839999999999996e-09,
      4.137e-09,
      4.721999999999999e-09,
      4.895e-09,
      5.027e-09,
      5.131e-09,
      5.2139999999999996e-09,
      5.283e-09
    ],
    [
      5.013e-11,
      9.855e-11,
      1.4579999999999998e-10,
      2.373e-10,
      2.818e-10,
      3.2549999999999996e-10,
      3.685e-10,
      4.107e-10,
      4.5239999999999996e-10,
      8.373e-10,
      1.175e-09,
      1.7429999999999999e-09,
      1.984e-09,
      2.202e-09,
      2.401e-09,
      2.583e-09,
      2.749e-09,
      3.8789999999999995e-09,
      4.498e-09,
      5.157e-09,
      5.353e-09,
      5.503e-09,
      5.6209999999999995e-09,
      5.716e-09,
      5.795e-09
    ],
    [
      5.4160000000000003e-11,
      1.065e-10,
      1.576e-10,
      2.567e-10,
      3.0489999999999995e-10,
      3.522e-10,
      3.989e-10,
      4.448e-10,
      4.9e-10,
      9.093e-10,
      1.2789999999999998e-09,
      1.906e-09,
      2.1749999999999996e-09,
      2.4179999999999997e-09,
      2.641e-09,
      2.8449999999999996e-09,
      3.0329999999999998e-09,
      4.321e-09,
      5.037e-09,
      5.808999999999999e-09,
      6.04e-09,
      6.217999999999999e-09,
      6.358e-09,
      6.471e-09,
      6.5649999999999996e-09
    ],
    [
      5.898e-11,
      1.16e-10,
      1.7169999999999999e-10,
      2.798e-10,
      3.323e-10,
      3.841e-10,
      4.35e-10,
      4.850999999999999e-10,
      5.345e-10,
      9.941e-10,
      1.402e-09,
      2.096e-09,
      2.396e-09,
      2.6679999999999995e-09,
      2.918e-09,
      3.148e-09,
      3.3589999999999997e-09,
      4.8260000000000005e-09,
      5.652999999999999e-09,
      6.552999999999999e-09,
      6.825e-09,
      7.034e-09,
      7.199e-09,
      7.332999999999999e-09,
      7.4439999999999995e-09
    ],
    [
      6.42e-11,
      1.263e-10,
      1.8699999999999997e-10,
      3.0469999999999994e-10,
      3.62e-10,
      4.1839999999999997e-10,
      4.739999999999999e-10,
      5.286999999999999e-10,
      5.825999999999999e-10,
      1.085e-09,
      1.533e-09,
      2.2989999999999996e-09,
      2.63e-09,
      2.9329999999999997e-09,
      3.2109999999999998e-09,
      3.4669999999999997e-09,
      3.7039999999999996e-09,
      5.355e-09,
      6.294e-09,
      7.3249999999999994e-09,
      7.639e-09,
      7.879e-09,
      8.07e-09,
      8.225e-09,
      8.352999999999999e-09
    ],
    [
      6.968e-11,
      1.371e-10,
      2.03e-10,
      3.309e-10,
      3.932e-10,
      4.545e-10,
      5.149e-10,
      5.743999999999999e-10,
      6.331e-10,
      1.181e-09,
      1.67e-09,
      2.51e-09,
      2.874e-09,
      3.2079999999999997e-09,
      3.514e-09,
      3.797e-09,
      4.059e-09,
      5.896e-09,
      6.949e-09,
      8.110999999999999e-09,
      8.466e-09,
      8.739e-09,
      8.955e-09,
      9.131e-09,
      9.277e-09
    ],
    [
      7.531e-11,
      1.482e-10,
      2.195e-10,
      3.578e-10,
      4.2519999999999994e-10,
      4.914999999999999e-10,
      5.569e-10,
      6.212999999999999e-10,
      6.848e-10,
      1.278e-09,
      1.809e-09,
      2.722e-09,
      3.1179999999999998e-09,
      3.4819999999999998e-09,
      3.8169999999999995e-09,
      4.126e-09,
      4.412e-09,
      6.427e-09,
      7.587e-09,
      8.871e-09,
      9.264e-09,
      9.566e-09,
      9.807e-09,
      1e-08,
      1.016e-08
    ],
    [
      8.093e-11,
      1.5929999999999998e-10,
      2.359e-10,
      3.846e-10,
      4.5699999999999997e-10,
      5.282999999999999e-10,
      5.985e-10,
      6.677e-10,
      7.359999999999999e-10,
      1.374e-09,
      1.944e-09,
      2.928e-09,
      3.3549999999999997e-09,
      3.7469999999999996e-09,
      4.1079999999999995e-09,
      4.440999999999999e-09,
      4.7499999999999995e-09,
      6.924999999999999e-09,
      8.18e-09,
      9.57e-09,
      9.995999999999999e-09,
      1.0319999999999999e-08,
      1.0580000000000001e-08,
      1.08e-08,
      1.097e-08
    ],
    [
      8.645999999999999e-11,
      1.702e-10,
      2.52e-10,
      4.1079999999999997e-10,
      4.881999999999999e-10,
      5.643e-10,
      6.393e-10,
      7.133e-10,
      7.862e-10,
      1.4679999999999999e-09,
      2.0769999999999998e-09,
      3.1259999999999998e-09,
      3.5829999999999997e-09,
      4.001e-09,
      4.3859999999999995e-09,
      4.7419999999999995e-09,
      5.0709999999999995e-09,
      7.394e-09,
      8.733e-09,
      1.022e-08,
      1.067e-08,
      1.102e-08,
      1.1299999999999999e-08,
      1.153e-08,
      1.1709999999999999e-08
    ],
    [
      9.185e-11,
      1.8079999999999999e-10,
      2.6769999999999996e-10,
      4.3639999999999996e-10,
      5.186e-10,
      5.994e-10,
      6.791e-10,
      7.575999999999999e-10,
      8.35e-10,
      1.5579999999999998e-09,
      2.2049999999999997e-09,
      3.318e-09,
      3.802e-09,
      4.244999999999999e-09,
      4.654e-09,
      5.029999999999999e-09,
      5.38e-09,
      7.839e-09,
      9.257e-09,
      1.0829999999999998e-08,
      1.131e-08,
      1.168e-08,
      1.1969999999999999e-08,
      1.221e-08,
      1.2409999999999998e-08
    ],
    [
      9.712999999999999e-11,
      1.912e-10,
      2.831e-10,
      4.6149999999999996e-10,
