{
  "e": [
    5000.0,
    10000.0,
    15000.0,
    20000.0,
    25000.0,
    30000.0,
    35000.0,
    40000.0,
    45000.0,
    50000.0,
    55000.0,
    60000.0,
    65000.0,
    70000.0,
    75000.0,
    80000.0,
    85000.0,
    90000.0,
    95000.0,
    100000.0,
    105000.0,
    110000.0,
    115000.0,
    120000.0,
    125000.0
  ],
  "eref": 65000.0,
  "n": [
    1e+18,
    2e+18,
    3e+18,
    5e+18,
    6e+18,
    7e+18,
    8e+18,
    9e+18,
    1e+19,
    2e+19,
    3e+19,
    5e+19,
    6e+19,
    7e+19,
    8e+19,
    9e+19,
    1e+20,
    2e+20,
    3e+20,
    5e+20,
    6e+20,
    7e+20,
    8e+20,
    9e+20,
    1e+21
  ],
  "nref": 6e+19,
  "sen": [
    [
      1.9490000000000002e-11,
      2.517e-11,
      2.814e-11,
      3.145e-11,
      3.252e-11,
      3.338e-11,
      3.4100000000000004e-11,
      3.4709999999999996e-11,
      3.524e-11,
      3.838e-11,
      4.004e-11,
      4.212e-11,
      4.2889999999999994e-11,
      4.357e-11,
      4.4169999999999995e-11,
      4.4719999999999995e-11,
      4.5219999999999994e-11,
      4.8829999999999994e-11,
      5.104e-11,
      5.369999999999999e-11,
      5.456e-11,
      5.5249999999999997e-11,
      5.58e-11,
      5.6259999999999995e-11,
      5.665e-11
    ],
    [
      2.216e-11,
      2.949e-11,
      3.346e-11,
      3.79e-11,
      3.9329999999999995e-11,
      4.048e-11,
      4.142e-11,
      4.222e-11,
      4.2899999999999995e-11,
      4.688e-11,
      4.889e-11,
      5.126e-11,
      5.209e-11,
      5.279e-11,
      5.339e-11,
      5.391999999999999e-11,
      5.438e-11,
      5.729999999999999e-11,
      5.878e-11,
      6.028999999999999e-11,
      6.073e-11,
      6.106e-11,
      6.132e-11,
      6.152999999999999e-11,
      6.171e-11
    ],
    [
      2.415e-11,
      3.2889999999999996e-11,
      3.783e-11,
      4.3600000000000003e-11,
      4.551e-11,
      4.706e-11,
      4.835e-11,
      4.9459999999999996e-11,
      5.042e-11,
      5.606e-11,
      5.893e-11,
      6.221e-11,
      6.332e-11,
      6.423e-11,
      6.499e-11,
      6.564999999999999e-11,
      6.622999999999999e-11,
      6.959e-11,
      7.115e-11,
      7.266e-11,
      7.309e-11,
      7.339999999999999e-11,
      7.365e-11,
      7.384e-11,
      7.399999999999999e-11
    ],
    [
      2.497e-11,
      3.444e-11,
      3.995e-11,
      4.6619999999999996e-11,
      4.889e-11,
      5.076e-11,
      5.234e-11,
      5.369999999999999e-11,
      5.489e-11,
      6.210999999999999e-11,
      6.585e-11,
      7.018e-11,
      7.162e-11,
      7.28e-11,
      7.38e-11,
      7.465e-11,
      7.539e-11,
      7.966e-11,
      8.16e-11,
      8.346e-11,
      8.398e-11,
      8.436999999999999e-11,
      8.466000000000001e-11,
      8.49e-11,
      8.509e-11
    ],
    [
      2.5549999999999998e-11,
      3.56e-11,
      4.1619999999999994e-11,
      4.9089999999999995e-11,
      5.169e-11,
      5.386e-11,
      5.571e-11,
      5.7309999999999994e-11,
      5.871999999999999e-11,
      6.747e-11,
      7.213e-11,
      7.76e-11,
      7.946e-11,
      8.098e-11,
      8.226999999999999e-11,
      8.338e-11,
      8.433999999999999e-11,
      8.995999999999999e-11,
      9.255999999999999e-11,
      9.505999999999999e-11,
      9.576e-11,
      9.628e-11,
      9.668e-11,
      9.701e-11,
      9.726999999999999e-11
    ],
    [
      2.6089999999999997e-11,
      3.6699999999999993e-11,
      4.32e-11,
      5.1459999999999996e-11,
      5.439e-11,
      5.6849999999999996e-11,
      5.896e-11,
      6.08e-11,
      6.244e-11,
      7.27e-11,
      7.829e-11,
      8.496999999999999e-11,
      8.726999999999999e-11,
      8.917e-11,
      9.078e-11,
      9.218e-11,
      9.34e-11,
      1.0060000000000001e-10,
      1.0399999999999999e-10,
      1.0739999999999999e-10,
      1.083e-10,
      1.09e-10,
      1.095e-10,
      1.1e-10,
      1.103e-10
    ],
    [
      2.699e-11,
      3.84e-11,
      4.558e-11,
      5.492e-11,
      5.829e-11,
      6.114e-11,
      6.359e-11,
      6.574999999999999e-11,
      6.767e-11,
      7.988e-11,
      8.663e-11,
      9.48e-11,
      9.763999999999999e-11,
      1e-10,
      1.02e-10,
      1.0379999999999999e-10,
      1.0529999999999999e-10,
      1.145e-10,
      1.189e-10,
      1.2329999999999998e-10,
      1.2449999999999998e-10,
      1.2549999999999998e-10,
      1.262e-10,
      1.268e-10,
      1.2719999999999998e-10
    ],
    [
      2.819e-11,
      4.063e-11,
      4.867e-11,
      5.936e-11,
      6.328e-11,
      6.662e-11,
      6.952e-11,
      7.207e-11,
      7.435000000000001e-11,
      8.898e-11,
      9.717e-11,
      1.072e-10,
      1.1069999999999999e-10,
      1.1359999999999999e-10,
      1.1609999999999999e-10,
      1.183e-10,
      1.2019999999999998e-10,
      1.319e-10,
      1.376e-10,
      1.4329999999999999e-10,
      1.4489999999999999e-10,
      1.461e-10,
      1.471e-10,
      1.4779999999999997e-10,
      1.484e-10
    ],
    [
      2.955e-11,
      4.306e-11,
      5.198e-11,
      6.409999999999999e-11,
      6.86e-11,
      7.244999999999999e-11,
      7.581e-11,
      7.877e-11,
      8.143e-11,
      9.862999999999999e-11,
      1.084e-10,
      1.203e-10,
      1.2449999999999998e-10,
      1.281e-10,
      1.311e-10,
      1.338e-10,
      1.361e-10,
      1.505e-10,
      1.576e-10,
      1.648e-10,
      1.6679999999999998e-10,
      1.6839999999999998e-10,
      1.696e-10,
      1.7059999999999998e-10,
      1.7139999999999997e-10
    ],
    [
      3.105e-11,
      4.565e-11,
      5.547999999999999e-11,
      6.904e-11,
      7.413e-11,
      7.849999999999999e-11,
      8.233e-11,
      8.571999999999999e-11,
      8.876e-11,
      1.0859999999999999e-10,
      1.199e-10,
      1.339e-10,
      1.3889999999999998e-10,
      1.43e-10,
      1.4660000000000002e-10,
      1.4980000000000002e-10,
      1.526e-10,
      1.698e-10,
      1.784e-10,
      1.8709999999999998e-10,
      1.896e-10,
      1.9149999999999998e-10,
      1.93e-10,
      1.9419999999999999e-10,
      1.9519999999999998e-10
    ],
    [
      3.2879999999999994e-11,
      4.871e-11,
      5.954e-11,
      7.468e-11,
      8.041e-11,
      8.535e-11,
      8.968e-11,
      9.354e-11,
      9.7e-11,
      1.1969999999999998e-10,
      1.327e-10,
      1.4889999999999997e-10,
      1.547e-10,
      1.596e-10,
      1.638e-10,
      1.6739999999999999e-10,
      1.707e-10,
      1.9099999999999999e-10,
      2.0120000000000001e-10,
      2.1159999999999997e-10,
      2.1460000000000001e-10,
      2.168e-10,
      2.186e-10,
      2.2e-10,
      2.212e-10
    ],
    [
      3.494e-11,
      5.21e-11,
      6.401000000000001e-11,
      8.085999999999999e-11,
      8.728e-11,
      9.285e-11,
      9.773999999999999e-11,
      1.021e-10,
      1.06e-10,
      1.318e-10,
      1.4679999999999997e-10,
      1.655e-10,
      1.721e-10,
      1.778e-10,
      1.827e-10,
      1.8689999999999997e-10,
      1.908e-10,
      2.144e-10,
      2.264e-10,
      2.386e-10,
      2.4209999999999997e-10,
      2.4479999999999997e-10,
      2.469e-10,
      2.486e-10,
      2.5e-10
    ],
    [
      3.698e-11,
      5.547e-11,
      6.846e-11,
      8.702e-11,
      9.414999999999999e-11,
      1.0029999999999999e-10,
      1.0579999999999999e-10,
      1.1069999999999999e-10,
      1.15e-10,
      1.441e-10,
      1.6110000000000002e-10,
      1.8239999999999999e-10,
      1.9e-10,
      1.965e-10,
      2.021e-10,
      2.0699999999999998e-10,
      2.114e-10,
      2.388e-10,
      2.526e-10,
      2.6679999999999995e-10,
      2.709e-10,
      2.74e-10,
      2.765e-10,
      2.784e-10,
      2.8009999999999994e-10
    ],
    [
      3.9079999999999996e-11,
      5.892e-11,
      7.300999999999999e-11,
      9.331e-11,
      1.0119999999999998e-10,
      1.0799999999999999e-10,
      1.1400000000000001e-10,
      1.194e-10,
      1.243e-10,
      1.5669999999999999e-10,
      1.7569999999999997e-10,
      1.998e-10,
