{
  "3 -> 2": {
    "e": [
      5000.0,
      10000.0,
      15000.0,
      20000.0,
      25000.0,
      30000.0,
      35000.0,
      40000.0,
      45000.0,
      50000.0,
      55000.0,
      60000.0,
      65000.0,
      70000.0,
      75000.0,
      80000.0,
      85000.0,
      90000.0,
      95000.0,
      100000.0,
      105000.0,
      110000.0,
      115000.0,
      120000.0,
      125000.0
    ],
    "eref": 65000.0,
    "n": [
      1e+18,
      2e+18,
      3e+18,
      5e+18,
      6e+18,
      7e+18,
      8e+18,
      9e+18,
      1e+19,
      2e+19,
      3e+19,
      5e+19,
      6e+19,
      7e+19,
      8e+19,
      9e+19,
      1e+20,
      2e+20,
      3e+20,
      5e+20,
      6e+20,
      7e+20,
      8e+20,
      9e+20,
      1e+21
    ],
    "nref": 6e+19,
    "sen": [
      [
        1.569e-15,
        1.424e-15,
        1.3139999999999999e-15,
        1.145e-15,
        1.078e-15,
        1.019e-15,
        9.667e-16,
        9.2e-16,
        8.778e-16,
        6.088e-16,
        4.718999999999999e-16,
        3.3199999999999997e-16,
        2.912e-16,
        2.603e-16,
        2.3589999999999995e-16,
        2.1619999999999997e-16,
        1.999e-16,
        1.183e-16,
        8.630999999999999e-17,
        5.722e-17,
        4.918e-17,
        4.318e-17,
        3.8509999999999996e-17,
        3.478e-17,
        3.1709999999999995e-17
      ],
      [
        1.6259999999999998e-15,
        1.469e-15,
        1.348e-15,
        1.165e-15,
        1.093e-15,
        1.03e-15,
        9.749e-16,
        9.255e-16,
        8.813e-16,
        6.034e-16,
        4.646e-16,
        3.245e-16,
        2.838e-16,
        2.529e-16,
        2.285e-16,
        2.0889999999999998e-16,
        1.9260000000000001e-16,
        1.11e-16,
        7.933e-17,
        5.105e-17,
        4.341999999999999e-17,
        3.78e-17,
        3.348e-17,
        3.005e-17,
        2.726e-17
      ],
      [
        1.682e-15,
        1.53e-15,
        1.4129999999999999e-15,
        1.233e-15,
        1.162e-15,
        1.099e-15,
        1.043e-15,
        9.93e-16,
        9.48e-16,
        6.607e-16,
        5.138e-16,
        3.626e-16,
        3.18e-16,
        2.84e-16,
        2.5710000000000003e-16,
        2.353e-16,
        2.171e-16,
        1.2529999999999999e-16,
        8.930999999999999e-17,
        5.722e-17,
        4.858e-17,
        4.221999999999999e-17,
        3.735e-17,
        3.3489999999999997e-17,
        3.0359999999999996e-17
      ],
      [
        1.796e-15,
        1.641e-15,
        1.5209999999999999e-15,
        1.335e-15,
        1.261e-15,
        1.1949999999999999e-15,
        1.137e-15,
        1.0839999999999999e-15,
        1.037e-15,
        7.308e-16,
        5.724e-16,
        4.076e-16,
        3.587e-16,
        3.2119999999999997e-16,
        2.9139999999999996e-16,
        2.672e-16,
        2.469e-16,
        1.44e-16,
        1.0309999999999999e-16,
        6.635e-17,
        5.641e-17,
        4.908e-17,
        4.3439999999999997e-17,
        3.8979999999999994e-17,
        3.535e-17
      ],
      [
        1.9869999999999997e-15,
        1.82e-15,
        1.689e-15,
        1.4849999999999999e-15,
        1.403e-15,
        1.331e-15,
        1.267e-15,
        1.209e-15,
        1.157e-15,
        8.186e-16,
        6.432e-16,
        4.603e-16,
        4.0579999999999996e-16,
        3.641e-16,
        3.309e-16,
        3.038e-16,
        2.812e-16,
        1.6549999999999998e-16,
        1.191e-16,
        7.704999999999999e-17,
        6.56e-17,
        5.714999999999999e-17,
        5.0639999999999996e-17,
        4.5469999999999996e-17,
        4.126e-17
      ],
      [
        2.225e-15,
        2.038e-15,
        1.891e-15,
        1.6629999999999998e-15,
        1.5709999999999999e-15,
        1.49e-15,
        1.418e-15,
        1.3529999999999999e-15,
        1.295e-15,
        9.170999999999999e-16,
        7.215999999999999e-16,
        5.181e-16,
        4.575e-16,
        4.1109999999999996e-16,
        3.7409999999999996e-16,
        3.4390000000000003e-16,
        3.187e-16,
        1.893e-16,
        1.369e-16,
        8.91e-17,
        7.599999999999999e-17,
        6.629e-17,
        5.88e-17,
        5.284999999999999e-17,
        4.799e-17
      ],
      [
        2.5e-15,
        2.291e-15,
        2.126e-15,
        1.868e-15,
        1.7649999999999999e-15,
        1.6729999999999998e-15,
        1.592e-15,
        1.519e-15,
        1.453e-15,
        1.03e-15,
        8.113e-16,
        5.843e-16,
        5.168e-16,
        4.65e-16,
        4.238e-16,
        3.9009999999999997e-16,
        3.6189999999999997e-16,
        2.167e-16,
        1.575e-16,
        1.03e-16,
        8.798999999999999e-17,
        7.684e-17,
        6.823e-17,
        6.135999999999999e-17,
        5.576e-17
      ],
      [
        2.8269999999999996e-15,
        2.5909999999999997e-15,
        2.4029999999999998e-15,
        2.112e-15,
        1.9939999999999997e-15,
        1.891e-15,
        1.799e-15,
        1.716e-15,
        1.6419999999999999e-15,
        1.163e-15,
        9.176e-16,
        6.624e-16,
        5.866e-16,
        5.284e-16,
        4.819999999999999e-16,
        4.441e-16,
        4.1239999999999996e-16,
        2.485e-16,
        1.812e-16,
        1.1899999999999999e-16,
        1.018e-16,
        8.897e-17,
        7.905e-17,
        7.113e-17,
        6.466999999999999e-17
      ],
      [
        3.2e-15,
        2.933e-15,
        2.721e-15,
        2.3899999999999998e-15,
        2.256e-15,
        2.1390000000000002e-15,
        2.0339999999999995e-15,
        1.9409999999999998e-15,
        1.857e-15,
        1.3159999999999999e-15,
        1.039e-15,
        7.515999999999999e-16,
        6.662999999999999e-16,
        6.007e-16,
        5.485e-16,
        5.057e-16,
        4.7e-16,
        2.846e-16,
        2.0819999999999999e-16,
        1.371e-16,
        1.174e-16,
        1.027e-16,
        9.126999999999999e-17,
        8.217e-17,
        7.473e-17
      ],
      [
        3.584e-15,
        3.2859999999999998e-15,
        3.048e-15,
        2.6759999999999997e-15,
        2.527e-15,
        2.395e-15,
        2.278e-15,
        2.1729999999999996e-15,
        2.0789999999999997e-15,
        1.475e-15,
        1.165e-15,
        8.449999999999999e-16,
        7.498e-16,
        6.766e-16,
        6.183e-16,
        5.705999999999999e-16,
        5.306e-16,
        3.228e-16,
        2.3670000000000003e-16,
        1.563e-16,
        1.339e-16,
        1.1719999999999999e-16,
        1.042e-16,
        9.383999999999999e-17,
        8.537e-17
      ],
      [
        3.9479999999999995e-15,
        3.622e-15,
        3.3599999999999998e-15,
        2.9509999999999996e-15,
        2.786e-15,
        2.6409999999999997e-15,
        2.5119999999999998e-15,
        2.3969999999999997e-15,
        2.2929999999999996e-15,
        1.629e-15,
        1.2889999999999998e-15,
        9.373e-16,
        8.327e-16,
        7.521e-16,
        6.879999999999999e-16,
        6.353999999999999e-16,
        5.913e-16,
        3.6129999999999997e-16,
        2.654e-16,
        1.7559999999999998e-16,
        1.5049999999999998e-16,
        1.318e-16,
        1.173e-16,
        1.0559999999999999e-16,
        9.611e-17
      ],
      [
        4.298e-15,
        3.945e-15,
        3.661e-15,
        3.2169999999999996e-15,
        3.038e-15,
        2.8809999999999997e-15,
        2.7409999999999998e-15,
        2.616e-15,
        2.503e-15,
        1.781e-15,
        1.412e-15,
        1.03e-15,
        9.156e-16,
        8.278e-16,
        7.578e-16,
        7.003e-16,
        6.521999999999999e-16,
        3.9989999999999995e-16,
        2.9429999999999997e-16,
        1.95e-16,
        1.6719999999999999e-16,
        1.464e-16,
        1.303e-16,
        1.174e-16,
        1.0679999999999999e-16
      ],
      [
        4.634e-15,
        4.256e-15,
