{
  "3 -> 2": {
    "e": [
      5000.0,
      10000.0,
      15000.0,
      20000.0,
      25000.0,
      30000.0,
      35000.0,
      40000.0,
      45000.0,
      50000.0,
      55000.0,
      60000.0,
      65000.0,
      70000.0,
      75000.0,
      80000.0,
      85000.0,
      90000.0,
      95000.0,
      100000.0,
      105000.0,
      110000.0,
      115000.0,
      120000.0,
      125000.0
    ],
    "eref": 65000.0,
    "n": [
      1e+18,
      2e+18,
      3e+18,
      5e+18,
      6e+18,
      7e+18,
      8e+18,
      9e+18,
      1e+19,
      2e+19,
      3e+19,
      5e+19,
      6e+19,
      7e+19,
      8e+19,
      9e+19,
      1e+20,
      2e+20,
      3e+20,
      5e+20,
      6e+20,
      7e+20,
      8e+20,
      9e+20,
      1e+21
    ],
    "nref": 6e+19,
    "sen": [
      [
        1.629e-15,
        1.4949999999999998e-15,
        1.392e-15,
        1.2320000000000001e-15,
        1.167e-15,
        1.1089999999999999e-15,
        1.057e-15,
        1.0109999999999999e-15,
        9.685999999999998e-16,
        6.908e-16,
        5.435000000000001e-16,
        3.887e-16,
        3.427e-16,
        3.074e-16,
        2.796e-16,
        2.569e-16,
        2.3809999999999996e-16,
        1.4279999999999997e-16,
        1.0499999999999999e-16,
        7.012999999999999e-17,
        6.041999999999999e-17,
        5.315e-17,
        4.748e-17,
        4.2929999999999996e-17,
        3.919e-17
      ],
      [
        1.6799999999999999e-15,
        1.54e-15,
        1.4309999999999998e-15,
        1.261e-15,
        1.1929999999999999e-15,
        1.132e-15,
        1.078e-15,
        1.03e-15,
        9.855999999999999e-16,
        6.986000000000001e-16,
        5.483e-16,
        3.911e-16,
        3.445e-16,
        3.0869999999999997e-16,
        2.804e-16,
        2.5729999999999996e-16,
        2.3809999999999996e-16,
        1.405e-16,
        1.0169999999999999e-16,
        6.637999999999999e-17,
        5.670999999999999e-17,
        4.953e-17,
        4.399e-17,
        3.958e-17,
        3.5969999999999996e-17
      ],
      [
        1.766e-15,
        1.6259999999999998e-15,
        1.517e-15,
        1.3459999999999998e-15,
        1.2759999999999998e-15,
        1.2139999999999998e-15,
        1.1589999999999999e-15,
        1.108e-15,
        1.063e-15,
        7.633e-16,
        6.038999999999999e-16,
        4.3499999999999997e-16,
        3.843e-16,
        3.4529999999999996e-16,
        3.142e-16,
        2.8889999999999997e-16,
        2.677e-16,
        1.5889999999999998e-16,
        1.15e-16,
        7.499e-17,
        6.402e-17,
        5.588e-17,
        4.96e-17,
        4.46e-17,
        4.052e-17
      ],
      [
        1.9719999999999997e-15,
        1.821e-15,
        1.7019999999999998e-15,
        1.514e-15,
        1.4369999999999999e-15,
        1.369e-15,
        1.308e-15,
        1.252e-15,
        1.202e-15,
        8.685e-16,
        6.902e-16,
        5.004999999999999e-16,
        4.4339999999999997e-16,
        3.993e-16,
        3.641e-16,
        3.3519999999999995e-16,
        3.1109999999999997e-16,
        1.865e-16,
        1.357e-16,
        8.895e-17,
        7.604e-17,
        6.645e-17,
        5.903e-17,
        5.3119999999999995e-17,
        4.829e-17
      ],
      [
        2.3119999999999997e-15,
        2.1379999999999996e-15,
        1.9989999999999995e-15,
        1.779e-15,
        1.689e-15,
        1.609e-15,
        1.537e-15,
        1.4709999999999998e-15,
        1.412e-15,
        1.0219999999999998e-15,
        8.129999999999999e-16,
        5.913e-16,
        5.246e-16,
        4.73e-16,
        4.319e-16,
        3.9819999999999994e-16,
        3.7e-16,
        2.2359999999999998e-16,
        1.634e-16,
        1.0769999999999999e-16,
        9.217999999999999e-17,
        8.065e-17,
        7.172e-17,
        6.457999999999999e-17,
        5.874e-17
      ],
      [
        2.7499999999999997e-15,
        2.544e-15,
        2.3779999999999996e-15,
        2.114e-15,
        2.006e-15,
        1.91e-15,
        1.8239999999999997e-15,
        1.746e-15,
        1.6749999999999998e-15,
        1.209e-15,
        9.619999999999999e-16,
        7.002e-16,
        6.214999999999999e-16,
        5.608e-16,
        5.124e-16,
        4.727e-16,
        4.3949999999999994e-16,
        2.67e-16,
        1.958e-16,
        1.2949999999999998e-16,
        1.11e-16,
        9.72e-17,
        8.649e-17,
        7.792999999999999e-17,
        7.092999999999999e-17
      ],
      [
        3.1949999999999997e-15,
        2.9569999999999997e-15,
        2.763e-15,
        2.454e-15,
        2.3279999999999996e-15,
        2.215e-15,
        2.114e-15,
        2.023e-15,
        1.9409999999999998e-15,
        1.399e-15,
        1.113e-15,
        8.106999999999999e-16,
        7.201e-16,
        6.502e-16,
        5.944999999999999e-16,
        5.488e-16,
        5.105e-16,
        3.1159999999999998e-16,
        2.292e-16,
        1.5199999999999998e-16,
        1.304e-16,
        1.1429999999999998e-16,
        1.018e-16,
        9.175e-17,
        8.354e-17
      ],
      [
        3.599e-15,
        3.331e-15,
        3.1119999999999997e-15,
        2.763e-15,
        2.62e-15,
        2.4929999999999997e-15,
        2.3790000000000002e-15,
        2.276e-15,
        2.1829999999999998e-15,
        1.574e-15,
        1.2529999999999999e-15,
        9.145e-16,
        8.130999999999999e-16,
        7.349e-16,
        6.725e-16,
        6.214e-16,
        5.785e-16,
        3.5489999999999996e-16,
        2.618e-16,
        1.742e-16,
        1.496e-16,
        1.312e-16,
        1.169e-16,
        1.054e-16,
        9.600999999999999e-17
      ],
      [
        3.978999999999999e-15,
        3.683e-15,
        3.4409999999999997e-15,
        3.054e-15,
        2.895e-15,
        2.755e-15,
        2.629e-15,
        2.515e-15,
        2.4119999999999998e-15,
        1.739e-15,
        1.3859999999999998e-15,
        1.014e-15,
        9.029e-16,
        8.169e-16,
        7.483e-16,
        6.919e-16,
        6.446999999999999e-16,
        3.975e-16,
        2.94e-16,
        1.961e-16,
        1.686e-16,
        1.479e-16,
        1.318e-16,
        1.189e-16,
        1.084e-16
      ],
      [
        4.3359999999999995e-15,
        4.015e-15,
        3.751e-15,
        3.329e-15,
        3.1559999999999996e-15,
        3.003e-15,
        2.865e-15,
        2.7409999999999998e-15,
        2.629e-15,
        1.8979999999999997e-15,
        1.514e-15,
        1.111e-15,
        9.898e-16,
        8.964e-16,
        8.216999999999999e-16,
        7.604e-16,
        7.09e-16,
        4.391e-16,
        3.2539999999999997e-16,
        2.1749999999999998e-16,
        1.871e-16,
        1.642e-16,
        1.464e-16,
        1.321e-16,
        1.204e-16
      ],
      [
        4.668e-15,
        4.324e-15,
        4.04e-15,
        3.5859999999999995e-15,
        3.3999999999999996e-15,
        3.235e-15,
        3.088e-15,
        2.9549999999999997e-15,
        2.834e-15,
        2.0489999999999996e-15,
        1.637e-15,
        1.2039999999999998e-15,
        1.0739999999999999e-15,
        9.734e-16,
        8.93e-16,
        8.27e-16,
        7.714999999999999e-16,
        4.795999999999999e-16,
        3.56e-16,
        2.383e-16,
        2.051e-16,
        1.801e-16,
        1.6059999999999999e-16,
        1.449e-16,
        1.321e-16
      ],
      [
        4.984e-15,
        4.6189999999999995e-15,
        4.317e-15,
        3.8339999999999996e-15,
        3.637e-15,
        3.4609999999999996e-15,
        3.304e-15,
        3.1619999999999997e-15,
        3.034e-15,
        2.197e-15,
        1.7579999999999998e-15,
        1.296e-15,
        1.157e-15,
        1.0500000000000001e-15,
        9.639e-16,
        8.932e-16,
        8.338e-16,
        5.199e-16,
        3.864e-16,
        2.5899999999999997e-16,
        2.229e-16,
        1.958e-16,
