{
  "e": [
    5000.0,
    10000.0,
    15000.0,
    20000.0,
    25000.0,
    30000.0,
    35000.0,
    40000.0,
    45000.0,
    50000.0,
    55000.0,
    60000.0,
    65000.0,
    70000.0,
    75000.0,
    80000.0,
    85000.0,
    90000.0,
    95000.0,
    100000.0,
    105000.0,
    110000.0,
    115000.0,
    120000.0,
    125000.0
  ],
  "eref": 65000.0,
  "n": [
    1e+18,
    2e+18,
    3e+18,
    5e+18,
    6e+18,
    7e+18,
    8e+18,
    9e+18,
    1e+19,
    2e+19,
    3e+19,
    5e+19,
    6e+19,
    7e+19,
    8e+19,
    9e+19,
    1e+20,
    2e+20,
    3e+20,
    5e+20,
    6e+20,
    7e+20,
    8e+20,
    9e+20,
    1e+21
  ],
  "nref": 6e+19,
  "sen": [
    [
      3.2299999999999994e-11,
      5.643e-11,
      7.563e-11,
      1.045e-10,
      1.1579999999999999e-10,
      1.254e-10,
      1.339e-10,
      1.414e-10,
      1.4809999999999998e-10,
      1.9e-10,
      2.124e-10,
      2.391e-10,
      2.485e-10,
      2.565e-10,
      2.636e-10,
      2.698e-10,
      2.755e-10,
      3.1439999999999997e-10,
      3.373e-10,
      3.642e-10,
      3.7289999999999997e-10,
      3.797e-10,
      3.8519999999999997e-10,
      3.8969999999999996e-10,
      3.936e-10
    ],
    [
      3.2049999999999995e-11,
      5.445999999999999e-11,
      7.145999999999999e-11,
      9.577e-11,
      1.0479999999999999e-10,
      1.1249999999999999e-10,
      1.1909999999999998e-10,
      1.248e-10,
      1.299e-10,
      1.606e-10,
      1.763e-10,
      1.9419999999999999e-10,
      2.0029999999999997e-10,
      2.052e-10,
      2.094e-10,
      2.13e-10,
      2.162e-10,
      2.354e-10,
      2.447e-10,
      2.5389999999999997e-10,
      2.5659999999999997e-10,
      2.5859999999999997e-10,
      2.602e-10,
      2.614e-10,
      2.6249999999999997e-10
    ],
    [
      3.439e-11,
      5.932e-11,
      7.87e-11,
      1.072e-10,
      1.1799999999999998e-10,
      1.2719999999999998e-10,
      1.3530000000000001e-10,
      1.423e-10,
      1.486e-10,
      1.8699999999999997e-10,
      2.067e-10,
      2.288e-10,
      2.359e-10,
      2.417e-10,
      2.465e-10,
      2.505e-10,
      2.541e-10,
      2.7389999999999995e-10,
      2.8269999999999996e-10,
      2.9109999999999996e-10,
      2.9339999999999994e-10,
      2.951e-10,
      2.964e-10,
      2.975e-10,
      2.983e-10
    ],
    [
      3.592e-11,
      6.276e-11,
      8.41e-11,
      1.162e-10,
      1.287e-10,
      1.394e-10,
      1.488e-10,
      1.5719999999999998e-10,
      1.6459999999999998e-10,
      2.111e-10,
      2.355e-10,
      2.629e-10,
      2.717e-10,
      2.788e-10,
      2.8469999999999996e-10,
      2.897e-10,
      2.9399999999999997e-10,
      3.1789999999999996e-10,
      3.284e-10,
      3.3809999999999995e-10,
      3.4079999999999995e-10,
      3.4279999999999994e-10,
      3.443e-10,
      3.455e-10,
      3.465e-10
    ],
    [
      3.6499999999999997e-11,
      6.422e-11,
      8.652e-11,
      1.205e-10,
      1.339e-10,
      1.4550000000000001e-10,
      1.557e-10,
      1.648e-10,
      1.729e-10,
      2.2469999999999998e-10,
      2.525e-10,
      2.8410000000000003e-10,
      2.9449999999999997e-10,
      3.0289999999999996e-10,
      3.099e-10,
      3.158e-10,
      3.21e-10,
      3.4979999999999997e-10,
      3.6259999999999997e-10,
      3.746e-10,
      3.779e-10,
      3.8039999999999995e-10,
      3.823e-10,
      3.838e-10,
      3.8499999999999996e-10
    ],
    [
      3.664e-11,
      6.467999999999999e-11,
      8.736e-11,
      1.2219999999999998e-10,
      1.36e-10,
      1.4799999999999998e-10,
      1.586e-10,
      1.68e-10,
      1.765e-10,
      2.312e-10,
      2.611e-10,
      2.9599999999999996e-10,
      3.077e-10,
      3.172e-10,
      3.2519999999999997e-10,
      3.32e-10,
      3.3789999999999994e-10,
      3.719e-10,
      3.8729999999999994e-10,
      4.02e-10,
      4.0609999999999997e-10,
      4.092e-10,
      4.115e-10,
      4.134e-10,
      4.149e-10
    ],
    [
      3.7219999999999995e-11,
      6.588e-11,
      8.918e-11,
      1.252e-10,
      1.394e-10,
      1.519e-10,
      1.63e-10,
      1.728e-10,
      1.8169999999999998e-10,
      2.396e-10,
      2.718e-10,
      3.101e-10,
      3.231e-10,
      3.338e-10,
      3.4279999999999994e-10,
      3.506e-10,
      3.573e-10,
      3.969e-10,
      4.1519999999999997e-10,
      4.328e-10,
      4.378e-10,
      4.415e-10,
      4.444e-10,
      4.466e-10,
      4.485e-10
    ],
    [
      3.866e-11,
      6.862e-11,
      9.307e-11,
      1.31e-10,
      1.461e-10,
      1.594e-10,
      1.711e-10,
      1.8169999999999998e-10,
      1.912e-10,
      2.5349999999999995e-10,
      2.887e-10,
      3.311e-10,
      3.457e-10,
      3.578e-10,
      3.6799999999999997e-10,
      3.7689999999999996e-10,
      3.8470000000000003e-10,
      4.308e-10,
      4.525e-10,
      4.738e-10,
      4.797999999999999e-10,
      4.843e-10,
      4.877e-10,
      4.905e-10,
      4.928e-10
    ],
    [
      4.071e-11,
      7.241e-11,
      9.836999999999999e-11,
      1.388e-10,
      1.549e-10,
      1.691e-10,
      1.8169999999999998e-10,
      1.93e-10,
      2.032e-10,
      2.7060000000000003e-10,
      3.0909999999999995e-10,
      3.5599999999999996e-10,
      3.724e-10,
      3.86e-10,
      3.976e-10,
      4.0769999999999995e-10,
      4.166e-10,
      4.698e-10,
      4.954e-10,
      5.207e-10,
      5.279e-10,
      5.331999999999999e-10,
      5.374e-10,
      5.408e-10,
      5.435e-10
    ],
    [
      4.3739999999999996e-11,
      7.794e-11,
      1.06e-10,
      1.4980000000000002e-10,
      1.6729999999999998e-10,
      1.827e-10,
      1.964e-10,
      2.087e-10,
      2.1979999999999998e-10,
      2.9359999999999995e-10,
      3.3609999999999996e-10,
      3.883e-10,
      4.067e-10,
      4.221e-10,
      4.352e-10,
      4.467e-10,
      4.5679999999999996e-10,
      5.18e-10,
      5.477e-10,
      5.774e-10,
      5.858999999999999e-10,
      5.922e-10,
      5.972e-10,
      6.012e-10,
      6.043999999999999e-10
    ],
    [
      4.783e-11,
      8.538e-11,
      1.162e-10,
      1.6449999999999997e-10,
      1.8379999999999998e-10,
      2.009e-10,
      2.1599999999999998e-10,
      2.296e-10,
      2.419e-10,
      3.239e-10,
      3.713e-10,
      4.301e-10,
      4.508e-10,
      4.682e-10,
      4.830999999999999e-10,
      4.962e-10,
      5.077e-10,
      5.778999999999999e-10,
      6.122999999999999e-10,
      6.468e-10,
      6.566999999999999e-10,
      6.641e-10,
      6.698999999999999e-10,
      6.744999999999999e-10,
      6.782999999999999e-10
    ],
    [
      5.303e-11,
      9.488e-11,
      1.294e-10,
      1.834e-10,
      2.052e-10,
      2.243e-10,
      2.414e-10,
      2.567e-10,
      2.7060000000000003e-10,
      3.6339999999999995e-10,
      4.173e-10,
      4.843e-10,
      5.08e-10,
      5.28e-10,
      5.450999999999999e-10,
      5.601e-10,
      5.733999999999999e-10,
      6.545e-10,
      6.945e-10,
      7.345999999999999e-10,
      7.462e-10,
      7.548999999999999e-10,
      7.617e-10,
      7.671e-10,
      7.716e-10
    ],
    [
      5.917e-11,
      1.061e-10,
      1.4489999999999999e-10,
      2.0579999999999998e-10,
      2.3039999999999997e-10,
      2.521e-10,
      2.7139999999999996e-10,
      2.8880000000000003e-10,
      3.045e-10,
      4.1009999999999996e-10,
      4.716e-10,
      5.484e-10,
      5.756999999999999e-10,
      5.986e-10,
      6.183e-10,
      6.356000000000001e-10,
      6.508e-10,
      7.446e-10,
      7.91e-10,
      8.377e-10,
      8.511e-10,
      8.612999999999999e-10,
      8.692e-10,
      8.754999999999999e-10,
      8.807e-10
    ],
    [
      6.537e-11,
      1.1739999999999998e-10,
      1.605e-10,
      2.2839999999999998e-10,
      2.558e-10,
      2.7999999999999996e-10,
      3.016e-10,
      3.21e-10,
      3.387e-10,
      4.5709999999999995e-10,
      5.264e-10,
      6.132e-10,
      6.44e-10,
      6.7e-10,
      6.924e-10,
