{
  "e": [
    5000.0,
    10000.0,
    15000.0,
    20000.0,
    25000.0,
    30000.0,
    35000.0,
    40000.0,
    45000.0,
    50000.0,
    55000.0,
    60000.0,
    65000.0,
    70000.0,
    75000.0,
    80000.0,
    85000.0,
    90000.0,
    95000.0,
    100000.0,
    105000.0,
    110000.0,
    115000.0,
    120000.0,
    125000.0
  ],
  "eref": 65000.0,
  "n": [
    1e+18,
    2e+18,
    3e+18,
    5e+18,
    6e+18,
    7e+18,
    8e+18,
    9e+18,
    1e+19,
    2e+19,
    3e+19,
    5e+19,
    6e+19,
    7e+19,
    8e+19,
    9e+19,
    1e+20,
    2e+20,
    3e+20,
    5e+20,
    6e+20,
    7e+20,
    8e+20,
    9e+20,
    1e+21
  ],
  "nref": 6e+19,
  "sen": [
    [
      1.74e-11,
      2.1849999999999998e-11,
      2.41e-11,
      2.655e-11,
      2.732e-11,
      2.794e-11,
      2.8459999999999998e-11,
      2.8889999999999997e-11,
      2.926e-11,
      3.147e-11,
      3.2629999999999995e-11,
      3.4100000000000004e-11,
      3.4659999999999993e-11,
      3.5139999999999994e-11,
      3.557e-11,
      3.597e-11,
      3.633e-11,
      3.892e-11,
      4.049e-11,
      4.2349999999999995e-11,
      4.295e-11,
      4.342e-11,
      4.381e-11,
      4.412e-11,
      4.439e-11
    ],
    [
      1.982e-11,
      2.5599999999999998e-11,
      2.8589999999999998e-11,
      3.1829999999999995e-11,
      3.2849999999999995e-11,
      3.3649999999999995e-11,
      3.43e-11,
      3.485e-11,
      3.532e-11,
      3.8e-11,
      3.9339999999999997e-11,
      4.091e-11,
      4.146e-11,
      4.1919999999999996e-11,
      4.231e-11,
      4.2649999999999996e-11,
      4.296e-11,
      4.481e-11,
      4.572e-11,
      4.663e-11,
      4.689e-11,
      4.7089999999999996e-11,
      4.7239999999999997e-11,
      4.736e-11,
      4.7460000000000003e-11
    ],
    [
      2.192e-11,
      2.907e-11,
      3.295e-11,
      3.731e-11,
      3.872e-11,
      3.985e-11,
      4.078e-11,
      4.156999999999999e-11,
      4.2249999999999996e-11,
      4.615e-11,
      4.808e-11,
      5.025e-11,
      5.097e-11,
      5.155e-11,
      5.204e-11,
      5.246e-11,
      5.283e-11,
      5.489e-11,
      5.5819999999999994e-11,
      5.67e-11,
      5.694e-11,
      5.712e-11,
      5.725999999999999e-11,
      5.737e-11,
      5.746e-11
    ],
    [
      2.307e-11,
      3.1010000000000005e-11,
      3.5469999999999995e-11,
      4.067e-11,
      4.2389999999999995e-11,
      4.379e-11,
      4.496e-11,
      4.5959999999999996e-11,
      4.682e-11,
      5.1919999999999994e-11,
      5.4479999999999996e-11,
      5.7359999999999996e-11,
      5.83e-11,
      5.907e-11,
      5.97e-11,
      6.023999999999999e-11,
      6.07e-11,
      6.329999999999999e-11,
      6.444e-11,
      6.551e-11,
      6.58e-11,
      6.601e-11,
      6.618e-11,
      6.630999999999999e-11,
      6.640999999999999e-11
    ],
    [
      2.3879999999999996e-11,
      3.246e-11,
      3.739e-11,
      4.329e-11,
      4.529e-11,
      4.693e-11,
      4.8319999999999994e-11,
      4.95e-11,
      5.054e-11,
      5.6779999999999997e-11,
      5.998e-11,
      6.362999999999999e-11,
      6.483999999999999e-11,
      6.582e-11,
      6.663000000000001e-11,
      6.732999999999999e-11,
      6.792999999999999e-11,
      7.131e-11,
      7.28e-11,
      7.419e-11,
      7.457e-11,
      7.486e-11,
      7.506999999999999e-11,
      7.525e-11,
      7.539e-11
    ],
    [
      2.437e-11,
      3.3389999999999994e-11,
      3.868e-11,
      4.512e-11,
      4.7339999999999995e-11,
      4.9169999999999997e-11,
      5.072e-11,
      5.206e-11,
      5.3239999999999995e-11,
      6.043e-11,
      6.422e-11,
      6.863e-11,
      7.012e-11,
      7.132999999999999e-11,
      7.234999999999999e-11,
      7.322e-11,
      7.398e-11,
      7.832e-11,
      8.027999999999999e-11,
      8.212999999999999e-11,
      8.265e-11,
      8.303e-11,
      8.331999999999999e-11,
      8.355e-11,
      8.373999999999999e-11
    ],
    [
      2.4919999999999996e-11,
      3.4459999999999997e-11,
      4.015e-11,
      4.72e-11,
      4.965e-11,
      5.17e-11,
      5.344e-11,
      5.4949999999999995e-11,
      5.628e-11,
      6.452e-11,
      6.896e-11,
      7.423e-11,
      7.603e-11,
      7.750999999999999e-11,
      7.877e-11,
      7.983999999999999e-11,
      8.077999999999999e-11,
      8.626e-11,
      8.877000000000001e-11,
      9.118e-11,
      9.185e-11,
      9.235e-11,
      9.274e-11,
      9.304999999999999e-11,
      9.33e-11
    ],
    [
      2.561e-11,
      3.5719999999999994e-11,
      4.186e-11,
      4.9599999999999995e-11,
      5.233e-11,
      5.462e-11,
      5.657e-11,
      5.827999999999999e-11,
      5.978e-11,
      6.923999999999999e-11,
      7.441999999999999e-11,
      8.067999999999999e-11,
      8.284999999999999e-11,
      8.464e-11,
      8.617e-11,
      8.749e-11,
      8.865e-11,
      9.548e-11,
      9.867e-11,
      1.0179999999999999e-10,
      1.026e-10,
      1.033e-10,
      1.0379999999999999e-10,
      1.042e-10,
      1.045e-10
    ],
    [
      2.629e-11,
      3.693e-11,
      4.3479999999999995e-11,
      5.187e-11,
      5.487e-11,
      5.738e-11,
      5.954999999999999e-11,
      6.144e-11,
      6.312e-11,
      7.378e-11,
      7.972e-11,
      8.699e-11,
      8.954e-11,
      9.166e-11,
      9.348e-11,
      9.505e-11,
      9.644e-11,
      1.047e-10,
      1.087e-10,
      1.1249999999999999e-10,
      1.1359999999999999e-10,
      1.144e-10,
      1.151e-10,
      1.156e-10,
      1.16e-10
    ],
    [
      2.694e-11,
      3.8009999999999993e-11,
      4.4939999999999996e-11,
      5.391999999999999e-11,
      5.716e-11,
      5.989e-11,
      6.224999999999999e-11,
      6.431999999999999e-11,
      6.616999999999999e-11,
      7.797999999999999e-11,
      8.465e-11,
      9.291999999999999e-11,
      9.584e-11,
      9.828e-11,
      1.004e-10,
      1.0219999999999999e-10,
      1.0379999999999999e-10,
      1.1359999999999999e-10,
      1.182e-10,
      1.229e-10,
      1.242e-10,
      1.252e-10,
      1.259e-10,
      1.2659999999999998e-10,
      1.271e-10
    ],
    [
      2.782e-11,
      3.944e-11,
      4.6829999999999995e-11,
      5.653999999999999e-11,
      6.008e-11,
      6.307999999999999e-11,
      6.567999999999999e-11,
      6.797e-11,
      7.002e-11,
      8.322e-11,
      9.075e-11,
      1.0019999999999999e-10,
      1.0349999999999999e-10,
      1.0629999999999998e-10,
      1.087e-10,
      1.108e-10,
      1.127e-10,
      1.241e-10,
      1.296e-10,
      1.35e-10,
      1.366e-10,
      1.377e-10,
      1.386e-10,
      1.394e-10,
      1.3999999999999998e-10
    ],
    [
      2.8969999999999998e-11,
      4.131999999999999e-11,
      4.9299999999999994e-11,
      5.995e-11,
      6.388e-11,
      6.721999999999999e-11,
      7.014e-11,
      7.271e-11,
      7.501e-11,
      8.998999999999999e-11,
      9.861999999999999e-11,
      1.095e-10,
      1.133e-10,
      1.166e-10,
      1.194e-10,
      1.218e-10,
      1.24e-10,
      1.373e-10,
      1.4369999999999998e-10,
      1.5019999999999998e-10,
      1.52e-10,
      1.5339999999999998e-10,
      1.5449999999999998e-10,
      1.553e-10,
      1.5599999999999998e-10
    ],
    [
      3.0409999999999995e-11,
      4.3669999999999996e-11,
      5.238e-11,
      6.42e-11,
      6.86e-11,
      7.236999999999999e-11,
      7.566e-11,
      7.857999999999999e-11,
      8.118999999999999e-11,
      9.835e-11,
      1.083e-10,
      1.2079999999999999e-10,
      1.253e-10,
      1.291e-10,
      1.3239999999999998e-10,
      1.3530000000000001e-10,
      1.3779999999999998e-10,
      1.533e-10,
      1.609e-10,
      1.6849999999999999e-10,
      1.7059999999999998e-10,
      1.723e-10,
      1.7349999999999997e-10,
      1.7450000000000002e-10,
      1.754e-10
    ],
    [
      3.215e-11,
      4.6509999999999996e-11,
      5.61e-11,
      6.93e-11,
      7.426e-11,
      7.852999999999999e-11,
      8.226999999999999e-11,
