{
  "3 -> 2": {
    "e": [
      5000.0,
      10000.0,
      15000.0,
      20000.0,
      25000.0,
      30000.0,
      35000.0,
      40000.0,
      45000.0,
      50000.0,
      55000.0,
      60000.0,
      65000.0,
      70000.0,
      75000.0,
      80000.0,
      85000.0,
      90000.0,
      95000.0,
      100000.0,
      105000.0,
      110000.0,
      115000.0,
      120000.0,
      125000.0
    ],
    "eref": 65000.0,
    "n": [
      1e+18,
      2e+18,
      3e+18,
      5e+18,
      6e+18,
      7e+18,
      8e+18,
      9e+18,
      1e+19,
      2e+19,
      3e+19,
      5e+19,
      6e+19,
      7e+19,
      8e+19,
      9e+19,
      1e+20,
      2e+20,
      3e+20,
      5e+20,
      6e+20,
      7e+20,
      8e+20,
      9e+20,
      1e+21
    ],
    "nref": 6e+19,
    "sen": [
      [
        1.445e-15,
        1.271e-15,
        1.142e-15,
        9.55e-16,
        8.840999999999999e-16,
        8.235e-16,
        7.710999999999999e-16,
        7.253e-16,
        6.847999999999999e-16,
        4.445e-16,
        3.3319999999999997e-16,
        2.263e-16,
        1.963e-16,
        1.74e-16,
        1.566e-16,
        1.426e-16,
        1.312e-16,
        7.521999999999999e-17,
        5.397e-17,
        3.5089999999999994e-17,
        2.9969999999999997e-17,
        2.6179999999999998e-17,
        2.325e-17,
        2.093e-17,
        1.903e-17
      ],
      [
        1.4379999999999999e-15,
        1.234e-15,
        1.089e-15,
        8.855999999999999e-16,
        8.113e-16,
        7.491e-16,
        6.961e-16,
        6.504e-16,
        6.105e-16,
        3.828e-16,
        2.821e-16,
        1.878e-16,
        1.617e-16,
        1.423e-16,
        1.273e-16,
        1.152e-16,
        1.054e-16,
        5.78e-17,
        4.021e-17,
        2.5149999999999996e-17,
        2.1199999999999998e-17,
        1.833e-17,
        1.615e-17,
        1.443e-17,
        1.3049999999999999e-17
      ],
      [
        1.512e-15,
        1.3159999999999999e-15,
        1.173e-15,
        9.693e-16,
        8.932e-16,
        8.288e-16,
        7.734e-16,
        7.253e-16,
        6.831999999999999e-16,
        4.365e-16,
        3.2419999999999997e-16,
        2.171e-16,
        1.871e-16,
        1.646e-16,
        1.4719999999999998e-16,
        1.3319999999999998e-16,
        1.218e-16,
        6.62e-17,
        4.575e-17,
        2.838e-17,
        2.3859999999999998e-17,
        2.059e-17,
        1.811e-17,
        1.6159999999999997e-17,
        1.46e-17
      ],
      [
        1.589e-15,
        1.3999999999999999e-15,
        1.259e-15,
        1.055e-15,
        9.769e-16,
        9.106e-16,
        8.530999999999999e-16,
        8.029e-16,
        7.585e-16,
        4.938e-16,
        3.701e-16,
        2.5e-16,
        2.1599999999999998e-16,
        1.904e-16,
        1.705e-16,
        1.545e-16,
        1.413e-16,
        7.71e-17,
        5.332e-17,
        3.3079999999999993e-17,
        2.782e-17,
        2.4009999999999998e-17,
        2.1109999999999996e-17,
        1.8839999999999998e-17,
        1.702e-17
      ],
      [
        1.66e-15,
        1.472e-15,
        1.331e-15,
        1.123e-15,
        1.043e-15,
        9.75e-16,
        9.155e-16,
        8.632999999999999e-16,
        8.171e-16,
        5.383e-16,
        4.06e-16,
        2.7649999999999996e-16,
        2.395e-16,
        2.1159999999999998e-16,
        1.898e-16,
        1.7229999999999998e-16,
        1.5779999999999997e-16,
        8.68e-17,
        6.025999999999999e-17,
        3.752e-17,
        3.159e-17,
        2.7279999999999997e-17,
        2.4009999999999998e-17,
        2.1439999999999997e-17,
        1.9360000000000002e-17
      ],
      [
        1.759e-15,
        1.565e-15,
        1.418e-15,
        1.201e-15,
        1.117e-15,
        1.045e-15,
        9.826e-16,
        9.274e-16,
        8.785e-16,
        5.823e-16,
        4.4099999999999997e-16,
        3.019e-16,
        2.62e-16,
        2.3199999999999997e-16,
        2.084e-16,
        1.894e-16,
        1.737e-16,
        9.633e-17,
        6.713999999999999e-17,
        4.199e-17,
        3.539e-17,
        3.059e-17,
        2.693e-17,
        2.4059999999999997e-17,
        2.175e-17
      ],
      [
        1.912e-15,
        1.706e-15,
        1.549e-15,
        1.3149999999999999e-15,
        1.2239999999999998e-15,
        1.1470000000000001e-15,
        1.079e-15,
        1.019e-15,
        9.655e-16,
        6.426e-16,
        4.879e-16,
        3.353e-16,
        2.9149999999999995e-16,
        2.584e-16,
        2.324e-16,
        2.1139999999999997e-16,
        1.941e-16,
        1.083e-16,
        7.575e-17,
        4.754e-17,
        4.0109999999999994e-17,
        3.4689999999999996e-17,
        3.0569999999999997e-17,
        2.7319999999999996e-17,
        2.47e-17
      ],
      [
        2.1219999999999998e-15,
        1.899e-15,
        1.7269999999999999e-15,
        1.469e-15,
        1.37e-15,
        1.283e-15,
        1.208e-15,
        1.141e-15,
        1.082e-15,
        7.227e-16,
        5.498e-16,
        3.789e-16,
        3.297e-16,
        2.926e-16,
        2.634e-16,
        2.3979999999999997e-16,
        2.203e-16,
        1.2359999999999998e-16,
        8.67e-17,
        5.458e-17,
        4.6089999999999994e-17,
        3.9889999999999993e-17,
        3.517e-17,
        3.145e-17,
        2.845e-17
      ],
      [
        2.357e-15,
        2.114e-15,
        1.9239999999999997e-15,
        1.6399999999999998e-15,
        1.529e-15,
        1.434e-15,
        1.35e-15,
        1.2759999999999998e-15,
        1.21e-15,
        8.098999999999999e-16,
        6.170999999999999e-16,
        4.261e-16,
        3.712e-16,
        3.297e-16,
        2.97e-16,
        2.7059999999999995e-16,
        2.488e-16,
        1.402e-16,
        9.860999999999999e-17,
        6.223999999999999e-17,
        5.2599999999999994e-17,
        4.556e-17,
        4.019e-17,
        3.5959999999999997e-17,
        3.253e-17
      ],
      [
        2.612e-15,
        2.345e-15,
        2.136e-15,
        1.822e-15,
        1.6999999999999998e-15,
        1.594e-15,
        1.501e-15,
        1.419e-15,
        1.347e-15,
        9.021e-16,
        6.881e-16,
        4.759999999999999e-16,
        4.1489999999999995e-16,
        3.6869999999999996e-16,
        3.324e-16,
        3.031e-16,
        2.788e-16,
        1.577e-16,
        1.111e-16,
        7.031e-17,
        5.947e-17,
        5.1539999999999995e-17,
        4.548e-17,
        4.0699999999999995e-17,
        3.682999999999999e-17
      ],
      [
        2.8780000000000002e-15,
        2.5869999999999996e-15,
        2.3579999999999997e-15,
        2.0129999999999998e-15,
        1.8779999999999998e-15,
        1.7619999999999998e-15,
        1.66e-15,
        1.569e-15,
        1.489e-15,
        9.993e-16,
        7.630999999999999e-16,
        5.287999999999999e-16,
        4.613e-16,
        4.102e-16,
        3.7e-16,
        3.375e-16,
        3.1059999999999996e-16,
        1.763e-16,
        1.245e-16,
        7.889e-17,
        6.675e-17,
        5.787e-17,
        5.109e-17,
        4.573e-17,
        4.14e-17
      ],
      [
        3.145e-15,
        2.8309999999999997e-15,
        2.5829999999999996e-15,
        2.2079999999999996e-15,
        2.062e-15,
        1.934e-15,
        1.823e-15,
        1.7249999999999998e-15,
        1.637e-15,
        1.101e-15,
        8.423999999999999e-16,
        5.851e-16,
        5.109e-16,
        4.546e-16,
        4.1039999999999997e-16,
        3.7449999999999997e-16,
        3.449e-16,
        1.9639999999999997e-16,
        1.388e-16,
        8.815e-17,
        7.463e-17,
        6.472e-17,
        5.714999999999999e-17,
        5.117e-17,
        4.633e-17
      ],
      [
        3.394e-15,
        3.06e-15,
        2.795e-15,
        2.3929999999999996e-15,
        2.236e-15,
        2.0989999999999996e-15,
