{
  "e": [
    5000.0,
    10000.0,
    15000.0,
    20000.0,
    25000.0,
    30000.0,
    35000.0,
    40000.0,
    45000.0,
    50000.0,
    55000.0,
    60000.0,
    65000.0,
    70000.0,
    75000.0,
    80000.0,
    85000.0,
    90000.0,
    95000.0,
    100000.0,
    105000.0,
    110000.0,
    115000.0,
    120000.0,
    125000.0
  ],
  "eref": 65000.0,
  "n": [
    1e+18,
    2e+18,
    3e+18,
    5e+18,
    6e+18,
    7e+18,
    8e+18,
    9e+18,
    1e+19,
    2e+19,
    3e+19,
    5e+19,
    6e+19,
    7e+19,
    8e+19,
    9e+19,
    1e+20,
    2e+20,
    3e+20,
    5e+20,
    6e+20,
    7e+20,
    8e+20,
    9e+20,
    1e+21
  ],
  "nref": 6e+19,
  "sen": [
    [
      4.757e-11,
      9.401e-11,
      1.398e-10,
      2.296e-10,
      2.7389999999999995e-10,
      3.177e-10,
      3.612e-10,
      4.042e-10,
      4.47e-10,
      8.582e-10,
      1.245e-09,
      1.9569999999999998e-09,
      2.287e-09,
      2.601e-09,
      2.8999999999999995e-09,
      3.187e-09,
      3.4599999999999996e-09,
      5.6559999999999995e-09,
      7.185e-09,
      9.175000000000001e-09,
      9.858999999999999e-09,
      1.041e-08,
      1.0869999999999999e-08,
      1.1259999999999998e-08,
      1.159e-08
    ],
    [
      4.9969999999999996e-11,
      9.867e-11,
      1.4660000000000002e-10,
      2.403e-10,
      2.864e-10,
      3.3189999999999996e-10,
      3.77e-10,
      4.2159999999999997e-10,
      4.658e-10,
      8.871e-10,
      1.2769999999999998e-09,
      1.9799999999999998e-09,
      2.2989999999999996e-09,
      2.5999999999999997e-09,
      2.883e-09,
      3.15e-09,
      3.403e-09,
      5.3429999999999994e-09,
      6.606e-09,
      8.151e-09,
      8.658e-09,
      9.061e-09,
      9.388999999999999e-09,
      9.661e-09,
      9.89e-09
    ],
    [
      5.2719999999999993e-11,
      1.041e-10,
      1.546e-10,
      2.5339999999999997e-10,
      3.018e-10,
      3.497e-10,
      3.971e-10,
      4.4399999999999997e-10,
      4.905e-10,
      9.322e-10,
      1.3389999999999998e-09,
      2.071e-09,
      2.401e-09,
      2.71e-09,
      3.0019999999999998e-09,
      3.276e-09,
      3.535e-09,
      5.501e-09,
      6.762e-09,
      8.285000000000001e-09,
      8.781000000000001e-09,
      9.173e-09,
      9.490999999999999e-09,
      9.754000000000001e-09,
      9.974999999999998e-09
    ],
    [
      5.788e-11,
      1.143e-10,
      1.697e-10,
      2.782e-10,
      3.3139999999999996e-10,
      3.84e-10,
      4.3609999999999997e-10,
      4.876e-10,
      5.386e-10,
      1.024e-09,
      1.471e-09,
      2.275e-09,
      2.638e-09,
      2.978e-09,
      3.298e-09,
      3.599e-09,
      3.883999999999999e-09,
      6.043999999999999e-09,
      7.429e-09,
      9.102000000000001e-09,
      9.645e-09,
      1.008e-08,
      1.042e-08,
      1.071e-08,
      1.0959999999999999e-08
    ],
    [
      6.511999999999999e-11,
      1.286e-10,
      1.9099999999999999e-10,
      3.131e-10,
      3.731e-10,
      4.324e-10,
      4.91e-10,
      5.49e-10,
      6.065e-10,
      1.154e-09,
      1.6579999999999999e-09,
      2.566e-09,
      2.975e-09,
      3.36e-09,
      3.7219999999999998e-09,
      4.063e-09,
      4.384e-09,
      6.8289999999999995e-09,
      8.397999999999999e-09,
      1.03e-08,
      1.091e-08,
      1.14e-08,
      1.18e-08,
      1.213e-08,
      1.2399999999999999e-08
    ],
    [
      7.341999999999999e-11,
      1.45e-10,
      2.154e-10,
      3.532e-10,
      4.2089999999999996e-10,
      4.878e-10,
      5.538999999999999e-10,
      6.194e-10,
      6.843e-10,
      1.3019999999999998e-09,
      1.8719999999999997e-09,
      2.8979999999999997e-09,
      3.361e-09,
      3.796e-09,
      4.205e-09,
      4.59e-09,
      4.954e-09,
      7.719e-09,
      9.494e-09,
      1.1639999999999999e-08,
      1.234e-08,
      1.289e-08,
      1.3339999999999999e-08,
      1.371e-08,
      1.403e-08
    ],
    [
      8.194e-11,
      1.619e-10,
      2.4039999999999997e-10,
      3.9429999999999997e-10,
      4.698e-10,
      5.444999999999999e-10,
      6.184e-10,
      6.914999999999999e-10,
      7.639999999999999e-10,
      1.454e-09,
      2.091e-09,
      3.2349999999999997e-09,
      3.753e-09,
      4.238e-09,
      4.695e-09,
      5.125e-09,
      5.531e-09,
      8.616999999999999e-09,
      1.0599999999999999e-08,
      1.299e-08,
      1.3769999999999999e-08,
      1.439e-08,
      1.489e-08,
      1.5299999999999998e-08,
      1.565e-08
    ],
    [
      9.024e-11,
      1.783e-10,
      2.6479999999999995e-10,
      4.343e-10,
      5.174999999999999e-10,
      5.998e-10,
      6.812e-10,
      7.617e-10,
      8.414999999999999e-10,
      1.601e-09,
      2.3019999999999997e-09,
      3.562e-09,
      4.132e-09,
      4.665999999999999e-09,
      5.1679999999999995e-09,
      5.641e-09,
      6.088e-09,
      9.478999999999998e-09,
      1.165e-08,
      1.4279999999999998e-08,
      1.5129999999999997e-08,
      1.581e-08,
      1.636e-08,
      1.6809999999999996e-08,
      1.719e-08
    ],
    [
      9.817e-11,
      1.939e-10,
      2.881e-10,
      4.725e-10,
      5.63e-10,
      6.525e-10,
      7.41e-10,
      8.285999999999999e-10,
      9.154e-10,
      1.742e-09,
      2.504e-09,
      3.873e-09,
      4.492e-09,
      5.072e-09,
      5.616999999999999e-09,
      6.131e-09,
      6.616e-09,
      1.029e-08,
      1.2649999999999999e-08,
      1.549e-08,
      1.642e-08,
      1.7149999999999998e-08,
      1.774e-08,
      1.823e-08,
      1.864e-08
    ],
    [
      1.057e-10,
      2.089e-10,
      3.103e-10,
      5.089e-10,
      6.063000000000001e-10,
      7.027e-10,
      7.979999999999999e-10,
      8.923999999999999e-10,
      9.858e-10,
      1.875e-09,
      2.695e-09,
      4.168e-09,
      4.832999999999999e-09,
      5.457e-09,
      6.042999999999999e-09,
      6.595e-09,
      7.1149999999999995e-09,
      1.106e-08,
      1.359e-08,
      1.6629999999999997e-08,
      1.7619999999999998e-08,
      1.84e-08,
      1.903e-08,
      1.955e-08,
      1.999e-08
    ],
    [
      1.128e-10,
      2.228e-10,
      3.31e-10,
      5.429e-10,
      6.468e-10,
      7.496e-10,
      8.513e-10,
      9.519e-10,
      1.0519999999999999e-09,
      2e-09,
      2.874e-09,
      4.443e-09,
      5.151e-09,
      5.8149999999999995e-09,
      6.4379999999999995e-09,
      7.025e-09,
      7.579e-09,
      1.1769999999999999e-08,
      1.4449999999999999e-08,
      1.7670000000000002e-08,
      1.8719999999999998e-08,
      1.9539999999999998e-08,
      2.0209999999999997e-08,
      2.076e-08,
      2.123e-08
    ],
    [
      1.19e-10,
      2.353e-10,
      3.495e-10,
      5.731999999999999e-10,
      6.83e-10,
      7.915e-10,
      8.989e-10,
      1.005e-09,
      1.11e-09,
      2.111e-09,
      3.0339999999999997e-09,
      4.688e-09,
      5.433e-09,
      6.133e-09,
      6.789e-09,
      7.407e-09,
      7.99e-09,
      1.2399999999999999e-08,
      1.521e-08,
      1.8579999999999998e-08,
      1.9679999999999998e-08,
      2.0539999999999997e-08,
      2.1239999999999997e-08,
      2.182e-08,
      2.231e-08
    ],
    [
      1.2449999999999998e-10,
      2.4600000000000003e-10,
      3.655e-10,
      5.994e-10,
      7.140999999999999e-10,
      8.275999999999999e-10,
      9.398e-10,
      1.051e-09,
      1.1609999999999998e-09,
      2.207e-09,
      3.17e-09,
      4.897e-09,
      5.675e-09,
      6.405e-09,
      7.089999999999999e-09,
      7.734e-09,
      8.340999999999998e-09,
      1.293e-08,
      1.585e-08,
      1.936e-08,
      2.05e-08,
      2.1399999999999996e-08,
      2.212e-08,
      2.272e-08,
      2.323e-08
    ],
    [
      1.2919999999999998e-10,
      2.5530000000000004e-10,
      3.7929999999999997e-10,
      6.221e-10,
      7.412e-10,
      8.589999999999999e-10,
      9.754e-10,
      1.0909999999999999e-09,
      1.2049999999999999e-09,
      2.2899999999999997e-09,
      3.2889999999999997e-09,
      5.079e-09,
