{
  "3 -> 2": {
    "e": [
      5000.0,
      10000.0,
      15000.0,
      20000.0,
      25000.0,
      30000.0,
      35000.0,
      40000.0,
      45000.0,
      50000.0,
      55000.0,
      60000.0,
      65000.0,
      70000.0,
      75000.0,
      80000.0,
      85000.0,
      90000.0,
      95000.0,
      100000.0,
      105000.0,
      110000.0,
      115000.0,
      120000.0,
      125000.0
    ],
    "eref": 65000.0,
    "n": [
      0.0,
      1e+18,
      2e+18,
      3e+18,
      5e+18,
      6e+18,
      7e+18,
      8e+18,
      9e+18,
      1e+19,
      2e+19,
      3e+19,
      5e+19,
      6e+19,
      7e+19,
      8e+19,
      9e+19,
      1e+20,
      2e+20,
      3e+20,
      5e+20,
      6e+20,
      7e+20,
      8e+20,
      9e+20,
      1e+21
    ],
    "nref": 6e+19,
    "sen": [
      [
        1.4979999999999999e-15,
        1.4979999999999999e-15,
        1.337e-15,
        1.215e-15,
        1.035e-15,
        9.657e-16,
        9.053e-16,
        8.524999999999999e-16,
        8.058e-16,
        7.643e-16,
        5.1e-16,
        3.875e-16,
        2.6689999999999996e-16,
        2.3259999999999997e-16,
        2.0679999999999998e-16,
        1.866e-16,
        1.704e-16,
        1.5699999999999999e-16,
        9.121999999999999e-17,
        6.591e-17,
        4.319999999999999e-17,
        3.699e-17,
        3.2389999999999995e-17,
        2.882e-17,
        2.5969999999999997e-17,
        2.365e-17
      ],
      [
        1.536e-15,
        1.536e-15,
        1.3509999999999999e-15,
        1.213e-15,
        1.015e-15,
        9.393e-16,
        8.749999999999999e-16,
        8.194e-16,
        7.707999999999999e-16,
        7.279000000000001e-16,
        4.731e-16,
        3.547e-16,
        2.4049999999999996e-16,
        2.084e-16,
        1.842e-16,
        1.6539999999999999e-16,
        1.5029999999999997e-16,
        1.379e-16,
        7.709e-17,
        5.4169999999999994e-17,
        3.424e-17,
        2.896e-17,
        2.5099999999999997e-17,
        2.216e-17,
        1.983e-17,
        1.7949999999999998e-17
      ],
      [
        1.6069999999999999e-15,
        1.6069999999999999e-15,
        1.43e-15,
        1.296e-15,
        1.099e-15,
        1.023e-15,
        9.574e-16,
        9.002999999999999e-16,
        8.499999999999999e-16,
        8.053e-16,
        5.34e-16,
        4.0409999999999995e-16,
        2.763e-16,
        2.397e-16,
        2.122e-16,
        1.9059999999999998e-16,
        1.732e-16,
        1.5889999999999998e-16,
        8.829999999999999e-17,
        6.169e-17,
        3.8689999999999994e-17,
        3.264e-17,
        2.823e-17,
        2.4879999999999997e-17,
        2.224e-17,
        2.011e-17
      ],
      [
        1.6779999999999999e-15,
        1.6779999999999999e-15,
        1.5059999999999998e-15,
        1.3749999999999999e-15,
        1.178e-15,
        1.101e-15,
        1.0339999999999998e-15,
        9.759e-16,
        9.241e-16,
        8.779e-16,
        5.921999999999999e-16,
        4.523e-16,
        3.1239999999999996e-16,
        2.719e-16,
        2.413e-16,
        2.172e-16,
        1.977e-16,
        1.8159999999999998e-16,
        1.016e-16,
        7.119e-17,
        4.4739999999999995e-17,
        3.777e-17,
        3.2679999999999996e-17,
        2.881e-17,
        2.576e-17,
        2.329e-17
      ],
      [
        1.794e-15,
        1.794e-15,
        1.6179999999999999e-15,
        1.482e-15,
        1.277e-15,
        1.196e-15,
        1.125e-15,
        1.063e-15,
        1.0089999999999998e-15,
        9.594e-16,
        6.531e-16,
        5.016e-16,
        3.489e-16,
        3.0449999999999997e-16,
        2.708e-16,
        2.442e-16,
        2.227e-16,
        2.049e-16,
        1.1569999999999999e-16,
        8.145e-17,
        5.142999999999999e-17,
        4.347e-17,
        3.766e-17,
        3.322e-17,
        2.972e-17,
        2.6889999999999998e-17
      ],
      [
        1.9519999999999998e-15,
        1.9519999999999998e-15,
        1.7639999999999999e-15,
        1.6179999999999999e-15,
        1.397e-15,
        1.3089999999999998e-15,
        1.233e-15,
        1.1659999999999998e-15,
        1.1059999999999998e-15,
        1.053e-15,
        7.195000000000001e-16,
        5.542e-16,
        3.872e-16,
        3.3859999999999997e-16,
        3.016e-16,
        2.724e-16,
        2.487e-16,
        2.2909999999999997e-16,
        1.3049999999999998e-16,
        9.224e-17,
        5.853e-17,
        4.9539999999999994e-17,
        4.296e-17,
        3.7929999999999995e-17,
        3.3959999999999995e-17,
        3.074e-17
      ],
      [
        2.151e-15,
        2.151e-15,
        1.947e-15,
        1.7869999999999997e-15,
        1.544e-15,
        1.4479999999999999e-15,
        1.364e-15,
        1.29e-15,
        1.225e-15,
        1.1659999999999998e-15,
        7.985e-16,
        6.163e-16,
        4.3209999999999996e-16,
        3.7829999999999995e-16,
        3.375e-16,
        3.0519999999999996e-16,
        2.79e-16,
        2.5719999999999997e-16,
        1.476e-16,
        1.048e-16,
        6.678e-17,
        5.66e-17,
        4.913e-17,
        4.341999999999999e-17,
        3.889e-17,
        3.5229999999999995e-17
      ],
      [
        2.3859999999999997e-15,
        2.3859999999999997e-15,
        2.162e-15,
        1.986e-15,
        1.7169999999999999e-15,
        1.6109999999999998e-15,
        1.5179999999999998e-15,
        1.4359999999999999e-15,
        1.3629999999999999e-15,
        1.298e-15,
        8.908e-16,
        6.886e-16,
        4.842000000000001e-16,
        4.2449999999999995e-16,
        3.791e-16,
        3.432e-16,
        3.1399999999999997e-16,
        2.898e-16,
        1.674e-16,
        1.1920000000000002e-16,
        7.631e-17,
        6.474999999999999e-17,
        5.626e-17,
        4.975e-17,
        4.4589999999999995e-17,
        4.041e-17
      ],
      [
        2.6369999999999997e-15,
        2.6369999999999997e-15,
        2.392e-15,
        2.199e-15,
        1.9019999999999997e-15,
        1.7839999999999998e-15,
        1.6810000000000001e-15,
        1.5909999999999998e-15,
        1.5099999999999999e-15,
        1.4379999999999999e-15,
        9.883e-16,
        7.650999999999999e-16,
        5.393e-16,
        4.734000000000001e-16,
        4.2319999999999995e-16,
        3.835e-16,
        3.5119999999999997e-16,
        3.2439999999999996e-16,
        1.8849999999999998e-16,
        1.347e-16,
        8.652e-17,
        7.35e-17,
        6.392e-17,
        5.655e-17,
        5.0719999999999995e-17,
        4.598e-17
      ],
      [
        2.893e-15,
        2.893e-15,
        2.6259999999999997e-15,
        2.4129999999999996e-15,
        2.0879999999999996e-15,
        1.9589999999999997e-15,
        1.846e-15,
        1.747e-15,
        1.658e-15,
        1.5799999999999998e-15,
        1.0870000000000001e-15,
        8.422999999999999e-16,
        5.952e-16,
        5.231e-16,
        4.681e-16,
        4.246e-16,
        3.892e-16,
        3.5979999999999995e-16,
        2.102e-16,
        1.507e-16,
        9.705999999999999e-17,
        8.253e-17,
        7.182e-17,
        6.358e-17,
        5.705e-17,
        5.174e-17
      ],
      [
        3.145e-15,
        3.145e-15,
        2.855e-15,
        2.625e-15,
        2.271e-15,
        2.131e-15,
        2.0089999999999997e-15,
        1.901e-15,
        1.805e-15,
        1.72e-15,
        1.185e-15,
        9.201e-16,
        6.520999999999999e-16,
        5.736999999999999e-16,
        5.138999999999999e-16,
        4.666e-16,
        4.281e-16,
        3.96e-16,
        2.325e-16,
        1.671e-16,
        1.0789999999999999e-16,
        9.184999999999999e-17,
        7.997e-17,
        7.083e-17,
        6.358e-17,
        5.768e-17
      ],
      [
        3.383e-15,
        3.383e-15,
        3.074e-15,
        2.8280000000000002e-15,
        2.449e-15,
        2.299e-15,
