{
  "e": [
    5000.0,
    10000.0,
    15000.0,
    20000.0,
    25000.0,
    30000.0,
    35000.0,
    40000.0,
    45000.0,
    50000.0,
    55000.0,
    60000.0,
    65000.0,
    70000.0,
    75000.0,
    80000.0,
    85000.0,
    90000.0,
    95000.0,
    100000.0,
    105000.0,
    110000.0,
    115000.0,
    120000.0,
    125000.0
  ],
  "eref": 65000.0,
  "n": [
    1e+18,
    2e+18,
    3e+18,
    5e+18,
    6e+18,
    7e+18,
    8e+18,
    9e+18,
    1e+19,
    2e+19,
    3e+19,
    5e+19,
    6e+19,
    7e+19,
    8e+19,
    9e+19,
    1e+20,
    2e+20,
    3e+20,
    5e+20,
    6e+20,
    7e+20,
    8e+20,
    9e+20,
    1e+21
  ],
  "nref": 6e+19,
  "sen": [
    [
      2.432e-11,
      3.3389999999999994e-11,
      3.854e-11,
      4.463e-11,
      4.667e-11,
      4.835e-11,
      4.976e-11,
      5.098e-11,
      5.204e-11,
      5.856e-11,
      6.206999999999999e-11,
      6.64e-11,
      6.799e-11,
      6.936999999999999e-11,
      7.06e-11,
      7.171e-11,
      7.273e-11,
      7.999e-11,
      8.452e-11,
      9.006e-11,
      9.188999999999999e-11,
      9.335e-11,
      9.453999999999999e-11,
      9.552999999999999e-11,
      9.637e-11
    ],
    [
      2.688e-11,
      3.796999999999999e-11,
      4.455e-11,
      5.253e-11,
      5.5249999999999997e-11,
      5.749e-11,
      5.937999999999999e-11,
      6.100999999999999e-11,
      6.243e-11,
      7.111e-11,
      7.57e-11,
      8.123e-11,
      8.317999999999999e-11,
      8.482999999999999e-11,
      8.626999999999999e-11,
      8.754e-11,
      8.867e-11,
      9.6e-11,
      9.993e-11,
      1.041e-10,
      1.0539999999999999e-10,
      1.0639999999999999e-10,
      1.072e-10,
      1.078e-10,
      1.083e-10
    ],
    [
      2.792e-11,
      4.008e-11,
      4.7549999999999993e-11,
      5.6959999999999996e-11,
      6.026999999999999e-11,
      6.303e-11,
      6.54e-11,
      6.747e-11,
      6.928999999999999e-11,
      8.074e-11,
      8.697999999999999e-11,
      9.448999999999999e-11,
      9.712e-11,
      9.930999999999999e-11,
      1.0119999999999998e-10,
      1.028e-10,
      1.0429999999999999e-10,
      1.133e-10,
      1.179e-10,
      1.225e-10,
      1.239e-10,
      1.249e-10,
      1.257e-10,
      1.263e-10,
      1.269e-10
    ],
    [
      2.841e-11,
      4.104e-11,
      4.898e-11,
      5.924999999999999e-11,
      6.296e-11,
      6.609e-11,
      6.88e-11,
      7.119e-11,
      7.332e-11,
      8.703999999999999e-11,
      9.478e-11,
      1.0429999999999999e-10,
      1.077e-10,
      1.1049999999999999e-10,
      1.129e-10,
      1.15e-10,
      1.1689999999999998e-10,
      1.286e-10,
      1.3449999999999997e-10,
      1.4059999999999998e-10,
      1.423e-10,
      1.4369999999999998e-10,
      1.4469999999999998e-10,
      1.4550000000000001e-10,
      1.462e-10
    ],
    [
      2.943e-11,
      4.281e-11,
      5.1409999999999994e-11,
      6.281e-11,
      6.701e-11,
      7.059e-11,
      7.371e-11,
      7.647999999999999e-11,
      7.897e-11,
      9.527999999999999e-11,
      1.047e-10,
      1.1649999999999999e-10,
      1.2079999999999999e-10,
      1.243e-10,
      1.274e-10,
      1.302e-10,
      1.3259999999999999e-10,
      1.4779999999999997e-10,
      1.5559999999999998e-10,
      1.637e-10,
      1.66e-10,
      1.678e-10,
      1.692e-10,
      1.7039999999999998e-10,
      1.713e-10
    ],
    [
      3.115e-11,
      4.5709999999999996e-11,
      5.529e-11,
      6.828999999999999e-11,
      7.315e-11,
      7.734e-11,
      8.102e-11,
      8.428999999999999e-11,
      8.724e-11,
      1.0679999999999998e-10,
      1.184e-10,
      1.33e-10,
      1.383e-10,
      1.428e-10,
      1.4669999999999997e-10,
      1.5019999999999998e-10,
      1.533e-10,
      1.73e-10,
      1.832e-10,
      1.94e-10,
      1.9719999999999998e-10,
      1.996e-10,
      2.0149999999999998e-10,
      2.031e-10,
      2.043e-10
    ],
    [
      3.363e-11,
      4.983e-11,
      6.073e-11,
      7.582e-11,
      8.154e-11,
      8.65e-11,
      9.086999999999999e-11,
      9.477e-11,
      9.83e-11,
      1.22e-10,
      1.36e-10,
      1.541e-10,
      1.607e-10,
      1.6629999999999998e-10,
      1.712e-10,
      1.756e-10,
      1.795e-10,
      2.0479999999999998e-10,
      2.1809999999999998e-10,
      2.323e-10,
      2.365e-10,
      2.397e-10,
      2.423e-10,
      2.4429999999999997e-10,
      2.4600000000000003e-10
    ],
    [
      3.6569999999999996e-11,
      5.464e-11,
      6.701e-11,
      8.438999999999999e-11,
      9.103999999999999e-11,
      9.683e-11,
      1.0189999999999999e-10,
      1.065e-10,
      1.1069999999999999e-10,
      1.388e-10,
      1.5559999999999998e-10,
      1.775e-10,
      1.856e-10,
      1.9249999999999998e-10,
      1.9849999999999999e-10,
      2.039e-10,
      2.088e-10,
      2.4039999999999997e-10,
      2.5730000000000003e-10,
      2.754e-10,
      2.809e-10,
      2.85e-10,
      2.883e-10,
      2.9100000000000003e-10,
      2.9320000000000003e-10
    ],
    [
      3.9509999999999995e-11,
      5.941e-11,
      7.322e-11,
      9.287e-11,
      1.005e-10,
      1.071e-10,
      1.129e-10,
      1.182e-10,
      1.2300000000000001e-10,
      1.555e-10,
      1.753e-10,
      2.011e-10,
      2.1069999999999998e-10,
      2.19e-10,
      2.2629999999999998e-10,
      2.328e-10,
      2.386e-10,
      2.771e-10,
      2.9799999999999995e-10,
      3.205e-10,
      3.273e-10,
      3.325e-10,
      3.366e-10,
      3.399e-10,
      3.4269999999999996e-10
    ],
    [
      4.241e-11,
      6.410999999999999e-11,
      7.934e-11,
      1.0119999999999998e-10,
      1.0969999999999999e-10,
      1.172e-10,
      1.238e-10,
      1.297e-10,
      1.351e-10,
      1.722e-10,
      1.948e-10,
      2.248e-10,
      2.3599999999999996e-10,
      2.457e-10,
      2.542e-10,
      2.618e-10,
      2.6879999999999994e-10,
      3.1439999999999997e-10,
      3.394e-10,
      3.663e-10,
      3.745e-10,
      3.8079999999999997e-10,
      3.8569999999999997e-10,
      3.8969999999999996e-10,
      3.931e-10
    ],
    [
      4.5269999999999996e-11,
      6.88e-11,
      8.549e-11,
      1.0969999999999999e-10,
      1.1919999999999999e-10,
      1.275e-10,
      1.348e-10,
      1.415e-10,
      1.476e-10,
      1.8929999999999998e-10,
      2.1499999999999998e-10,
      2.4929999999999996e-10,
      2.622e-10,
      2.7339999999999996e-10,
      2.8319999999999996e-10,
      2.921e-10,
      3.001e-10,
      3.532e-10,
      3.823e-10,
      4.1389999999999994e-10,
      4.2339999999999995e-10,
      4.308e-10,
      4.3659999999999997e-10,
      4.4129999999999997e-10,
      4.4519999999999997e-10
    ],
    [
      4.8059999999999994e-11,
      7.341999999999999e-11,
      9.161999999999999e-11,
      1.182e-10,
      1.287e-10,
      1.3789999999999998e-10,
      1.461e-10,
      1.5349999999999999e-10,
      1.6029999999999998e-10,
      2.071e-10,
      2.361e-10,
      2.751e-10,
      2.8979999999999997e-10,
      3.025e-10,
      3.138e-10,
      3.239e-10,
      3.331e-10,
      3.94e-10,
      4.2749999999999997e-10,
      4.6389999999999997e-10,
      4.749e-10,
      4.833e-10,
      4.9e-10,
      4.954999999999999e-10,
      5e-10
    ],
    [
      5.08e-11,
      7.802999999999999e-11,
      9.776e-11,
      1.269e-10,
      1.384e-10,
      1.485e-10,
      1.576e-10,
      1.6579999999999999e-10,
      1.733e-10,
      2.253e-10,
      2.578e-10,
      3.017e-10,
      3.183e-10,
      3.327e-10,
      3.455e-10,
      3.569e-10,
      3.6729999999999996e-10,
      4.3649999999999994e-10,
      4.745e-10,
      5.157e-10,
      5.282e-10,
      5.377999999999999e-10,
      5.454e-10,
      5.515999999999999e-10,
      5.567000000000001e-10
    ],
    [
      5.351e-11,
      8.262000000000001e-11,
      1.039e-10,
      1.3559999999999998e-10,
      1.4809999999999998e-10,
      1.5919999999999998e-10,
      1.692e-10,
      1.782e-10,
      1.864e-10,
