{
  "e": [
    5000.0,
    10000.0,
    15000.0,
    20000.0,
    25000.0,
    30000.0,
    35000.0,
    40000.0,
    45000.0,
    50000.0,
    55000.0,
    60000.0,
    65000.0,
    70000.0,
    75000.0,
    80000.0,
    85000.0,
    90000.0,
    95000.0,
    100000.0,
    105000.0,
    110000.0,
    115000.0,
    120000.0,
    125000.0
  ],
  "eref": 65000.0,
  "n": [
    1e+18,
    2e+18,
    3e+18,
    5e+18,
    6e+18,
    7e+18,
    8e+18,
    9e+18,
    1e+19,
    2e+19,
    3e+19,
    5e+19,
    6e+19,
    7e+19,
    8e+19,
    9e+19,
    1e+20,
    2e+20,
    3e+20,
    5e+20,
    6e+20,
    7e+20,
    8e+20,
    9e+20,
    1e+21
  ],
  "nref": 6e+19,
  "sen": [
    [
      7.848999999999999e-14,
      7.907e-14,
      7.947999999999999e-14,
      8.006999999999999e-14,
      8.030999999999999e-14,
      8.052999999999999e-14,
      8.072e-14,
      8.09e-14,
      8.106e-14,
      8.229e-14,
      8.314e-14,
      8.442999999999999e-14,
      8.496e-14,
      8.544999999999999e-14,
      8.588999999999999e-14,
      8.630999999999999e-14,
      8.67e-14,
      8.968e-14,
      9.166999999999999e-14,
      9.418e-14,
      9.502999999999999e-14,
      9.571e-14,
      9.627e-14,
      9.675e-14,
      9.715000000000001e-14
    ],
    [
      1.138e-13,
      1.145e-13,
      1.149e-13,
      1.156e-13,
      1.159e-13,
      1.161e-13,
      1.164e-13,
      1.166e-13,
      1.168e-13,
      1.1829999999999999e-13,
      1.194e-13,
      1.2100000000000001e-13,
      1.217e-13,
      1.223e-13,
      1.2289999999999999e-13,
      1.234e-13,
      1.2389999999999998e-13,
      1.273e-13,
      1.294e-13,
      1.318e-13,
      1.325e-13,
      1.3309999999999998e-13,
      1.336e-13,
      1.34e-13,
      1.343e-13
    ],
    [
      1.342e-13,
      1.348e-13,
      1.353e-13,
      1.36e-13,
      1.3629999999999998e-13,
      1.366e-13,
      1.368e-13,
      1.37e-13,
      1.3729999999999998e-13,
      1.389e-13,
      1.4009999999999998e-13,
      1.42e-13,
      1.427e-13,
      1.434e-13,
      1.44e-13,
      1.446e-13,
      1.4509999999999998e-13,
      1.488e-13,
      1.509e-13,
      1.533e-13,
      1.541e-13,
      1.5469999999999999e-13,
      1.551e-13,
      1.555e-13,
      1.558e-13
    ],
    [
      1.4229999999999998e-13,
      1.43e-13,
      1.435e-13,
      1.442e-13,
      1.446e-13,
      1.449e-13,
      1.4509999999999998e-13,
      1.454e-13,
      1.456e-13,
      1.474e-13,
      1.4869999999999999e-13,
      1.5069999999999998e-13,
      1.516e-13,
      1.523e-13,
      1.53e-13,
      1.536e-13,
      1.541e-13,
      1.5809999999999998e-13,
      1.6049999999999997e-13,
      1.6309999999999998e-13,
      1.639e-13,
      1.646e-13,
      1.6509999999999997e-13,
      1.6549999999999998e-13,
      1.6579999999999999e-13
    ],
    [
      1.4469999999999998e-13,
      1.4549999999999999e-13,
      1.46e-13,
      1.4689999999999998e-13,
      1.473e-13,
      1.476e-13,
      1.4789999999999998e-13,
      1.482e-13,
      1.484e-13,
      1.505e-13,
      1.52e-13,
      1.542e-13,
      1.551e-13,
      1.559e-13,
      1.5669999999999998e-13,
      1.573e-13,
      1.58e-13,
      1.624e-13,
      1.6509999999999997e-13,
      1.6809999999999999e-13,
      1.6899999999999999e-13,
      1.6969999999999997e-13,
      1.703e-13,
      1.708e-13,
      1.712e-13
    ],
    [
      1.4469999999999998e-13,
      1.456e-13,
      1.462e-13,
      1.472e-13,
      1.477e-13,
      1.48e-13,
      1.484e-13,
      1.4869999999999999e-13,
      1.49e-13,
      1.513e-13,
      1.53e-13,
      1.555e-13,
      1.565e-13,
      1.574e-13,
      1.582e-13,
      1.59e-13,
      1.597e-13,
      1.647e-13,
      1.6769999999999998e-13,
      1.7109999999999997e-13,
      1.722e-13,
      1.73e-13,
      1.7369999999999998e-13,
      1.742e-13,
      1.7469999999999998e-13
    ],
    [
      1.43e-13,
      1.44e-13,
      1.4469999999999998e-13,
      1.458e-13,
      1.463e-13,
      1.467e-13,
      1.4709999999999997e-13,
      1.4749999999999998e-13,
      1.478e-13,
      1.504e-13,
      1.523e-13,
      1.551e-13,
      1.562e-13,
      1.572e-13,
      1.5809999999999998e-13,
      1.59e-13,
      1.597e-13,
      1.6529999999999999e-13,
      1.6859999999999998e-13,
      1.724e-13,
      1.7359999999999999e-13,
      1.745e-13,
      1.7529999999999997e-13,
      1.759e-13,
      1.7639999999999999e-13
    ],
    [
      1.4189999999999998e-13,
      1.43e-13,
      1.438e-13,
      1.45e-13,
      1.456e-13,
      1.46e-13,
      1.4649999999999998e-13,
      1.4689999999999998e-13,
      1.473e-13,
      1.5009999999999999e-13,
      1.522e-13,
      1.5519999999999998e-13,
      1.564e-13,
      1.576e-13,
      1.586e-13,
      1.5949999999999998e-13,
      1.604e-13,
      1.664e-13,
      1.7009999999999998e-13,
      1.7429999999999997e-13,
      1.756e-13,
      1.766e-13,
      1.7749999999999998e-13,
      1.781e-13,
      1.7869999999999999e-13
    ],
    [
      1.4229999999999998e-13,
      1.434e-13,
      1.4429999999999998e-13,
      1.4569999999999997e-13,
      1.463e-13,
      1.468e-13,
      1.473e-13,
      1.477e-13,
      1.481e-13,
      1.513e-13,
      1.5349999999999998e-13,
      1.568e-13,
      1.5809999999999998e-13,
      1.593e-13,
      1.604e-13,
      1.614e-13,
      1.624e-13,
      1.6899999999999999e-13,
      1.73e-13,
      1.7749999999999998e-13,
      1.79e-13,
      1.8009999999999998e-13,
      1.8099999999999999e-13,
      1.8169999999999997e-13,
      1.8239999999999999e-13
    ],
    [
      1.431e-13,
      1.4429999999999998e-13,
      1.453e-13,
      1.468e-13,
      1.474e-13,
      1.48e-13,
      1.485e-13,
      1.49e-13,
      1.494e-13,
      1.528e-13,
      1.5519999999999998e-13,
      1.588e-13,
      1.602e-13,
      1.615e-13,
      1.6269999999999998e-13,
      1.638e-13,
      1.648e-13,
      1.72e-13,
      1.763e-13,
      1.812e-13,
      1.8269999999999997e-13,
      1.8389999999999998e-13,
      1.8489999999999997e-13,
      1.8569999999999998e-13,
      1.864e-13
    ],
    [
      1.438e-13,
      1.4509999999999998e-13,
      1.4609999999999998e-13,
      1.477e-13,
      1.484e-13,
      1.49e-13,
      1.495e-13,
      1.5e-13,
      1.505e-13,
      1.542e-13,
      1.5669999999999998e-13,
      1.606e-13,
      1.6209999999999999e-13,
      1.6349999999999998e-13,
      1.648e-13,
      1.66e-13,
      1.671e-13,
      1.7469999999999998e-13,
      1.7929999999999998e-13,
      1.846e-13,
      1.862e-13,
      1.875e-13,
      1.886e-13,
      1.8939999999999998e-13,
      1.9009999999999997e-13
    ],
    [
      1.45e-13,
      1.463e-13,
      1.474e-13,
      1.491e-13,
      1.498e-13,
      1.504e-13,
      1.51e-13,
      1.516e-13,
      1.5209999999999998e-13,
      1.56e-13,
      1.587e-13,
      1.628e-13,
      1.6449999999999998e-13,
      1.66e-13,
      1.6729999999999998e-13,
      1.6859999999999998e-13,
      1.6969999999999997e-13,
      1.7789999999999998e-13,
      1.8269999999999997e-13,
      1.8830000000000002e-13,
      1.9009999999999997e-13,
      1.914e-13,
      1.9250000000000001e-13,
      1.934e-13,
      1.942e-13
    ],
    [
      1.4709999999999997e-13,
      1.485e-13,
      1.4969999999999998e-13,
      1.514e-13,
      1.522e-13,
      1.5289999999999998e-13,
      1.5349999999999998e-13,
      1.541e-13,
      1.546e-13,
      1.587e-13,
      1.616e-13,
      1.66e-13,
      1.6769999999999998e-13,
      1.6929999999999997e-13,
      1.707e-13,
      1.721e-13,
      1.7329999999999998e-13,
      1.8189999999999999e-13,
      1.8699999999999999e-13,
      1.9289999999999997e-13,
      1.948e-13,
      1.9619999999999999e-13,
      1.973e-13,
      1.983e-13,
      1.991e-13
    ],
    [
      1.5029999999999998e-13,
      1.518e-13,
      1.53e-13,
      1.548e-13,
      1.556e-13,
      1.5629999999999998e-13,
      1.5699999999999999e-13,
      1.576e-13,
      1.582e-13,
