{
  "e": [
    5000.0,
    10000.0,
    15000.0,
    20000.0,
    25000.0,
    30000.0,
    35000.0,
    40000.0,
    45000.0,
    50000.0,
    55000.0,
    60000.0,
    65000.0,
    70000.0,
    75000.0,
    80000.0,
    85000.0,
    90000.0,
    95000.0,
    100000.0,
    105000.0,
    110000.0,
    115000.0,
    120000.0,
    125000.0
  ],
  "eref": 65000.0,
  "n": [
    1e+18,
    2e+18,
    3e+18,
    5e+18,
    6e+18,
    7e+18,
    8e+18,
    9e+18,
    1e+19,
    2e+19,
    3e+19,
    5e+19,
    6e+19,
    7e+19,
    8e+19,
    9e+19,
    1e+20,
    2e+20,
    3e+20,
    5e+20,
    6e+20,
    7e+20,
    8e+20,
    9e+20,
    1e+21
  ],
  "nref": 6e+19,
  "sen": [
    [
      9.102999999999999e-14,
      9.168e-14,
      9.211999999999999e-14,
      9.274999999999998e-14,
      9.3e-14,
      9.321999999999999e-14,
      9.342e-14,
      9.36e-14,
      9.376e-14,
      9.496999999999999e-14,
      9.580999999999999e-14,
      9.712e-14,
      9.767e-14,
      9.817e-14,
      9.864e-14,
      9.907e-14,
      9.948e-14,
      1.0249999999999999e-13,
      1.045e-13,
      1.0689999999999999e-13,
      1.0759999999999999e-13,
      1.0829999999999999e-13,
      1.0879999999999999e-13,
      1.0919999999999999e-13,
      1.0949999999999999e-13
    ],
    [
      1.153e-13,
      1.162e-13,
      1.167e-13,
      1.175e-13,
      1.179e-13,
      1.182e-13,
      1.184e-13,
      1.187e-13,
      1.189e-13,
      1.206e-13,
      1.219e-13,
      1.2380000000000001e-13,
      1.246e-13,
      1.2529999999999998e-13,
      1.259e-13,
      1.265e-13,
      1.2700000000000001e-13,
      1.3029999999999998e-13,
      1.321e-13,
      1.34e-13,
      1.346e-13,
      1.35e-13,
      1.353e-13,
      1.356e-13,
      1.358e-13
    ],
    [
      1.306e-13,
      1.314e-13,
      1.32e-13,
      1.3300000000000001e-13,
      1.333e-13,
      1.337e-13,
      1.34e-13,
      1.343e-13,
      1.3449999999999998e-13,
      1.366e-13,
      1.3809999999999999e-13,
      1.4040000000000001e-13,
      1.412e-13,
      1.42e-13,
      1.427e-13,
      1.4329999999999998e-13,
      1.438e-13,
      1.4709999999999997e-13,
      1.4869999999999999e-13,
      1.504e-13,
      1.508e-13,
      1.512e-13,
      1.5149999999999999e-13,
      1.5169999999999997e-13,
      1.518e-13
    ],
    [
      1.413e-13,
      1.421e-13,
      1.428e-13,
      1.4369999999999998e-13,
      1.4409999999999999e-13,
      1.445e-13,
      1.448e-13,
      1.4509999999999998e-13,
      1.454e-13,
      1.476e-13,
      1.492e-13,
      1.516e-13,
      1.5249999999999998e-13,
      1.533e-13,
      1.54e-13,
      1.546e-13,
      1.551e-13,
      1.5849999999999998e-13,
      1.601e-13,
      1.6169999999999998e-13,
      1.6209999999999999e-13,
      1.625e-13,
      1.6269999999999998e-13,
      1.6299999999999999e-13,
      1.6309999999999998e-13
    ],
    [
      1.494e-13,
      1.5029999999999998e-13,
      1.509e-13,
      1.519e-13,
      1.523e-13,
      1.526e-13,
      1.53e-13,
      1.533e-13,
      1.536e-13,
      1.558e-13,
      1.5749999999999999e-13,
      1.5979999999999999e-13,
      1.608e-13,
      1.616e-13,
      1.6229999999999997e-13,
      1.629e-13,
      1.6349999999999998e-13,
      1.6689999999999998e-13,
      1.6859999999999998e-13,
      1.703e-13,
      1.708e-13,
      1.7109999999999997e-13,
      1.714e-13,
      1.716e-13,
      1.7179999999999998e-13
    ],
    [
      1.5669999999999998e-13,
      1.576e-13,
      1.582e-13,
      1.592e-13,
      1.596e-13,
      1.5989999999999998e-13,
      1.6029999999999998e-13,
      1.606e-13,
      1.6089999999999998e-13,
      1.6309999999999998e-13,
      1.648e-13,
      1.6719999999999998e-13,
      1.6809999999999999e-13,
      1.689e-13,
      1.6969999999999997e-13,
      1.703e-13,
      1.7089999999999998e-13,
      1.745e-13,
      1.763e-13,
      1.781e-13,
      1.786e-13,
      1.79e-13,
      1.7929999999999998e-13,
      1.795e-13,
      1.7969999999999998e-13
    ],
    [
      1.629e-13,
      1.638e-13,
      1.6439999999999999e-13,
      1.654e-13,
      1.6579999999999999e-13,
      1.662e-13,
      1.666e-13,
      1.6689999999999998e-13,
      1.6719999999999998e-13,
      1.6949999999999998e-13,
      1.7109999999999997e-13,
      1.7359999999999999e-13,
      1.7459999999999998e-13,
      1.754e-13,
      1.7609999999999998e-13,
      1.768e-13,
      1.7739999999999998e-13,
      1.812e-13,
      1.8309999999999997e-13,
      1.85e-13,
      1.8549999999999997e-13,
      1.86e-13,
      1.8629999999999997e-13,
      1.8650000000000001e-13,
      1.8669999999999998e-13
    ],
    [
      1.688e-13,
      1.6969999999999997e-13,
      1.7039999999999999e-13,
      1.714e-13,
      1.7179999999999998e-13,
      1.722e-13,
      1.726e-13,
      1.7289999999999998e-13,
      1.7319999999999998e-13,
      1.756e-13,
      1.7729999999999999e-13,
      1.7989999999999997e-13,
      1.809e-13,
      1.8169999999999997e-13,
      1.8249999999999998e-13,
      1.832e-13,
      1.8379999999999998e-13,
      1.878e-13,
      1.8979999999999998e-13,
      1.9189999999999997e-13,
      1.9250000000000001e-13,
      1.9299999999999999e-13,
      1.933e-13,
      1.936e-13,
      1.938e-13
    ],
    [
      1.7409999999999999e-13,
      1.7509999999999998e-13,
      1.758e-13,
      1.7689999999999998e-13,
      1.7739999999999998e-13,
      1.7779999999999998e-13,
      1.782e-13,
      1.786e-13,
      1.7889999999999997e-13,
      1.814e-13,
      1.832e-13,
      1.858e-13,
      1.8690000000000002e-13,
      1.878e-13,
      1.886e-13,
      1.893e-13,
      1.9e-13,
      1.942e-13,
      1.964e-13,
      1.9859999999999998e-13,
      1.993e-13,
      1.998e-13,
      2.002e-13,
      2.005e-13,
      2.007e-13
    ],
    [
      1.7929999999999998e-13,
      1.8029999999999997e-13,
      1.8109999999999998e-13,
      1.823e-13,
      1.8269999999999997e-13,
      1.832e-13,
      1.836e-13,
      1.84e-13,
      1.8429999999999998e-13,
      1.8699999999999999e-13,
      1.889e-13,
      1.9159999999999999e-13,
      1.927e-13,
      1.937e-13,
      1.946e-13,
      1.953e-13,
      1.96e-13,
      2.005e-13,
      2.029e-13,
      2.053e-13,
      2.0599999999999998e-13,
      2.065e-13,
      2.0699999999999998e-13,
      2.073e-13,
      2.076e-13
    ],
    [
      1.837e-13,
      1.8479999999999998e-13,
      1.8569999999999998e-13,
      1.8690000000000002e-13,
      1.875e-13,
      1.8799999999999998e-13,
      1.8839999999999998e-13,
      1.888e-13,
      1.892e-13,
      1.92e-13,
      1.9399999999999998e-13,
      1.97e-13,
      1.981e-13,
      1.991e-13,
      2.001e-13,
      2.009e-13,
      2.016e-13,
      2.0639999999999998e-13,
      2.09e-13,
      2.1159999999999998e-13,
      2.123e-13,
      2.129e-13,
      2.1339999999999998e-13,
      2.137e-13,
      2.14e-13
    ],
    [
      1.879e-13,
      1.89e-13,
      1.899e-13,
      1.913e-13,
      1.9189999999999997e-13,
      1.924e-13,
      1.9289999999999997e-13,
      1.933e-13,
      1.937e-13,
      1.967e-13,
      1.989e-13,
      2.02e-13,
      2.0319999999999998e-13,
      2.043e-13,
      2.053e-13,
      2.062e-13,
      2.0699999999999998e-13,
      2.121e-13,
      2.1479999999999998e-13,
      2.1759999999999998e-13,
      2.1839999999999998e-13,
      2.1899999999999998e-13,
      2.195e-13,
      2.199e-13,
      2.203e-13
    ],
    [
      1.9159999999999999e-13,
      1.928e-13,
      1.937e-13,
      1.952e-13,
      1.9579999999999998e-13,
      1.963e-13,
      1.9679999999999998e-13,
      1.973e-13,
      1.977e-13,
      2.01e-13,
      2.0319999999999998e-13,
      2.065e-13,
      2.079e-13,
      2.09e-13,
      2.1e-13,
      2.1099999999999998e-13,
      2.118e-13,
      2.173e-13,
      2.201e-13,
      2.231e-13,
      2.2399999999999998e-13,
      2.247e-13,
      2.252e-13,
      2.256e-13,
      2.26e-13
    ],
    [
      1.948e-13,
      1.961e-13,
