{
  "3 -> 2": {
    "e": [
      5000.0,
      10000.0,
      15000.0,
      20000.0,
      25000.0,
      30000.0,
      35000.0,
      40000.0,
      45000.0,
      50000.0,
      55000.0,
      60000.0,
      65000.0,
      70000.0,
      75000.0,
      80000.0,
      85000.0,
      90000.0,
      95000.0,
      100000.0,
      105000.0,
      110000.0,
      115000.0,
      120000.0,
      125000.0
    ],
    "eref": 65000.0,
    "n": [
      0.0,
      1e+18,
      2e+18,
      3e+18,
      5e+18,
      6e+18,
      7e+18,
      8e+18,
      9e+18,
      1e+19,
      2e+19,
      3e+19,
      5e+19,
      6e+19,
      7e+19,
      8e+19,
      9e+19,
      1e+20,
      2e+20,
      3e+20,
      5e+20,
      6e+20,
      7e+20,
      8e+20,
      9e+20,
      1e+21
    ],
    "nref": 6e+19,
    "sen": [
      [
        2.0239999999999998e-15,
        2.0239999999999998e-15,
        1.915e-15,
        1.828e-15,
        1.6879999999999998e-15,
        1.629e-15,
        1.575e-15,
        1.525e-15,
        1.479e-15,
        1.4359999999999999e-15,
        1.127e-15,
        9.396e-16,
        7.201999999999999e-16,
        6.497999999999999e-16,
        5.942e-16,
        5.489999999999999e-16,
        5.115e-16,
        4.797e-16,
        3.0989999999999997e-16,
        2.3689999999999996e-16,
        1.656e-16,
        1.447e-16,
        1.288e-16,
        1.161e-16,
        1.0579999999999999e-16,
        9.724e-17
      ],
      [
        2.359e-15,
        2.359e-15,
        2.2240000000000002e-15,
        2.116e-15,
        1.942e-15,
        1.868e-15,
        1.802e-15,
        1.741e-15,
        1.684e-15,
        1.6319999999999999e-15,
        1.2639999999999998e-15,
        1.0459999999999998e-15,
        7.976e-16,
        7.189999999999999e-16,
        6.571999999999999e-16,
        6.072e-16,
        5.657e-16,
        5.307e-16,
        3.437e-16,
        2.628e-16,
        1.834e-16,
        1.6009999999999998e-16,
        1.423e-16,
        1.282e-16,
        1.1669999999999998e-16,
        1.072e-16
      ],
      [
        2.725e-15,
        2.725e-15,
        2.564e-15,
        2.434e-15,
        2.226e-15,
        2.1390000000000002e-15,
        2.059e-15,
        1.9869999999999997e-15,
        1.921e-15,
        1.859e-15,
        1.43e-15,
        1.18e-15,
        8.988999999999999e-16,
        8.105000000000001e-16,
        7.412e-16,
        6.852e-16,
        6.387999999999999e-16,
        5.995999999999999e-16,
        3.897e-16,
        2.983e-16,
        2.081e-16,
        1.8159999999999998e-16,
        1.613e-16,
        1.452e-16,
        1.321e-16,
        1.213e-16
      ],
      [
        3.088e-15,
        3.088e-15,
        2.903e-15,
        2.7539999999999998e-15,
        2.514e-15,
        2.414e-15,
        2.3229999999999997e-15,
        2.24e-15,
        2.164e-15,
        2.094e-15,
        1.6069999999999999e-15,
        1.327e-15,
        1.0119999999999999e-15,
        9.131e-16,
        8.358999999999999e-16,
        7.734e-16,
        7.215999999999999e-16,
        6.778e-16,
        4.425e-16,
        3.3919999999999997e-16,
        2.3670000000000003e-16,
        2.0659999999999997e-16,
        1.835e-16,
        1.6509999999999999e-16,
        1.502e-16,
        1.378e-16
      ],
      [
        3.424e-15,
        3.424e-15,
        3.219e-15,
        3.054e-15,
        2.7869999999999997e-15,
        2.6759999999999997e-15,
        2.575e-15,
        2.4829999999999995e-15,
        2.398e-15,
        2.321e-15,
        1.782e-15,
        1.4729999999999999e-15,
        1.127e-15,
        1.018e-15,
        9.331e-16,
        8.643e-16,
        8.071999999999999e-16,
        7.589999999999999e-16,
        4.980999999999999e-16,
        3.826e-16,
        2.6739999999999997e-16,
        2.3339999999999996e-16,
        2.0729999999999999e-16,
        1.866e-16,
        1.6969999999999998e-16,
        1.5569999999999997e-16
      ],
      [
        3.7259999999999994e-15,
        3.7259999999999994e-15,
        3.5039999999999997e-15,
        3.3249999999999998e-15,
        3.0359999999999996e-15,
        2.915e-15,
        2.806e-15,
        2.7059999999999998e-15,
        2.615e-15,
        2.531e-15,
        1.947e-15,
        1.6129999999999998e-15,
        1.238e-15,
        1.1209999999999999e-15,
        1.029e-15,
        9.537999999999998e-16,
        8.918e-16,
        8.391999999999999e-16,
        5.537999999999999e-16,
        4.2659999999999997e-16,
        2.987e-16,
        2.608e-16,
        2.317e-16,
        2.086e-16,
        1.898e-16,
        1.742e-16
      ],
      [
        3.9909999999999996e-15,
        3.9909999999999996e-15,
        3.7559999999999995e-15,
        3.566e-15,
        3.258e-15,
        3.13e-15,
        3.013e-15,
        2.9069999999999997e-15,
        2.81e-15,
        2.72e-15,
        2.0989999999999996e-15,
        1.743e-15,
        1.343e-15,
        1.2179999999999999e-15,
        1.1189999999999998e-15,
        1.039e-15,
        9.725e-16,
        9.160999999999998e-16,
        6.079999999999999e-16,
        4.694999999999999e-16,
        3.2959999999999997e-16,
        2.879e-16,
        2.5599999999999997e-16,
        2.305e-16,
        2.0979999999999998e-16,
        1.925e-16
      ],
      [
        4.218999999999999e-15,
        4.218999999999999e-15,
        3.973e-15,
        3.774e-15,
        3.453e-15,
        3.318e-15,
        3.1949999999999997e-15,
        3.084e-15,
        2.9819999999999995e-15,
        2.888e-15,
        2.236e-15,
        1.861e-15,
        1.4390000000000001e-15,
        1.307e-15,
        1.202e-15,
        1.118e-15,
        1.047e-15,
        9.872e-16,
        6.586999999999999e-16,
        5.099e-16,
        3.587e-16,
        3.137e-16,
        2.79e-16,
        2.513e-16,
        2.288e-16,
        2.0999999999999999e-16
      ],
      [
        4.415e-15,
        4.415e-15,
        4.1609999999999996e-15,
        3.955e-15,
        3.622e-15,
        3.482e-15,
        3.355e-15,
        3.2399999999999998e-15,
        3.134e-15,
        3.0359999999999996e-15,
        2.357e-15,
        1.967e-15,
        1.527e-15,
        1.3879999999999999e-15,
        1.2779999999999999e-15,
        1.1889999999999998e-15,
        1.115e-15,
        1.0520000000000001e-15,
        7.053e-16,
        5.472e-16,
        3.8589999999999997e-16,
        3.376e-16,
        3.004e-16,
        2.708e-16,
        2.466e-16,
        2.264e-16
      ],
      [
        4.58e-15,
        4.58e-15,
        4.321e-15,
        4.1089999999999995e-15,
        3.767e-15,
        3.623e-15,
        3.4929999999999998e-15,
        3.374e-15,
        3.265e-15,
        3.1639999999999997e-15,
        2.4640000000000002e-15,
        2.06e-15,
        1.6029999999999998e-15,
        1.459e-15,
        1.345e-15,
        1.2529999999999999e-15,
        1.175e-15,
        1.11e-15,
        7.468e-16,
        5.805e-16,
        4.102e-16,
        3.5909999999999996e-16,
        3.196e-16,
        2.882e-16,
        2.6250000000000003e-16,
        2.411e-16
      ],
      [
        4.72e-15,
        4.72e-15,
        4.455e-15,
        4.24e-15,
        3.89e-15,
        3.7429999999999995e-15,
        3.61e-15,
        3.488e-15,
        3.377e-15,
        3.274e-15,
        2.5559999999999997e-15,
        2.141e-15,
        1.67e-15,
        1.5219999999999999e-15,
        1.404e-15,
        1.308e-15,
        1.228e-15,
        1.16e-15,
        7.832999999999999e-16,
        6.099e-16,
        4.317e-16,
        3.781e-16,
        3.367e-16,
        3.037e-16,
        2.767e-16,
        2.541e-16
      ],
      [
        4.835e-15,
        4.835e-15,
        4.5669999999999995e-15,
        4.3489999999999995e-15,
        3.994e-15,
        3.844e-15,
        3.709e-15,
        3.585e-15,
        3.472e-15,
        3.367e-15,
        2.635e-15,
        2.21e-15,
        1.7279999999999999e-15,
        1.5759999999999998e-15,
