{
  "e": [
    5000.0,
    10000.0,
    15000.0,
    20000.0,
    25000.0,
    30000.0,
    35000.0,
    40000.0,
    45000.0,
    50000.0,
    55000.0,
    60000.0,
    65000.0,
    70000.0,
    75000.0,
    80000.0,
    85000.0,
    90000.0,
    95000.0,
    100000.0,
    105000.0,
    110000.0,
    115000.0,
    120000.0,
    125000.0
  ],
  "eref": 65000.0,
  "n": [
    1e+18,
    2e+18,
    3e+18,
    5e+18,
    6e+18,
    7e+18,
    8e+18,
    9e+18,
    1e+19,
    2e+19,
    3e+19,
    5e+19,
    6e+19,
    7e+19,
    8e+19,
    9e+19,
    1e+20,
    2e+20,
    3e+20,
    5e+20,
    6e+20,
    7e+20,
    8e+20,
    9e+20,
    1e+21
  ],
  "nref": 6e+19,
  "sen": [
    [
      2.082e-11,
      2.7349999999999998e-11,
      3.084e-11,
      3.48e-11,
      3.609e-11,
      3.713e-11,
      3.8e-11,
      3.8749999999999995e-11,
      3.94e-11,
      4.3269999999999996e-11,
      4.532e-11,
      4.7889999999999996e-11,
      4.8829999999999994e-11,
      4.966e-11,
      5.0399999999999995e-11,
      5.107e-11,
      5.1679999999999996e-11,
      5.6079999999999995e-11,
      5.879999999999999e-11,
      6.206999999999999e-11,
      6.313999999999999e-11,
      6.399e-11,
      6.469e-11,
      6.525999999999999e-11,
      6.574e-11
    ],
    [
      2.357e-11,
      3.193e-11,
      3.658e-11,
      4.1909999999999994e-11,
      4.364999999999999e-11,
      4.5049999999999996e-11,
      4.6219999999999997e-11,
      4.721e-11,
      4.8059999999999994e-11,
      5.308e-11,
      5.5649999999999997e-11,
      5.868999999999999e-11,
      5.975e-11,
      6.064999999999999e-11,
      6.142e-11,
      6.21e-11,
      6.271e-11,
      6.653e-11,
      6.849e-11,
      7.053e-11,
      7.113e-11,
      7.159e-11,
      7.195e-11,
      7.224e-11,
      7.247e-11
    ],
    [
      2.537e-11,
      3.512999999999999e-11,
      4.079e-11,
      4.7559999999999995e-11,
      4.9849999999999995e-11,
      5.172e-11,
      5.329e-11,
      5.464e-11,
      5.5819999999999994e-11,
      6.289e-11,
      6.654e-11,
      7.077999999999999e-11,
      7.221e-11,
      7.339999999999999e-11,
      7.44e-11,
      7.527e-11,
      7.603e-11,
      8.055000000000001e-11,
      8.268999999999999e-11,
      8.479e-11,
      8.538999999999999e-11,
      8.582999999999999e-11,
      8.618e-11,
      8.645999999999999e-11,
      8.668e-11
    ],
    [
      2.6060000000000002e-11,
      3.652e-11,
      4.279e-11,
      5.056e-11,
      5.326e-11,
      5.5499999999999996e-11,
      5.742e-11,
      5.907e-11,
      6.053e-11,
      6.952e-11,
      7.429e-11,
      7.987e-11,
      8.174999999999999e-11,
      8.331e-11,
      8.462e-11,
      8.574999999999999e-11,
      8.673999999999999e-11,
      9.252999999999999e-11,
      9.522999999999999e-11,
      9.786e-11,
      9.859999999999999e-11,
      9.914999999999999e-11,
      9.958000000000001e-11,
      9.993e-11,
      1.0019999999999999e-10
    ],
    [
      2.6619999999999998e-11,
      3.769e-11,
      4.4509999999999997e-11,
      5.3199999999999995e-11,
      5.6299999999999996e-11,
      5.889e-11,
      6.113e-11,
      6.307999999999999e-11,
      6.481e-11,
      7.567e-11,
      8.158e-11,
      8.86e-11,
      9.100999999999999e-11,
      9.299e-11,
      9.467999999999999e-11,
      9.613999999999999e-11,
      9.742e-11,
      1.05e-10,
      1.0859999999999999e-10,
      1.1209999999999999e-10,
      1.1309999999999999e-10,
      1.139e-10,
      1.144e-10,
      1.149e-10,
      1.1529999999999999e-10
    ],
    [
      2.728e-11,
      3.8980000000000004e-11,
      4.636e-11,
      5.5980000000000003e-11,
      5.946e-11,
      6.241e-11,
      6.496e-11,
      6.719999999999999e-11,
      6.919000000000001e-11,
      8.190999999999999e-11,
      8.896e-11,
      9.749e-11,
      1.004e-10,
      1.0289999999999999e-10,
      1.05e-10,
      1.0679999999999998e-10,
      1.084e-10,
      1.1809999999999999e-10,
      1.228e-10,
      1.274e-10,
      1.2879999999999998e-10,
      1.298e-10,
      1.305e-10,
      1.312e-10,
      1.317e-10
    ],
    [
      2.837e-11,
      4.098e-11,
      4.9129999999999996e-11,
      5.998e-11,
      6.396e-11,
      6.736e-11,
      7.030999999999999e-11,
      7.291999999999999e-11,
      7.525e-11,
      9.029e-11,
      9.875999999999999e-11,
      1.0909999999999999e-10,
      1.128e-10,
      1.1579999999999999e-10,
      1.1849999999999998e-10,
      1.207e-10,
      1.228e-10,
      1.351e-10,
      1.412e-10,
      1.473e-10,
      1.4899999999999998e-10,
      1.504e-10,
      1.514e-10,
      1.522e-10,
      1.5289999999999998e-10
    ],
    [
      2.9759999999999996e-11,
      4.356e-11,
      5.271e-11,
      6.519e-11,
      6.983999999999999e-11,
      7.383e-11,
      7.732e-11,
      8.041e-11,
      8.317999999999999e-11,
      1.0129999999999999e-10,
      1.1149999999999999e-10,
      1.243e-10,
      1.2879999999999998e-10,
      1.3259999999999999e-10,
      1.3579999999999999e-10,
      1.387e-10,
      1.412e-10,
      1.569e-10,
      1.6469999999999998e-10,
      1.7259999999999998e-10,
      1.7489999999999999e-10,
      1.766e-10,
      1.7799999999999998e-10,
      1.7909999999999998e-10,
      1.8e-10
    ],
    [
      3.143e-11,
      4.6539999999999995e-11,
      5.6799999999999994e-11,
      7.105e-11,
      7.643e-11,
      8.106999999999998e-11,
      8.515e-11,
      8.877000000000001e-11,
      9.202e-11,
      1.134e-10,
      1.257e-10,
      1.41e-10,
      1.465e-10,
      1.5109999999999997e-10,
      1.5509999999999999e-10,
      1.586e-10,
      1.617e-10,
      1.811e-10,
      1.909e-10,
      2.01e-10,
      2.04e-10,
      2.062e-10,
      2.079e-10,
      2.093e-10,
      2.105e-10
    ],
    [
      3.3659999999999997e-11,
      5.023e-11,
      6.166e-11,
      7.776e-11,
      8.39e-11,
      8.92e-11,
      9.387e-11,
      9.803e-11,
      1.0179999999999999e-10,
      1.265e-10,
      1.409e-10,
      1.5890000000000001e-10,
      1.653e-10,
      1.708e-10,
      1.7550000000000001e-10,
      1.7969999999999998e-10,
      1.834e-10,
      2.067e-10,
      2.186e-10,
      2.309e-10,
      2.345e-10,
      2.373e-10,
      2.3939999999999997e-10,
      2.4109999999999997e-10,
      2.425e-10
    ],
    [
      3.634e-11,
      5.456e-11,
      6.729999999999999e-11,
      8.540999999999999e-11,
      9.235e-11,
      9.838e-11,
      1.037e-10,
      1.084e-10,
      1.127e-10,
      1.4109999999999998e-10,
      1.576e-10,
      1.784e-10,
      1.8589999999999997e-10,
      1.922e-10,
      1.978e-10,
      2.0259999999999998e-10,
      2.0699999999999998e-10,
      2.344e-10,
      2.484e-10,
      2.6299999999999997e-10,
      2.673e-10,
      2.7060000000000003e-10,
      2.731e-10,
      2.752e-10,
      2.769e-10
    ],
    [
      3.8940000000000003e-11,
      5.882999999999999e-11,
      7.288999999999999e-11,
      9.307999999999999e-11,
      1.009e-10,
      1.077e-10,
      1.1359999999999999e-10,
      1.19e-10,
      1.238e-10,
      1.5599999999999998e-10,
      1.7489999999999999e-10,
      1.988e-10,
      2.074e-10,
      2.1469999999999997e-10,
      2.211e-10,
      2.267e-10,
      2.3169999999999999e-10,
      2.634e-10,
      2.798e-10,
      2.968e-10,
      3.018e-10,
      3.056e-10,
      3.086e-10,
      3.11e-10,
      3.13e-10
    ],
    [
      4.1310000000000004e-11,
      6.274e-11,
      7.805999999999999e-11,
      1.0029999999999999e-10,
      1.089e-10,
      1.164e-10,
      1.231e-10,
      1.29e-10,
      1.3439999999999997e-10,
      1.7049999999999998e-10,
      1.917e-10,
      2.1879999999999998e-10,
      2.286e-10,
      2.3699999999999996e-10,
      2.442e-10,
      2.506e-10,
      2.5639999999999996e-10,
      2.927e-10,
      3.1149999999999996e-10,
      3.311e-10,
      3.369e-10,
      3.413e-10,
      3.4469999999999996e-10,
      3.475e-10,
      3.4979999999999997e-10
    ],
    [
      4.3600000000000003e-11,
      6.656e-11,
