{
  "e": [
    5000.0,
    10000.0,
    15000.0,
    20000.0,
    25000.0,
    30000.0,
    35000.0,
    40000.0,
    45000.0,
    50000.0,
    55000.0,
    60000.0,
    65000.0,
    70000.0,
    75000.0,
    80000.0,
    85000.0,
    90000.0,
    95000.0,
    100000.0,
    105000.0,
    110000.0,
    115000.0,
    120000.0,
    125000.0
  ],
  "eref": 65000.0,
  "n": [
    1e+18,
    2e+18,
    3e+18,
    5e+18,
    6e+18,
    7e+18,
    8e+18,
    9e+18,
    1e+19,
    2e+19,
    3e+19,
    5e+19,
    6e+19,
    7e+19,
    8e+19,
    9e+19,
    1e+20,
    2e+20,
    3e+20,
    5e+20,
    6e+20,
    7e+20,
    8e+20,
    9e+20,
    1e+21
  ],
  "nref": 6e+19,
  "sen": [
    [
      4.2639999999999994e-11,
      7.79e-11,
      1.083e-10,
      1.586e-10,
      1.7969999999999998e-10,
      1.988e-10,
      2.1609999999999998e-10,
      2.319e-10,
      2.464e-10,
      3.475e-10,
      4.086e-10,
      4.869e-10,
      5.157e-10,
      5.404e-10,
      5.623999999999999e-10,
      5.821e-10,
      6.001e-10,
      7.261e-10,
      8.028999999999999e-10,
      8.953e-10,
      9.255e-10,
      9.496e-10,
      9.690999999999999e-10,
      9.854e-10,
      9.991e-10
    ],
    [
      4.881e-11,
      8.794999999999999e-11,
      1.209e-10,
      1.7369999999999998e-10,
      1.953e-10,
      2.1460000000000001e-10,
      2.319e-10,
      2.4749999999999997e-10,
      2.618e-10,
      3.5869999999999996e-10,
      4.1629999999999995e-10,
      4.901e-10,
      5.174e-10,
      5.409e-10,
      5.617e-10,
      5.804e-10,
      5.973999999999999e-10,
      7.138e-10,
      7.816999999999999e-10,
      8.595999999999999e-10,
      8.842e-10,
      9.034999999999999e-10,
      9.188999999999999e-10,
      9.316e-10,
      9.423e-10
    ],
    [
      5.5980000000000003e-11,
      1.0029999999999999e-10,
      1.371e-10,
      1.956e-10,
      2.1929999999999998e-10,
      2.403e-10,
      2.591e-10,
      2.7609999999999996e-10,
      2.915e-10,
      3.958e-10,
      4.578e-10,
      5.379999999999999e-10,
      5.676999999999999e-10,
      5.933999999999999e-10,
      6.161e-10,
      6.363999999999999e-10,
      6.549e-10,
      7.797e-10,
      8.503999999999999e-10,
      9.296e-10,
      9.541e-10,
      9.730999999999999e-10,
      9.882999999999998e-10,
      1.001e-09,
      1.011e-09
    ],
    [
      6.342e-11,
      1.1349999999999998e-10,
      1.5509999999999999e-10,
      2.2099999999999999e-10,
      2.477e-10,
      2.7139999999999996e-10,
      2.9249999999999997e-10,
      3.116e-10,
      3.2899999999999995e-10,
      4.471e-10,
      5.18e-10,
      6.104e-10,
      6.447e-10,
      6.744999999999999e-10,
      7.008e-10,
      7.244e-10,
      7.457999999999999e-10,
      8.891e-10,
      9.693e-10,
      1.0579999999999999e-09,
      1.085e-09,
      1.106e-09,
      1.123e-09,
      1.136e-09,
      1.148e-09
    ],
    [
      7.061e-11,
      1.2659999999999998e-10,
      1.7340000000000002e-10,
      2.477e-10,
      2.7799999999999997e-10,
      3.0489999999999995e-10,
      3.2899999999999995e-10,
      3.508e-10,
      3.7069999999999997e-10,
      5.069999999999999e-10,
      5.898999999999999e-10,
      6.989e-10,
      7.397e-10,
      7.751e-10,
      8.063999999999999e-10,
      8.345e-10,
      8.599e-10,
      1.03e-09,
      1.125e-09,
      1.2299999999999999e-09,
      1.262e-09,
      1.286e-09,
      1.306e-09,
      1.322e-09,
      1.335e-09
    ],
    [
      7.732e-11,
      1.392e-10,
      1.911e-10,
      2.744e-10,
      3.086e-10,
      3.391e-10,
      3.6650000000000003e-10,
      3.914e-10,
      4.1409999999999995e-10,
      5.718e-10,
      6.689e-10,
      7.982e-10,
      8.469e-10,
      8.892e-10,
      9.267e-10,
      9.602999999999999e-10,
      9.908e-10,
      1.196e-09,
      1.3099999999999998e-09,
      1.436e-09,
      1.474e-09,
      1.5039999999999998e-09,
      1.5269999999999998e-09,
      1.546e-09,
      1.562e-09
    ],
    [
      8.339999999999999e-11,
      1.508e-10,
      2.078e-10,
      3.0019999999999996e-10,
      3.384e-10,
      3.726e-10,
      4.035e-10,
      4.3169999999999997e-10,
      4.5749999999999997e-10,
      6.384999999999999e-10,
      7.517e-10,
      9.039e-10,
      9.615999999999999e-10,
      1.012e-09,
      1.056e-09,
      1.097e-09,
      1.133e-09,
      1.378e-09,
      1.516e-09,
      1.6679999999999998e-09,
      1.7139999999999999e-09,
      1.75e-09,
      1.778e-09,
      1.802e-09,
      1.8209999999999998e-09
    ],
    [
      8.879999999999999e-11,
      1.6129999999999998e-10,
      2.2309999999999998e-10,
      3.241e-10,
      3.663e-10,
      4.042e-10,
      4.3859999999999996e-10,
      4.701e-10,
      4.989999999999999e-10,
      7.041e-10,
      8.342999999999999e-10,
      1.011e-09,
      1.078e-09,
      1.137e-09,
      1.189e-09,
      1.237e-09,
      1.2789999999999998e-09,
      1.57e-09,
      1.733e-09,
      1.915e-09,
      1.97e-09,
      2.013e-09,
      2.048e-09,
      2.076e-09,
      2.099e-09
    ],
    [
      9.356e-11,
      1.707e-10,
      2.369e-10,
      3.4609999999999997e-10,
      3.92e-10,
      4.335e-10,
      4.713e-10,
      5.059e-10,
      5.379e-10,
      7.669999999999999e-10,
      9.144e-10,
      1.1159999999999999e-09,
      1.193e-09,
      1.2609999999999999e-09,
      1.3209999999999999e-09,
      1.376e-09,
      1.425e-09,
      1.763e-09,
      1.954e-09,
      2.167e-09,
      2.233e-09,
      2.284e-09,
      2.3249999999999997e-09,
      2.358e-09,
      2.385e-09
    ],
    [
      9.765999999999999e-11,
      1.788e-10,
      2.4899999999999997e-10,
      3.657e-10,
      4.151e-10,
      4.599e-10,
      5.008e-10,
      5.383999999999999e-10,
      5.733e-10,
      8.254999999999999e-10,
      9.895e-10,
      1.216e-09,
      1.303e-09,
      1.3789999999999999e-09,
      1.448e-09,
      1.5089999999999999e-09,
      1.5659999999999998e-09,
      1.9499999999999997e-09,
      2.17e-09,
      2.417e-09,
      2.493e-09,
      2.552e-09,
      2.5990000000000002e-09,
      2.638e-09,
      2.67e-09
    ],
    [
      1.0119999999999998e-10,
      1.8589999999999997e-10,
      2.596e-10,
      3.829e-10,
      4.354e-10,
      4.833e-10,
      5.271e-10,
      5.675e-10,
      6.05e-10,
      8.787e-10,
      1.059e-09,
      1.3079999999999998e-09,
      1.405e-09,
      1.49e-09,
      1.5659999999999998e-09,
      1.634e-09,
      1.6969999999999998e-09,
      2.128e-09,
      2.376e-09,
      2.6549999999999996e-09,
      2.742e-09,
      2.8089999999999997e-09,
      2.863e-09,
      2.9069999999999996e-09,
      2.9439999999999998e-09
    ],
    [
      1.041e-10,
      1.919e-10,
      2.6860000000000003e-10,
      3.978e-10,
      4.532e-10,
      5.037e-10,
      5.502e-10,
      5.931e-10,
      6.33e-10,
      9.265e-10,
      1.121e-09,
      1.3929999999999998e-09,
      1.498e-09,
      1.591e-09,
      1.6739999999999998e-09,
      1.75e-09,
      1.818e-09,
      2.2939999999999997e-09,
      2.569e-09,
      2.881e-09,
      2.978e-09,
      3.053e-09,
      3.1139999999999998e-09,
      3.163e-09,
      3.2039999999999997e-09
    ],
    [
      1.066e-10,
      1.97e-10,
      2.764e-10,
      4.109e-10,
      4.686999999999999e-10,
      5.217000000000001e-10,
      5.705e-10,
      6.157e-10,
      6.577e-10,
      9.694e-10,
      1.1779999999999999e-09,
      1.4699999999999999e-09,
      1.584e-09,
      1.684e-09,
      1.7739999999999999e-09,
      1.8550000000000001e-09,
      1.93e-09,
      2.448e-09,
      2.749e-09,
      3.092e-09,
      3.199e-09,
      3.283e-09,
      3.35e-09,
      3.404e-09,
      3.45e-09
    ],
    [
      1.087e-10,
      2.0139999999999997e-10,
      2.831e-10,
      4.221e-10,
      4.821999999999999e-10,
      5.373e-10,
      5.882e-10,
      6.354e-10,
      6.794000000000001e-10,
      1.008e-09,
      1.2279999999999999e-09,
      1.5399999999999999e-09,
      1.661e-09,
      1.7679999999999999e-09,
