{
  "e": [
    5000.0,
    10000.0,
    15000.0,
    20000.0,
    25000.0,
    30000.0,
    35000.0,
    40000.0,
    45000.0,
    50000.0,
    55000.0,
    60000.0,
    65000.0,
    70000.0,
    75000.0,
    80000.0,
    85000.0,
    90000.0,
    95000.0,
    100000.0,
    105000.0,
    110000.0,
    115000.0,
    120000.0,
    125000.0
  ],
  "eref": 65000.0,
  "n": [
    1e+18,
    2e+18,
    3e+18,
    5e+18,
    6e+18,
    7e+18,
    8e+18,
    9e+18,
    1e+19,
    2e+19,
    3e+19,
    5e+19,
    6e+19,
    7e+19,
    8e+19,
    9e+19,
    1e+20,
    2e+20,
    3e+20,
    5e+20,
    6e+20,
    7e+20,
    8e+20,
    9e+20,
    1e+21
  ],
  "nref": 6e+19,
  "sen": [
    [
      4.3689999999999993e-11,
      8.604e-11,
      1.276e-10,
      2.089e-10,
      2.4879999999999996e-10,
      2.883e-10,
      3.274e-10,
      3.661e-10,
      4.045e-10,
      7.715e-10,
      1.113e-09,
      1.7299999999999998e-09,
      2.011e-09,
      2.2759999999999996e-09,
      2.525e-09,
      2.761e-09,
      2.984e-09,
      4.6959999999999995e-09,
      5.811e-09,
      7.178e-09,
      7.626e-09,
      7.983e-09,
      8.273e-09,
      8.513e-09,
      8.716e-09
    ],
    [
      4.3739999999999996e-11,
      8.567e-11,
      1.264e-10,
      2.053e-10,
      2.436e-10,
      2.811e-10,
      3.1809999999999997e-10,
      3.5449999999999996e-10,
      3.9019999999999996e-10,
      7.204999999999999e-10,
      1.009e-09,
      1.49e-09,
      1.693e-09,
      1.876e-09,
      2.0419999999999998e-09,
      2.1929999999999998e-09,
      2.331e-09,
      3.253e-09,
      3.749e-09,
      4.271e-09,
      4.425e-09,
      4.541999999999999e-09,
      4.6339999999999995e-09,
      4.708e-09,
      4.7689999999999996e-09
    ],
    [
      4.4169999999999995e-11,
      8.632999999999999e-11,
      1.271e-10,
      2.0539999999999998e-10,
      2.4309999999999997e-10,
      2.7999999999999996e-10,
      3.1609999999999997e-10,
      3.5139999999999994e-10,
      3.86e-10,
      6.980000000000001e-10,
      9.602999999999999e-10,
      1.378e-09,
      1.5479999999999998e-09,
      1.6969999999999998e-09,
      1.8299999999999999e-09,
      1.948e-09,
      2.055e-09,
      2.729e-09,
      3.066e-09,
      3.402e-09,
      3.4979999999999997e-09,
      3.5699999999999995e-09,
      3.625e-09,
      3.67e-09,
      3.7069999999999997e-09
    ],
    [
      4.499e-11,
      8.792999999999999e-11,
      1.294e-10,
      2.089e-10,
      2.4709999999999995e-10,
      2.8439999999999997e-10,
      3.2079999999999997e-10,
      3.564e-10,
      3.912e-10,
      7.032999999999999e-10,
      9.628e-10,
      1.371e-09,
      1.5349999999999998e-09,
      1.6789999999999999e-09,
      1.806e-09,
      1.9189999999999997e-09,
      2.02e-09,
      2.651e-09,
      2.961e-09,
      3.2659999999999997e-09,
      3.353e-09,
      3.418e-09,
      3.468e-09,
      3.508e-09,
      3.5409999999999997e-09
    ],
    [
      4.612e-11,
      9.02e-11,
      1.328e-10,
      2.1460000000000001e-10,
      2.54e-10,
      2.924e-10,
      3.2989999999999997e-10,
      3.667e-10,
      4.0269999999999996e-10,
      7.26e-10,
      9.963999999999998e-10,
      1.425e-09,
      1.5979999999999999e-09,
      1.75e-09,
      1.885e-09,
      2.0049999999999996e-09,
      2.1129999999999996e-09,
      2.7920000000000003e-09,
      3.129e-09,
      3.4629999999999997e-09,
      3.558e-09,
      3.6289999999999998e-09,
      3.6849999999999996e-09,
      3.729e-09,
      3.765e-09
    ],
    [
      4.748e-11,
      9.291999999999999e-11,
      1.369e-10,
      2.2149999999999998e-10,
      2.622e-10,
      3.021e-10,
      3.411e-10,
      3.7929999999999997e-10,
      4.1669999999999997e-10,
      7.548e-10,
      1.04e-09,
      1.498e-09,
      1.684e-09,
      1.849e-09,
      1.995e-09,
      2.1269999999999998e-09,
      2.245e-09,
      3e-09,
      3.38e-09,
      3.761e-09,
      3.8709999999999996e-09,
      3.953e-09,
      4.017e-09,
      4.068e-09,
      4.11e-09
    ],
    [
      4.928999999999999e-11,
      9.651999999999999e-11,
      1.423e-10,
      2.3029999999999997e-10,
      2.7280000000000003e-10,
      3.1439999999999997e-10,
      3.551e-10,
      3.95e-10,
      4.3419999999999996e-10,
      7.895e-10,
      1.092e-09,
      1.5809999999999998e-09,
      1.7819999999999998e-09,
      1.96e-09,
      2.1199999999999997e-09,
      2.264e-09,
      2.393e-09,
      3.23e-09,
      3.6579999999999996e-09,
      4.093e-09,
      4.218e-09,
      4.3129999999999995e-09,
      4.3859999999999995e-09,
      4.446e-09,
      4.4939999999999996e-09
    ],
    [
      5.178e-11,
      1.014e-10,
      1.496e-10,
      2.423e-10,
      2.8709999999999997e-10,
      3.309e-10,
      3.7379999999999994e-10,
      4.1599999999999996e-10,
      4.5729999999999996e-10,
      8.342e-10,
      1.157e-09,
      1.684e-09,
      1.902e-09,
      2.0969999999999997e-09,
      2.272e-09,
      2.429e-09,
      2.572e-09,
      3.5049999999999998e-09,
      3.989e-09,
      4.485e-09,
      4.6290000000000005e-09,
      4.738e-09,
      4.8229999999999996e-09,
      4.891999999999999e-09,
      4.948e-09
    ],
    [
      5.482e-11,
      1.0739999999999999e-10,
      1.585e-10,
      2.568e-10,
      3.043e-10,
      3.508e-10,
      3.9639999999999994e-10,
      4.412e-10,
      4.851999999999999e-10,
      8.872e-10,
      1.234e-09,
      1.8029999999999999e-09,
      2.04e-09,
      2.2529999999999996e-09,
      2.444e-09,
      2.617e-09,
      2.775e-09,
      3.811e-09,
      4.3559999999999994e-09,
      4.9199999999999996e-09,
      5.085e-09,
      5.21e-09,
      5.307e-09,
      5.386e-09,
      5.45e-09
    ],
    [
      5.835999999999999e-11,
      1.144e-10,
      1.687e-10,
      2.7339999999999996e-10,
      3.241e-10,
      3.7369999999999996e-10,
      4.224e-10,
      4.701e-10,
      5.171e-10,
      9.471e-10,
      1.319e-09,
      1.9339999999999997e-09,
      2.1909999999999996e-09,
      2.422e-09,
      2.63e-09,
      2.8199999999999998e-09,
      2.9919999999999996e-09,
      4.133999999999999e-09,
      4.74e-09,
      5.372e-09,
      5.557e-09,
      5.697e-09,
      5.8069999999999995e-09,
      5.896e-09,
      5.969e-09
    ],
    [
      6.234e-11,
      1.2219999999999998e-10,
      1.803e-10,
      2.922e-10,
      3.463e-10,
      3.994e-10,
      4.514e-10,
      5.025e-10,
      5.527000000000001e-10,
      1.013e-09,
      1.413e-09,
      2.0739999999999997e-09,
      2.3519999999999997e-09,
      2.602e-09,
      2.8279999999999997e-09,
      3.0329999999999998e-09,
      3.22e-09,
      4.466e-09,
      5.1299999999999994e-09,
      5.8259999999999995e-09,
      6.029999999999999e-09,
      6.1850000000000005e-09,
      6.307e-09,
      6.405e-09,
      6.485999999999999e-09
    ],
    [
      6.648e-11,
      1.3029999999999998e-10,
      1.923e-10,
      3.1169999999999997e-10,
      3.694e-10,
      4.26e-10,
      4.814999999999999e-10,
      5.36e-10,
      5.896e-10,
      1.0809999999999999e-09,
      1.508e-09,
      2.218e-09,
      2.516e-09,
      2.784e-09,
      3.027e-09,
      3.248e-09,
      3.4489999999999996e-09,
      4.794e-09,
      5.514e-09,
      6.27e-09,
      6.492e-09,
      6.661e-09,
      6.7939999999999995e-09,
      6.901e-09,
      6.989e-09
    ],
    [
      7.061e-11,
      1.384e-10,
      2.043e-10,
      3.311e-10,
      3.925e-10,
      4.5259999999999997e-10,
      5.116e-10,
      5.696e-10,
      6.265e-10,
      1.15e-09,
      1.6039999999999998e-09,
      2.36e-09,
      2.6779999999999996e-09,
      2.964e-09,
      3.2239999999999996e-09,
      3.4599999999999996e-09,
      3.675e-09,
      5.115999999999999e-09,
      5.89e-09,
      6.703e-09,
      6.943e-09,
      7.125e-09,
      7.268e-09,
      7.383999999999999e-09,
      7.479e-09
    ],
    [
      7.490000000000001e-11,
      1.4689999999999998e-10,
      2.168e-10,
      3.5139999999999994e-10,
      4.1649999999999996e-10,
