{
  "e": [
    5000.0,
    10000.0,
    15000.0,
    20000.0,
    25000.0,
    30000.0,
    35000.0,
    40000.0,
    45000.0,
    50000.0,
    55000.0,
    60000.0,
    65000.0,
    70000.0,
    75000.0,
    80000.0,
    85000.0,
    90000.0,
    95000.0,
    100000.0,
    105000.0,
    110000.0,
    115000.0,
    120000.0,
    125000.0
  ],
  "eref": 65000.0,
  "n": [
    1e+18,
    2e+18,
    3e+18,
    5e+18,
    6e+18,
    7e+18,
    8e+18,
    9e+18,
    1e+19,
    2e+19,
    3e+19,
    5e+19,
    6e+19,
    7e+19,
    8e+19,
    9e+19,
    1e+20,
    2e+20,
    3e+20,
    5e+20,
    6e+20,
    7e+20,
    8e+20,
    9e+20,
    1e+21
  ],
  "nref": 6e+19,
  "sen": [
    [
      4.4979999999999996e-11,
      8.878999999999998e-11,
      1.319e-10,
      2.164e-10,
      2.58e-10,
      2.991e-10,
      3.399e-10,
      3.8029999999999997e-10,
      4.2039999999999996e-10,
      8.055e-10,
      1.167e-09,
      1.8299999999999999e-09,
      2.1359999999999997e-09,
      2.426e-09,
      2.703e-09,
      2.966e-09,
      3.218e-09,
      5.218e-09,
      6.59e-09,
      8.352999999999999e-09,
      8.952e-09,
      9.436e-09,
      9.835e-09,
      1.017e-08,
      1.045e-08
    ],
    [
      4.584e-11,
      9.032999999999999e-11,
      1.339e-10,
      2.191e-10,
      2.607e-10,
      3.019e-10,
      3.4249999999999995e-10,
      3.827e-10,
      4.224e-10,
      7.981e-10,
      1.141e-09,
      1.7489999999999999e-09,
      2.02e-09,
      2.273e-09,
      2.5079999999999996e-09,
      2.729e-09,
      2.9359999999999998e-09,
      4.4639999999999995e-09,
      5.4079999999999995e-09,
      6.512e-09,
      6.863e-09,
      7.137e-09,
      7.358e-09,
      7.54e-09,
      7.692e-09
    ],
    [
      4.767e-11,
      9.392e-11,
      1.392e-10,
      2.276e-10,
      2.707e-10,
      3.133e-10,
      3.553e-10,
      3.9679999999999996e-10,
      4.378e-10,
      8.234e-10,
      1.172e-09,
      1.7819999999999998e-09,
      2.0509999999999996e-09,
      2.3e-09,
      2.5309999999999996e-09,
      2.745e-09,
      2.945e-09,
      4.393e-09,
      5.258999999999999e-09,
      6.245999999999999e-09,
      6.555e-09,
      6.7939999999999995e-09,
      6.986e-09,
      7.143e-09,
      7.273e-09
    ],
    [
      5.182e-11,
      1.021e-10,
      1.514e-10,
      2.476e-10,
      2.9449999999999997e-10,
      3.409e-10,
      3.866e-10,
      4.3169999999999997e-10,
      4.763e-10,
      8.961e-10,
      1.276e-09,
      1.941e-09,
      2.234e-09,
      2.506e-09,
      2.7579999999999998e-09,
      2.9919999999999996e-09,
      3.2109999999999998e-09,
      4.7959999999999996e-09,
      5.746e-09,
      6.832e-09,
      7.1720000000000005e-09,
      7.4359999999999996e-09,
      7.647e-09,
      7.82e-09,
      7.964000000000001e-09
    ],
    [
      5.831e-11,
      1.15e-10,
      1.7049999999999998e-10,
      2.787e-10,
      3.3159999999999997e-10,
      3.838e-10,
      4.353e-10,
      4.861999999999999e-10,
      5.365e-10,
      1.01e-09,
      1.44e-09,
      2.195e-09,
      2.529e-09,
      2.8379999999999995e-09,
      3.1259999999999998e-09,
      3.3939999999999997e-09,
      3.6449999999999997e-09,
      5.472e-09,
      6.577e-09,
      7.848e-09,
      8.247000000000001e-09,
      8.558e-09,
      8.807e-09,
      9.011999999999998e-09,
      9.181999999999999e-09
    ],
    [
      6.577999999999999e-11,
      1.297e-10,
      1.923e-10,
      3.1439999999999997e-10,
      3.741e-10,
      4.33e-10,
      4.910999999999999e-10,
      5.485e-10,
      6.051999999999999e-10,
      1.14e-09,
      1.626e-09,
      2.483e-09,
      2.863e-09,
      3.216e-09,
      3.5439999999999998e-09,
      3.851e-09,
      4.138e-09,
      6.2409999999999994e-09,
      7.523e-09,
      9.006e-09,
      9.474e-09,
      9.839999999999999e-09,
      1.013e-08,
      1.037e-08,
      1.057e-08
    ],
    [
      7.325e-11,
      1.4440000000000001e-10,
      2.142e-10,
      3.5009999999999996e-10,
      4.1649999999999996e-10,
      4.821e-10,
      5.467e-10,
      6.105999999999999e-10,
      6.738e-10,
      1.2689999999999999e-09,
      1.8109999999999998e-09,
      2.768e-09,
      3.193e-09,
      3.589e-09,
      3.9569999999999995e-09,
      4.301e-09,
      4.623e-09,
      6.993e-09,
      8.443e-09,
      1.013e-08,
      1.0659999999999999e-08,
      1.1079999999999999e-08,
      1.141e-08,
      1.169e-08,
      1.192e-08
    ],
    [
      8.058e-11,
      1.5890000000000001e-10,
      2.356e-10,
      3.8509999999999994e-10,
      4.582e-10,
      5.303e-10,
      6.015e-10,
      6.717e-10,
      7.412e-10,
      1.397e-09,
      1.993e-09,
      3.048e-09,
      3.517e-09,
      3.953e-09,
      4.36e-09,
      4.74e-09,
      5.096e-09,
      7.719e-09,
      9.329e-09,
      1.12e-08,
      1.18e-08,
      1.226e-08,
      1.263e-08,
      1.2939999999999999e-08,
      1.3199999999999999e-08
    ],
    [
      8.774e-11,
      1.73e-10,
      2.5659999999999997e-10,
      4.195e-10,
      4.989999999999999e-10,
      5.775e-10,
      6.549999999999999e-10,
      7.315999999999999e-10,
      8.072e-10,
      1.521e-09,
      2.171e-09,
      3.3199999999999997e-09,
      3.832e-09,
      4.308e-09,
      4.751e-09,
      5.166e-09,
      5.554e-09,
      8.418e-09,
      1.018e-08,
      1.223e-08,
      1.288e-08,
      1.339e-08,
      1.379e-08,
      1.413e-08,
      1.4409999999999998e-08
    ],
    [
      9.466e-11,
      1.867e-10,
      2.769e-10,
      4.5259999999999997e-10,
      5.383999999999999e-10,
      6.230999999999999e-10,
      7.066999999999999e-10,
      7.893000000000001e-10,
      8.709e-10,
      1.641e-09,
      2.342e-09,
      3.582e-09,
      4.1330000000000005e-09,
      4.646e-09,
      5.124e-09,
      5.571e-09,
      5.989999999999999e-09,
      9.076e-09,
      1.097e-08,
      1.318e-08,
      1.388e-08,
      1.443e-08,
      1.4869999999999998e-08,
      1.523e-08,
      1.553e-08
    ],
    [
      1.0119999999999998e-10,
      1.997e-10,
      2.961e-10,
      4.84e-10,
      5.758e-10,
      6.664e-10,
      7.558e-10,
      8.440999999999999e-10,
      9.313e-10,
      1.755e-09,
      2.504e-09,
      3.827e-09,
      4.416e-09,
      4.963e-09,
      5.473e-09,
      5.95e-09,
      6.396e-09,
      9.683e-09,
      1.17e-08,
      1.404e-08,
      1.4779999999999999e-08,
      1.536e-08,
      1.583e-08,
      1.6209999999999998e-08,
      1.653e-08
    ],
    [
      1.0739999999999999e-10,
      2.1189999999999999e-10,
      3.1419999999999996e-10,
      5.136e-10,
      6.110999999999999e-10,
      7.071999999999999e-10,
      8.019999999999999e-10,
      8.957e-10,
      9.882e-10,
      1.8609999999999999e-09,
      2.6549999999999996e-09,
      4.0569999999999995e-09,
      4.6799999999999996e-09,
      5.258999999999999e-09,
      5.798e-09,
      6.302e-09,
      6.773999999999999e-09,
      1.0240000000000001e-08,
      1.236e-08,
      1.482e-08,
      1.5599999999999997e-08,
      1.6209999999999998e-08,
      1.6699999999999997e-08,
      1.71e-08,
      1.744e-08
    ],
    [
      1.133e-10,
      2.235e-10,
      3.3139999999999996e-10,
      5.417e-10,
      6.445e-10,
      7.457999999999999e-10,
      8.457999999999999e-10,
      9.446e-10,
      1.042e-09,
      1.962e-09,
      2.7989999999999995e-09,
      4.274e-09,
      4.929e-09,
      5.537e-09,
      6.104e-09,
      6.633e-09,
      7.127999999999999e-09,
      1.076e-08,
      1.298e-08,
      1.555e-08,
      1.636e-08,
      1.7e-08,
      1.751e-08,
      1.793e-08,
      1.828e-08
    ],
    [
      1.19e-10,
      2.3479999999999995e-10,
      3.482e-10,
      5.692e-10,
      6.771e-10,
      7.836e-10,
      8.886e-10,
      9.924e-10,
      1.095e-09,
      2.061e-09,
      2.939e-09,
      4.4860000000000004e-09,
      5.172e-09,
      5.8099999999999996e-09,
      6.4029999999999995e-09,
      6.956999999999999e-09,
      7.474999999999999e-09,
      1.127e-08,
      1.359e-08,
