{
  "e": [
    5000.0,
    10000.0,
    15000.0,
    20000.0,
    25000.0,
    30000.0,
    35000.0,
    40000.0,
    45000.0,
    50000.0,
    55000.0,
    60000.0,
    65000.0,
    70000.0,
    75000.0,
    80000.0,
    85000.0,
    90000.0,
    95000.0,
    100000.0,
    105000.0,
    110000.0,
    115000.0,
    120000.0,
    125000.0
  ],
  "eref": 65000.0,
  "n": [
    1e+18,
    2e+18,
    3e+18,
    5e+18,
    6e+18,
    7e+18,
    8e+18,
    9e+18,
    1e+19,
    2e+19,
    3e+19,
    5e+19,
    6e+19,
    7e+19,
    8e+19,
    9e+19,
    1e+20,
    2e+20,
    3e+20,
    5e+20,
    6e+20,
    7e+20,
    8e+20,
    9e+20,
    1e+21
  ],
  "nref": 6e+19,
  "sen": [
    [
      4.381e-11,
      8.631e-11,
      1.28e-10,
      2.0969999999999998e-10,
      2.498e-10,
      2.895e-10,
      3.287e-10,
      3.677e-10,
      4.062e-10,
      7.756e-10,
      1.119e-09,
      1.744e-09,
      2.029e-09,
      2.297e-09,
      2.5509999999999996e-09,
      2.791e-09,
      3.0179999999999997e-09,
      4.7769999999999995e-09,
      5.932999999999999e-09,
      7.361e-09,
      7.832e-09,
      8.208e-09,
      8.514999999999999e-09,
      8.77e-09,
      8.984999999999999e-09
    ],
    [
      4.407e-11,
      8.639e-11,
      1.276e-10,
      2.074e-10,
      2.462e-10,
      2.843e-10,
      3.218e-10,
      3.588e-10,
      3.951e-10,
      7.324999999999999e-10,
      1.03e-09,
      1.5299999999999999e-09,
      1.744e-09,
      1.937e-09,
      2.1129999999999996e-09,
      2.274e-09,
      2.422e-09,
      3.4259999999999995e-09,
      3.977e-09,
      4.564999999999999e-09,
      4.741e-09,
      4.875e-09,
      4.98e-09,
      5.066e-09,
      5.136e-09
    ],
    [
      4.4749999999999994e-11,
      8.758e-11,
      1.291e-10,
      2.09e-10,
      2.4749999999999997e-10,
      2.853e-10,
      3.2229999999999996e-10,
      3.5849999999999995e-10,
      3.9409999999999996e-10,
      7.172e-10,
      9.921000000000001e-10,
      1.437e-09,
      1.6199999999999998e-09,
      1.7819999999999998e-09,
      1.9269999999999997e-09,
      2.057e-09,
      2.1749999999999996e-09,
      2.934e-09,
      3.321e-09,
      3.7139999999999998e-09,
      3.828e-09,
      3.913e-09,
      3.98e-09,
      4.033e-09,
      4.077e-09
    ],
    [
      4.563e-11,
      8.929e-11,
      1.316e-10,
      2.1279999999999998e-10,
      2.52e-10,
      2.902e-10,
      3.2769999999999996e-10,
      3.644e-10,
      4.003e-10,
      7.251999999999999e-10,
      9.993e-10,
      1.4389999999999999e-09,
      1.618e-09,
      1.7759999999999999e-09,
      1.917e-09,
      2.043e-09,
      2.157e-09,
      2.8819999999999998e-09,
      3.2469999999999996e-09,
      3.6139999999999997e-09,
      3.719e-09,
      3.798e-09,
      3.859e-09,
      3.909e-09,
      3.949e-09
    ],
    [
      4.668e-11,
      9.140999999999998e-11,
      1.348e-10,
      2.1809999999999998e-10,
      2.583e-10,
      2.977e-10,
      3.362e-10,
      3.7399999999999995e-10,
      4.11e-10,
      7.466999999999999e-10,
      1.032e-09,
      1.492e-09,
      1.68e-09,
      1.848e-09,
      1.997e-09,
      2.131e-09,
      2.2529999999999996e-09,
      3.0329999999999998e-09,
      3.431e-09,
      3.834e-09,
      3.95e-09,
      4.0379999999999995e-09,
      4.106e-09,
      4.16e-09,
      4.205e-09
    ],
    [
      4.838e-11,
      9.48e-11,
      1.398e-10,
      2.266e-10,
      2.685e-10,
      3.0949999999999997e-10,
      3.497e-10,
      3.8910000000000003e-10,
      4.2779999999999996e-10,
      7.803999999999999e-10,
      1.082e-09,
      1.574e-09,
      1.778e-09,
      1.9589999999999995e-09,
      2.122e-09,
      2.268e-09,
      2.4019999999999998e-09,
      3.268e-09,
      3.7169999999999995e-09,
      4.177e-09,
      4.311e-09,
      4.411e-09,
      4.49e-09,
      4.5529999999999995e-09,
      4.605e-09
    ],
    [
      5.0949999999999996e-11,
      9.988999999999999e-11,
      1.474e-10,
      2.39e-10,
      2.833e-10,
      3.2679999999999995e-10,
      3.694e-10,
      4.112e-10,
      4.5219999999999995e-10,
      8.279e-10,
      1.152e-09,
      1.685e-09,
      1.907e-09,
      2.1059999999999996e-09,
      2.285e-09,
      2.447e-09,
      2.595e-09,
      3.5669999999999998e-09,
      4.079e-09,
      4.609e-09,
      4.764e-09,
      4.8819999999999995e-09,
      4.973e-09,
      5.047e-09,
      5.107999999999999e-09
    ],
    [
      5.438e-11,
      1.067e-10,
      1.575e-10,
      2.5539999999999997e-10,
      3.0289999999999996e-10,
      3.4939999999999995e-10,
      3.95e-10,
      4.3979999999999997e-10,
      4.839e-10,
      8.881e-10,
      1.239e-09,
      1.82e-09,
      2.064e-09,
      2.2829999999999997e-09,
      2.482e-09,
      2.6619999999999997e-09,
      2.826e-09,
      3.92e-09,
      4.503e-09,
      5.1139999999999995e-09,
      5.293e-09,
      5.43e-09,
      5.536e-09,
      5.623e-09,
      5.694e-09
    ],
    [
      5.868e-11,
      1.151e-10,
      1.7e-10,
      2.7589999999999995e-10,
      3.271e-10,
      3.774e-10,
      4.268e-10,
      4.753e-10,
      5.230000000000001e-10,
      9.62e-10,
      1.344e-09,
      1.9819999999999996e-09,
      2.252e-09,
      2.494e-09,
      2.715e-09,
      2.915e-09,
      3.098e-09,
      4.329e-09,
      4.993e-09,
      5.693e-09,
      5.900999999999999e-09,
      6.0579999999999996e-09,
      6.1819999999999995e-09,
      6.282e-09,
      6.3649999999999994e-09
    ],
    [
      6.323e-11,
      1.241e-10,
      1.832e-10,
      2.973e-10,
      3.526e-10,
      4.069e-10,
      4.6019999999999997e-10,
      5.126e-10,
      5.640999999999999e-10,
      1.039e-09,
      1.454e-09,
      2.149e-09,
      2.443e-09,
      2.71e-09,
      2.951e-09,
      3.172e-09,
      3.3739999999999997e-09,
      4.739e-09,
      5.4809999999999996e-09,
      6.269e-09,
      6.5029999999999996e-09,
      6.681e-09,
      6.822e-09,
      6.935e-09,
      7.028e-09
    ],
    [
      6.773e-11,
      1.329e-10,
      1.9619999999999998e-10,
      3.185e-10,
      3.777e-10,
      4.358e-10,
      4.929e-10,
      5.49e-10,
      6.042e-10,
      1.113e-09,
      1.5589999999999999e-09,
      2.308e-09,
      2.625e-09,
      2.9129999999999998e-09,
      3.175e-09,
      3.4129999999999997e-09,
      3.6319999999999995e-09,
      5.115999999999999e-09,
      5.927e-09,
      6.791e-09,
      7.048e-09,
      7.243999999999999e-09,
      7.399e-09,
      7.523e-09,
      7.626e-09
    ],
    [
      7.205e-11,
      1.414e-10,
      2.087e-10,
      3.387e-10,
      4.0169999999999997e-10,
      4.6349999999999995e-10,
      5.241999999999999e-10,
      5.839e-10,
      6.425999999999999e-10,
      1.1839999999999998e-09,
      1.659e-09,
      2.4559999999999998e-09,
      2.796e-09,
      3.1029999999999997e-09,
      3.3819999999999997e-09,
      3.6369999999999997e-09,
      3.872e-09,
      5.4619999999999995e-09,
      6.3329999999999995e-09,
      7.263e-09,
      7.54e-09,
      7.752e-09,
      7.917999999999999e-09,
      8.053e-09,
      8.164e-09
    ],
    [
      7.634e-11,
      1.4980000000000002e-10,
      2.212e-10,
      3.5889999999999997e-10,
      4.257e-10,
      4.912e-10,
      5.555e-10,
      6.187e-10,
      6.809e-10,
      1.255e-09,
      1.758e-09,
      2.605e-09,
      2.965e-09,
      3.291e-09,
      3.588e-09,
      3.859e-09,
      4.1079999999999995e-09,
      5.800999999999999e-09,
      6.73e-09,
      7.722999999999999e-09,
      8.019e-09,
      8.244e-09,
      8.422000000000001e-09,
      8.566e-09,
      8.685e-09
    ],
    [
      8.066e-11,
      1.5829999999999999e-10,
      2.337e-10,
      3.7929999999999997e-10,
      4.498e-10,
      5.191e-10,
      5.869999999999999e-10,
      6.539e-10,
      7.196e-10,
      1.3259999999999998e-09,
      1.858e-09,
      2.754e-09,
      3.135e-09,
      3.48e-09,
      3.795e-09,
      4.082e-09,
      4.346e-09,
      6.139999999999999e-09,
      7.125e-09,
      8.179e-09,
