{
  "e": [
    5000.0,
    10000.0,
    15000.0,
    20000.0,
    25000.0,
    30000.0,
    35000.0,
    40000.0,
    45000.0,
    50000.0,
    55000.0,
    60000.0,
    65000.0,
    70000.0,
    75000.0,
    80000.0,
    85000.0,
    90000.0,
    95000.0,
    100000.0,
    105000.0,
    110000.0,
    115000.0,
    120000.0,
    125000.0
  ],
  "eref": 65000.0,
  "n": [
    1e+18,
    2e+18,
    3e+18,
    5e+18,
    6e+18,
    7e+18,
    8e+18,
    9e+18,
    1e+19,
    2e+19,
    3e+19,
    5e+19,
    6e+19,
    7e+19,
    8e+19,
    9e+19,
    1e+20,
    2e+20,
    3e+20,
    5e+20,
    6e+20,
    7e+20,
    8e+20,
    9e+20,
    1e+21
  ],
  "nref": 6e+19,
  "sen": [
    [
      4.3600000000000003e-11,
      8.582999999999999e-11,
      1.273e-10,
      2.083e-10,
      2.48e-10,
      2.8739999999999996e-10,
      3.263e-10,
      3.6489999999999995e-10,
      4.031e-10,
      7.682e-10,
      1.1069999999999998e-09,
      1.7179999999999999e-09,
      1.9959999999999997e-09,
      2.256e-09,
      2.502e-09,
      2.733e-09,
      2.952e-09,
      4.622e-09,
      5.6989999999999994e-09,
      7.008999999999999e-09,
      7.437e-09,
      7.775e-09,
      8.051e-09,
      8.279e-09,
      8.470999999999999e-09
    ],
    [
      4.3779999999999996e-11,
      8.567e-11,
      1.264e-10,
      2.0489999999999999e-10,
      2.43e-10,
      2.804e-10,
      3.1709999999999997e-10,
      3.532e-10,
      3.886e-10,
      7.146999999999999e-10,
      9.971999999999998e-10,
      1.464e-09,
      1.659e-09,
      1.833e-09,
      1.9910000000000003e-09,
      2.134e-09,
      2.264e-09,
      3.122e-09,
      3.574e-09,
      4.044e-09,
      4.1809999999999995e-09,
      4.284999999999999e-09,
      4.367e-09,
      4.433e-09,
      4.486999999999999e-09
    ],
    [
      4.46e-11,
      8.707e-11,
      1.281e-10,
      2.066e-10,
      2.4429999999999997e-10,
      2.811e-10,
      3.1709999999999997e-10,
      3.5229999999999996e-10,
      3.867e-10,
      6.949e-10,
      9.508999999999999e-10,
      1.353e-09,
      1.514e-09,
      1.655e-09,
      1.7799999999999999e-09,
      1.891e-09,
      1.99e-09,
      2.606e-09,
      2.908e-09,
      3.2039999999999997e-09,
      3.288e-09,
      3.3509999999999997e-09,
      3.4e-09,
      3.4390000000000002e-09,
      3.47e-09
    ],
    [
      4.536e-11,
      8.852999999999999e-11,
      1.301e-10,
      2.0959999999999998e-10,
      2.477e-10,
      2.848e-10,
      3.21e-10,
      3.5629999999999995e-10,
      3.908e-10,
      6.974e-10,
      9.487999999999999e-10,
      1.338e-09,
      1.492e-09,
      1.626e-09,
      1.744e-09,
      1.848e-09,
      1.941e-09,
      2.509e-09,
      2.782e-09,
      3.0469999999999995e-09,
      3.121e-09,
      3.177e-09,
      3.22e-09,
      3.2539999999999997e-09,
      3.282e-09
    ],
    [
      4.597999999999999e-11,
      8.98e-11,
      1.3210000000000001e-10,
      2.13e-10,
      2.518e-10,
      2.8959999999999996e-10,
      3.265e-10,
      3.6259999999999997e-10,
      3.978e-10,
      7.115999999999999e-10,
      9.703e-10,
      1.3730000000000001e-09,
      1.533e-09,
      1.673e-09,
      1.796e-09,
      1.905e-09,
      2.002e-09,
      2.602e-09,
      2.8909999999999996e-09,
      3.174e-09,
      3.2539999999999997e-09,
      3.314e-09,
      3.36e-09,
      3.3969999999999997e-09,
      3.427e-09
    ],
    [
      4.652e-11,
      9.095999999999999e-11,
      1.339e-10,
      2.163e-10,
      2.5589999999999996e-10,
      2.9449999999999997e-10,
      3.323e-10,
      3.692e-10,
      4.0539999999999996e-10,
      7.295e-10,
      9.993999999999999e-10,
      1.425e-09,
      1.5959999999999999e-09,
      1.7459999999999998e-09,
      1.878e-09,
      1.9959999999999997e-09,
      2.102e-09,
      2.7629999999999997e-09,
      3.088e-09,
      3.409e-09,
      3.5e-09,
      3.5679999999999997e-09,
      3.621e-09,
      3.663e-09,
      3.697e-09
    ],
    [
      4.725e-11,
      9.246999999999999e-11,
      1.363e-10,
      2.2029999999999998e-10,
      2.6079999999999997e-10,
      3.0039999999999997e-10,
      3.391e-10,
      3.77e-10,
      4.1409999999999995e-10,
      7.489e-10,
      1.03e-09,
      1.4779999999999999e-09,
      1.6599999999999999e-09,
      1.82e-09,
      1.962e-09,
      2.089e-09,
      2.203e-09,
      2.926e-09,
      3.2859999999999996e-09,
      3.6459999999999996e-09,
      3.749e-09,
      3.826e-09,
      3.886e-09,
      3.934e-09,
      3.972999999999999e-09
    ],
    [
      4.837e-11,
      9.472e-11,
      1.397e-10,
      2.2609999999999997e-10,
      2.678e-10,
      3.085e-10,
      3.485e-10,
      3.876e-10,
      4.26e-10,
      7.735e-10,
      1.0679999999999998e-09,
      1.541e-09,
      1.735e-09,
      1.906e-09,
      2.059e-09,
      2.196e-09,
      2.32e-09,
      3.111e-09,
      3.512e-09,
      3.916e-09,
      4.032e-09,
      4.12e-09,
      4.187e-09,
      4.242e-09,
      4.287e-09
    ],
    [
      4.992e-11,
      9.781999999999999e-11,
      1.443e-10,
      2.3379999999999996e-10,
      2.7699999999999997e-10,
      3.1929999999999997e-10,
      3.608e-10,
      4.014e-10,
      4.414e-10,
      8.042999999999999e-10,
      1.1139999999999999e-09,
      1.616e-09,
      1.8229999999999998e-09,
      2.007e-09,
      2.171e-09,
      2.319e-09,
      2.4529999999999997e-09,
      3.319e-09,
      3.764e-09,
      4.216e-09,
      4.347e-09,
      4.446e-09,
      4.523e-09,
      4.584e-09,
      4.635e-09
    ],
    [
      5.231e-11,
      1.025e-10,
      1.5129999999999998e-10,
      2.452e-10,
      2.907e-10,
      3.352e-10,
      3.7879999999999997e-10,
      4.2159999999999997e-10,
      4.636e-10,
      8.469e-10,
      1.175e-09,
      1.7119999999999999e-09,
      1.9339999999999997e-09,
      2.132e-09,
      2.3089999999999998e-09,
      2.47e-09,
      2.615e-09,
      3.562e-09,
      4.052e-09,
      4.555e-09,
      4.701e-09,
      4.812e-09,
      4.8979999999999994e-09,
      4.967e-09,
      5.023999999999999e-09
    ],
    [
      5.5489999999999994e-11,
      1.088e-10,
      1.605e-10,
      2.6029999999999997e-10,
      3.085e-10,
      3.5579999999999995e-10,
      4.021e-10,
      4.476e-10,
      4.922999999999999e-10,
      9.006e-10,
      1.251e-09,
      1.826e-09,
      2.065e-09,
      2.279e-09,
      2.47e-09,
      2.644e-09,
      2.801e-09,
      3.831e-09,
      4.368999999999999e-09,
      4.922e-09,
      5.083e-09,
      5.205e-09,
      5.2999999999999995e-09,
      5.377e-09,
      5.44e-09
    ],
    [
      5.939e-11,
      1.1649999999999999e-10,
      1.719e-10,
      2.787e-10,
      3.303e-10,
      3.81e-10,
      4.306e-10,
      4.794e-10,
      5.272999999999999e-10,
      9.651e-10,
      1.3420000000000001e-09,
      1.961e-09,
      2.219e-09,
      2.4499999999999996e-09,
      2.657e-09,
      2.8449999999999996e-09,
      3.0149999999999996e-09,
      4.136e-09,
      4.7229999999999995e-09,
      5.329e-09,
      5.505999999999999e-09,
      5.6399999999999995e-09,
      5.7449999999999995e-09,
      5.829e-09,
      5.897999999999999e-09
    ],
    [
      6.388e-11,
      1.253e-10,
      1.8489999999999998e-10,
      2.998e-10,
      3.554e-10,
      4.0979999999999997e-10,
      4.6319999999999996e-10,
      5.157e-10,
      5.672e-10,
      1.039e-09,
      1.445e-09,
      2.1129999999999996e-09,
      2.392e-09,
      2.6419999999999998e-09,
      2.866e-09,
      3.0699999999999995e-09,
      3.255e-09,
      4.4730000000000006e-09,
      5.1139999999999995e-09,
      5.776999999999999e-09,
      5.969999999999999e-09,
      6.1169999999999995e-09,
      6.231999999999999e-09,
      6.323999999999999e-09,
      6.4e-09
    ],
    [
      6.836e-11,
      1.341e-10,
      1.979e-10,
      3.2079999999999997e-10,
      3.8029999999999997e-10,
      4.3859999999999996e-10,
      4.957e-10,
      5.519e-10,
      6.07e-10,
      1.1119999999999999e-09,
      1.547e-09,
      2.264e-09,
