{
  "e": [
    5000.0,
    10000.0,
    15000.0,
    20000.0,
    25000.0,
    30000.0,
    35000.0,
    40000.0,
    45000.0,
    50000.0,
    55000.0,
    60000.0,
    65000.0,
    70000.0,
    75000.0,
    80000.0,
    85000.0,
    90000.0,
    95000.0,
    100000.0,
    105000.0,
    110000.0,
    115000.0,
    120000.0,
    125000.0
  ],
  "eref": 65000.0,
  "n": [
    1e+18,
    2e+18,
    3e+18,
    5e+18,
    6e+18,
    7e+18,
    8e+18,
    9e+18,
    1e+19,
    2e+19,
    3e+19,
    5e+19,
    6e+19,
    7e+19,
    8e+19,
    9e+19,
    1e+20,
    2e+20,
    3e+20,
    5e+20,
    6e+20,
    7e+20,
    8e+20,
    9e+20,
    1e+21
  ],
  "nref": 6e+19,
  "sen": [
    [
      1.036e-13,
      1.043e-13,
      1.047e-13,
      1.054e-13,
      1.056e-13,
      1.059e-13,
      1.0599999999999999e-13,
      1.0619999999999999e-13,
      1.0639999999999999e-13,
      1.0759999999999999e-13,
      1.0849999999999999e-13,
      1.098e-13,
      1.103e-13,
      1.1079999999999999e-13,
      1.1129999999999999e-13,
      1.1179999999999999e-13,
      1.1219999999999999e-13,
      1.152e-13,
      1.172e-13,
      1.1960000000000002e-13,
      1.203e-13,
      1.209e-13,
      1.214e-13,
      1.218e-13,
      1.222e-13
    ],
    [
      1.228e-13,
      1.236e-13,
      1.242e-13,
      1.251e-13,
      1.254e-13,
      1.2569999999999998e-13,
      1.26e-13,
      1.262e-13,
      1.264e-13,
      1.282e-13,
      1.2949999999999998e-13,
      1.315e-13,
      1.3229999999999998e-13,
      1.3300000000000001e-13,
      1.336e-13,
      1.342e-13,
      1.347e-13,
      1.3809999999999999e-13,
      1.398e-13,
      1.416e-13,
      1.422e-13,
      1.426e-13,
      1.4289999999999998e-13,
      1.431e-13,
      1.434e-13
    ],
    [
      1.3300000000000001e-13,
      1.339e-13,
      1.346e-13,
      1.3549999999999998e-13,
      1.3589999999999998e-13,
      1.3629999999999998e-13,
      1.366e-13,
      1.3689999999999998e-13,
      1.372e-13,
      1.394e-13,
      1.41e-13,
      1.4329999999999998e-13,
      1.442e-13,
      1.449e-13,
      1.456e-13,
      1.462e-13,
      1.468e-13,
      1.5009999999999999e-13,
      1.516e-13,
      1.532e-13,
      1.537e-13,
      1.54e-13,
      1.542e-13,
      1.544e-13,
      1.546e-13
    ],
    [
      1.4040000000000001e-13,
      1.413e-13,
      1.42e-13,
      1.43e-13,
      1.434e-13,
      1.438e-13,
      1.4409999999999999e-13,
      1.445e-13,
      1.448e-13,
      1.4709999999999997e-13,
      1.488e-13,
      1.512e-13,
      1.522e-13,
      1.53e-13,
      1.537e-13,
      1.5429999999999998e-13,
      1.548e-13,
      1.5809999999999998e-13,
      1.597e-13,
      1.6119999999999998e-13,
      1.616e-13,
      1.6189999999999997e-13,
      1.622e-13,
      1.624e-13,
      1.625e-13
    ],
    [
      1.4689999999999998e-13,
      1.478e-13,
      1.484e-13,
      1.494e-13,
      1.498e-13,
      1.502e-13,
      1.506e-13,
      1.509e-13,
      1.512e-13,
      1.5349999999999998e-13,
      1.5519999999999998e-13,
      1.5769999999999997e-13,
      1.586e-13,
      1.594e-13,
      1.601e-13,
      1.608e-13,
      1.6129999999999998e-13,
      1.647e-13,
      1.6629999999999998e-13,
      1.6789999999999997e-13,
      1.6829999999999997e-13,
      1.6859999999999998e-13,
      1.689e-13,
      1.6909999999999998e-13,
      1.6929999999999997e-13
    ],
    [
      1.5209999999999998e-13,
      1.53e-13,
      1.536e-13,
      1.546e-13,
      1.55e-13,
      1.554e-13,
      1.5569999999999998e-13,
      1.56e-13,
      1.5629999999999998e-13,
      1.586e-13,
      1.6029999999999998e-13,
      1.6269999999999998e-13,
      1.636e-13,
      1.6449999999999998e-13,
      1.652e-13,
      1.6579999999999999e-13,
      1.664e-13,
      1.698e-13,
      1.7149999999999998e-13,
      1.7319999999999998e-13,
      1.7369999999999998e-13,
      1.74e-13,
      1.7429999999999997e-13,
      1.745e-13,
      1.7469999999999998e-13
    ],
    [
      1.5569999999999998e-13,
      1.566e-13,
      1.572e-13,
      1.5809999999999998e-13,
      1.5849999999999998e-13,
      1.5889999999999998e-13,
      1.592e-13,
      1.5949999999999998e-13,
      1.5979999999999999e-13,
      1.6209999999999999e-13,
      1.6369999999999997e-13,
      1.661e-13,
      1.671e-13,
      1.6789999999999997e-13,
      1.6859999999999998e-13,
      1.6929999999999997e-13,
      1.698e-13,
      1.734e-13,
      1.752e-13,
      1.7689999999999998e-13,
      1.7739999999999998e-13,
      1.7779999999999998e-13,
      1.781e-13,
      1.7829999999999998e-13,
      1.7849999999999997e-13
    ],
    [
      1.593e-13,
      1.602e-13,
      1.608e-13,
      1.6169999999999998e-13,
      1.6209999999999999e-13,
      1.625e-13,
      1.628e-13,
      1.6309999999999998e-13,
      1.634e-13,
      1.657e-13,
      1.6729999999999998e-13,
      1.6969999999999997e-13,
      1.707e-13,
      1.7149999999999998e-13,
      1.722e-13,
      1.7289999999999998e-13,
      1.735e-13,
      1.772e-13,
      1.79e-13,
      1.809e-13,
      1.814e-13,
      1.818e-13,
      1.8209999999999998e-13,
      1.8239999999999999e-13,
      1.826e-13
    ],
    [
      1.622e-13,
      1.6309999999999998e-13,
      1.6369999999999997e-13,
      1.647e-13,
      1.6509999999999997e-13,
      1.654e-13,
      1.6579999999999999e-13,
      1.661e-13,
      1.664e-13,
      1.6859999999999998e-13,
      1.703e-13,
      1.7269999999999999e-13,
      1.7369999999999998e-13,
      1.745e-13,
      1.7529999999999997e-13,
      1.7599999999999998e-13,
      1.766e-13,
      1.804e-13,
      1.823e-13,
      1.8429999999999998e-13,
      1.8489999999999997e-13,
      1.8529999999999998e-13,
      1.8559999999999999e-13,
      1.8589999999999997e-13,
      1.8609999999999998e-13
    ],
    [
      1.6409999999999998e-13,
      1.65e-13,
      1.656e-13,
      1.6669999999999999e-13,
      1.671e-13,
      1.675e-13,
      1.678e-13,
      1.6809999999999999e-13,
      1.684e-13,
      1.708e-13,
      1.7249999999999997e-13,
      1.7499999999999999e-13,
      1.7599999999999998e-13,
      1.7689999999999998e-13,
      1.777e-13,
      1.784e-13,
      1.79e-13,
      1.83e-13,
      1.851e-13,
      1.872e-13,
      1.878e-13,
      1.8830000000000002e-13,
      1.886e-13,
      1.889e-13,
      1.8909999999999997e-13
    ],
    [
      1.6549999999999998e-13,
      1.664e-13,
      1.671e-13,
      1.682e-13,
      1.6869999999999998e-13,
      1.6909999999999998e-13,
      1.694e-13,
      1.698e-13,
      1.7009999999999998e-13,
      1.726e-13,
      1.744e-13,
      1.77e-13,
      1.781e-13,
      1.79e-13,
      1.798e-13,
      1.8059999999999998e-13,
      1.812e-13,
      1.8549999999999997e-13,
      1.8769999999999997e-13,
      1.9e-13,
      1.906e-13,
      1.9110000000000001e-13,
      1.9149999999999997e-13,
      1.918e-13,
      1.921e-13
    ],
    [
      1.657e-13,
      1.6669999999999999e-13,
      1.675e-13,
      1.6859999999999998e-13,
      1.6909999999999998e-13,
      1.6949999999999998e-13,
      1.699e-13,
      1.703e-13,
      1.706e-13,
      1.7329999999999998e-13,
      1.752e-13,
      1.78e-13,
      1.7919999999999998e-13,
      1.8009999999999998e-13,
      1.8099999999999999e-13,
      1.818e-13,
      1.8249999999999998e-13,
      1.8709999999999998e-13,
      1.8949999999999998e-13,
      1.9189999999999997e-13,
      1.9259999999999998e-13,
      1.932e-13,
      1.936e-13,
      1.939e-13,
      1.942e-13
    ],
    [
      1.652e-13,
      1.6629999999999998e-13,
      1.671e-13,
      1.684e-13,
      1.689e-13,
      1.694e-13,
      1.698e-13,
      1.702e-13,
      1.706e-13,
      1.734e-13,
      1.7549999999999998e-13,
      1.7849999999999997e-13,
      1.798e-13,
      1.808e-13,
      1.818e-13,
      1.826e-13,
      1.8339999999999998e-13,
      1.8830000000000002e-13,
      1.909e-13,
      1.935e-13,
      1.9430000000000002e-13,
      1.949e-13,
      1.953e-13,
