{
  "e": [
    5000.0,
    10000.0,
    15000.0,
    20000.0,
    25000.0,
    30000.0,
    35000.0,
    40000.0,
    45000.0,
    50000.0,
    55000.0,
    60000.0,
    65000.0,
    70000.0,
    75000.0,
    80000.0,
    85000.0,
    90000.0,
    95000.0,
    100000.0,
    105000.0,
    110000.0,
    115000.0,
    120000.0,
    125000.0
  ],
  "eref": 65000.0,
  "n": [
    1e+18,
    2e+18,
    3e+18,
    5e+18,
    6e+18,
    7e+18,
    8e+18,
    9e+18,
    1e+19,
    2e+19,
    3e+19,
    5e+19,
    6e+19,
    7e+19,
    8e+19,
    9e+19,
    1e+20,
    2e+20,
    3e+20,
    5e+20,
    6e+20,
    7e+20,
    8e+20,
    9e+20,
    1e+21
  ],
  "nref": 6e+19,
  "sen": [
    [
      3.868e-11,
      7.200999999999999e-11,
      1.017e-10,
      1.528e-10,
      1.751e-10,
      1.956e-10,
      2.1460000000000001e-10,
      2.3219999999999998e-10,
      2.486e-10,
      3.689e-10,
      4.4549999999999996e-10,
      5.454e-10,
      5.820000000000001e-10,
      6.135999999999999e-10,
      6.415e-10,
      6.664999999999999e-10,
      6.893e-10,
      8.494e-10,
      9.489e-10,
      1.072e-09,
      1.1139999999999999e-09,
      1.1469999999999999e-09,
      1.175e-09,
      1.198e-09,
      1.2169999999999998e-09
    ],
    [
      4.161e-11,
      7.744e-11,
      1.093e-10,
      1.64e-10,
      1.8780000000000001e-10,
      2.0959999999999998e-10,
      2.298e-10,
      2.485e-10,
      2.66e-10,
      3.935e-10,
      4.75e-10,
      5.818999999999999e-10,
      6.212999999999999e-10,
      6.553e-10,
      6.852e-10,
      7.119999999999999e-10,
      7.362999999999999e-10,
      9.024999999999999e-10,
      1.001e-09,
      1.1159999999999999e-09,
      1.1529999999999998e-09,
      1.182e-09,
      1.206e-09,
      1.2249999999999998e-09,
      1.241e-09
    ],
    [
      4.488e-11,
      8.363e-11,
      1.1809999999999999e-10,
      1.774e-10,
      2.033e-10,
      2.2699999999999997e-10,
      2.4899999999999997e-10,
      2.6939999999999997e-10,
      2.884e-10,
      4.286e-10,
      5.192e-10,
      6.401999999999999e-10,
      6.853e-10,
      7.243e-10,
      7.588999999999999e-10,
      7.898999999999999e-10,
      8.181e-10,
      1.012e-09,
      1.126e-09,
      1.2589999999999999e-09,
      1.301e-09,
      1.3339999999999997e-09,
      1.361e-09,
      1.3829999999999999e-09,
      1.402e-09
    ],
    [
      4.918e-11,
      9.165e-11,
      1.294e-10,
      1.944e-10,
      2.228e-10,
      2.4879999999999996e-10,
      2.729e-10,
      2.953e-10,
      3.1619999999999995e-10,
      4.712e-10,
      5.728e-10,
      7.109e-10,
      7.632e-10,
      8.088e-10,
      8.494999999999999e-10,
      8.861999999999999e-10,
      9.196999999999999e-10,
      1.1529999999999998e-09,
      1.291e-09,
      1.454e-09,
      1.506e-09,
      1.546e-09,
      1.58e-09,
      1.607e-09,
      1.63e-09
    ],
    [
      5.457e-11,
      1.017e-10,
      1.4359999999999997e-10,
      2.156e-10,
      2.469e-10,
      2.7579999999999997e-10,
      3.025e-10,
      3.274e-10,
      3.506e-10,
      5.234e-10,
      6.383e-10,
      7.971999999999999e-10,
      8.582999999999999e-10,
      9.121e-10,
      9.602e-10,
      1.0039999999999998e-09,
      1.044e-09,
      1.3259999999999998e-09,
      1.495e-09,
      1.6949999999999998e-09,
      1.7589999999999998e-09,
      1.81e-09,
      1.851e-09,
      1.884e-09,
      1.913e-09
    ],
    [
      6.084e-11,
      1.133e-10,
      1.6000000000000002e-10,
      2.401e-10,
      2.75e-10,
      3.072e-10,
      3.369e-10,
      3.646e-10,
      3.905e-10,
      5.841e-10,
      7.142e-10,
      8.97e-10,
      9.682e-10,
      1.031e-09,
      1.088e-09,
      1.1389999999999999e-09,
      1.187e-09,
      1.523e-09,
      1.7279999999999998e-09,
      1.9689999999999997e-09,
      2.047e-09,
      2.108e-09,
      2.158e-09,
      2.199e-09,
      2.233e-09
    ],
    [
      6.789e-11,
      1.265e-10,
      1.786e-10,
      2.68e-10,
      3.0699999999999997e-10,
      3.4279999999999994e-10,
      3.7599999999999994e-10,
      4.07e-10,
      4.359e-10,
      6.53e-10,
      8.004e-10,
      1.009e-09,
      1.092e-09,
      1.165e-09,
      1.2299999999999999e-09,
      1.2899999999999999e-09,
      1.346e-09,
      1.7409999999999999e-09,
      1.9819999999999996e-09,
      2.2669999999999997e-09,
      2.359e-09,
      2.431e-09,
      2.49e-09,
      2.5379999999999997e-09,
      2.579e-09
    ],
    [
      7.545999999999999e-11,
      1.407e-10,
      1.986e-10,
      2.981e-10,
      3.415e-10,
      3.814e-10,
      4.1839999999999997e-10,
      4.528e-10,
      4.850999999999999e-10,
      7.278e-10,
      8.936e-10,
      1.131e-09,
      1.224e-09,
      1.3079999999999998e-09,
      1.3829999999999999e-09,
      1.452e-09,
      1.515e-09,
      1.971e-09,
      2.249e-09,
      2.578e-09,
      2.6840000000000002e-09,
      2.768e-09,
      2.835e-09,
      2.8909999999999996e-09,
      2.938e-09
    ],
    [
      8.305e-11,
      1.549e-10,
      2.1879999999999998e-10,
      3.285e-10,
      3.7639999999999996e-10,
      4.2039999999999996e-10,
      4.6119999999999997e-10,
      4.993e-10,
      5.349e-10,
      8.036999999999999e-10,
      9.882e-10,
      1.253e-09,
      1.359e-09,
      1.452e-09,
      1.537e-09,
      1.615e-09,
      1.6869999999999999e-09,
      2.202e-09,
      2.516e-09,
      2.889e-09,
      3.009e-09,
      3.104e-09,
      3.1809999999999997e-09,
      3.244e-09,
      3.2969999999999997e-09
    ],
    [
      9.029e-11,
      1.686e-10,
      2.3819999999999996e-10,
      3.578e-10,
      4.0989999999999995e-10,
      4.58e-10,
      5.025999999999999e-10,
      5.441e-10,
      5.83e-10,
      8.775e-10,
      1.08e-09,
      1.374e-09,
      1.49e-09,
      1.5939999999999999e-09,
      1.6889999999999999e-09,
      1.775e-09,
      1.8550000000000001e-09,
      2.428e-09,
      2.7789999999999996e-09,
      3.1939999999999995e-09,
      3.3279999999999997e-09,
      3.4329999999999996e-09,
      3.5179999999999996e-09,
      3.588e-09,
      3.647e-09
    ],
    [
      9.707999999999999e-11,
      1.814e-10,
      2.5639999999999996e-10,
      3.854e-10,
      4.4179999999999996e-10,
      4.937e-10,
      5.419e-10,
      5.867999999999999e-10,
      6.289000000000001e-10,
      9.484e-10,
      1.1689999999999998e-09,
      1.49e-09,
      1.618e-09,
      1.732e-09,
      1.835e-09,
      1.93e-09,
      2.018e-09,
      2.648e-09,
      3.0329999999999998e-09,
      3.489e-09,
      3.635e-09,
      3.751e-09,
      3.844e-09,
      3.921e-09,
      3.986e-09
    ],
    [
      1.034e-10,
      1.933e-10,
      2.7339999999999996e-10,
      4.113e-10,
      4.716e-10,
      5.272e-10,
      5.787999999999999e-10,
      6.269e-10,
      6.721e-10,
      1.016e-09,
      1.2539999999999998e-09,
      1.601e-09,
      1.739e-09,
      1.863e-09,
      1.975e-09,
      2.078e-09,
      2.174e-09,
      2.857e-09,
      3.275e-09,
      3.769e-09,
      3.926999999999999e-09,
      4.052e-09,
      4.152999999999999e-09,
      4.237e-09,
      4.307e-09
    ],
    [
      1.0909999999999999e-10,
      2.042e-10,
      2.89e-10,
      4.352e-10,
      4.991000000000001e-10,
      5.582e-10,
      6.130000000000001e-10,
      6.641999999999999e-10,
      7.122e-10,
      1.078e-09,
      1.3329999999999998e-09,
      1.704e-09,
      1.853e-09,
      1.986e-09,
      2.1059999999999996e-09,
      2.2169999999999997e-09,
      2.319e-09,
      3.052e-09,
      3.5e-09,
      4.028999999999999e-09,
      4.198e-09,
      4.3319999999999995e-09,
      4.44e-09,
      4.5289999999999996e-09,
      4.603999999999999e-09
    ],
    [
      1.145e-10,
      2.144e-10,
      3.036e-10,
      4.5749999999999997e-10,
      5.249e-10,
      5.871e-10,
      6.449999999999999e-10,
      6.99e-10,
      7.496999999999999e-10,
      1.137e-09,
      1.407e-09,
      1.801e-09,
      1.9589999999999995e-09,
      2.0999999999999998e-09,
