{
  "e": [
    5000.0,
    10000.0,
    15000.0,
    20000.0,
    25000.0,
    30000.0,
    35000.0,
    40000.0,
    45000.0,
    50000.0,
    55000.0,
    60000.0,
    65000.0,
    70000.0,
    75000.0,
    80000.0,
    85000.0,
    90000.0,
    95000.0,
    100000.0,
    105000.0,
    110000.0,
    115000.0,
    120000.0,
    125000.0
  ],
  "eref": 65000.0,
  "n": [
    1e+18,
    2e+18,
    3e+18,
    5e+18,
    6e+18,
    7e+18,
    8e+18,
    9e+18,
    1e+19,
    2e+19,
    3e+19,
    5e+19,
    6e+19,
    7e+19,
    8e+19,
    9e+19,
    1e+20,
    2e+20,
    3e+20,
    5e+20,
    6e+20,
    7e+20,
    8e+20,
    9e+20,
    1e+21
  ],
  "nref": 6e+19,
  "sen": [
    [
      3.189e-11,
      5.534e-11,
      7.38e-11,
      1.0119999999999998e-10,
      1.117e-10,
      1.2079999999999999e-10,
      1.286e-10,
      1.3549999999999997e-10,
      1.4169999999999999e-10,
      1.799e-10,
      2.002e-10,
      2.2419999999999999e-10,
      2.3269999999999998e-10,
      2.3989999999999997e-10,
      2.462e-10,
      2.518e-10,
      2.57e-10,
      2.9179999999999996e-10,
      3.123e-10,
      3.3609999999999996e-10,
      3.437e-10,
      3.497e-10,
      3.5449999999999996e-10,
      3.5849999999999995e-10,
      3.618e-10
    ],
    [
      3.1289999999999996e-11,
      5.263999999999999e-11,
      6.855e-11,
      9.089e-11,
      9.909999999999999e-11,
      1.06e-10,
      1.119e-10,
      1.1699999999999998e-10,
      1.215e-10,
      1.484e-10,
      1.62e-10,
      1.774e-10,
      1.826e-10,
      1.868e-10,
      1.9039999999999998e-10,
      1.9349999999999998e-10,
      1.9619999999999998e-10,
      2.122e-10,
      2.1979999999999998e-10,
      2.2739999999999999e-10,
      2.296e-10,
      2.312e-10,
      2.324e-10,
      2.334e-10,
      2.343e-10
    ],
    [
      3.345e-11,
      5.7139999999999996e-11,
      7.525e-11,
      1.014e-10,
      1.112e-10,
      1.195e-10,
      1.2669999999999999e-10,
      1.329e-10,
      1.3849999999999999e-10,
      1.72e-10,
      1.89e-10,
      2.077e-10,
      2.1369999999999997e-10,
      2.185e-10,
      2.2249999999999998e-10,
      2.259e-10,
      2.288e-10,
      2.45e-10,
      2.522e-10,
      2.588e-10,
      2.6059999999999996e-10,
      2.62e-10,
      2.6299999999999997e-10,
      2.638e-10,
      2.6449999999999997e-10
    ],
    [
      3.536e-11,
      6.126e-11,
      8.155e-11,
      1.116e-10,
      1.231e-10,
      1.329e-10,
      1.415e-10,
      1.4899999999999998e-10,
      1.557e-10,
      1.971e-10,
      2.184e-10,
      2.419e-10,
      2.494e-10,
      2.5539999999999997e-10,
      2.604e-10,
      2.6449999999999997e-10,
      2.681e-10,
      2.877e-10,
      2.961e-10,
      3.039e-10,
      3.06e-10,
      3.076e-10,
      3.088e-10,
      3.097e-10,
      3.105e-10
    ],
    [
      3.622e-11,
      6.323999999999999e-11,
      8.469e-11,
      1.1689999999999998e-10,
      1.294e-10,
      1.402e-10,
      1.497e-10,
      1.58e-10,
      1.654e-10,
      2.122e-10,
      2.367e-10,
      2.6420000000000003e-10,
      2.731e-10,
      2.8019999999999997e-10,
      2.861e-10,
      2.9109999999999996e-10,
      2.9540000000000003e-10,
      3.191e-10,
      3.2939999999999997e-10,
      3.389e-10,
      3.415e-10,
      3.4339999999999997e-10,
      3.4489999999999997e-10,
      3.46e-10,
      3.4699999999999994e-10
    ],
    [
      3.643999999999999e-11,
      6.386e-11,
      8.577999999999999e-11,
      1.19e-10,
      1.319e-10,
      1.432e-10,
      1.53e-10,
      1.618e-10,
      1.696e-10,
      2.1929999999999998e-10,
      2.4600000000000003e-10,
      2.765e-10,
      2.8659999999999997e-10,
      2.947e-10,
      3.015e-10,
      3.0729999999999996e-10,
      3.1219999999999997e-10,
      3.404e-10,
      3.528e-10,
      3.645e-10,
      3.677e-10,
      3.701e-10,
      3.719e-10,
      3.734e-10,
      3.746e-10
    ],
    [
      3.661e-11,
      6.436e-11,
      8.666e-11,
      1.206e-10,
      1.34e-10,
      1.456e-10,
      1.558e-10,
      1.649e-10,
      1.73e-10,
      2.254e-10,
      2.54e-10,
      2.8739999999999996e-10,
      2.985e-10,
      3.077e-10,
      3.154e-10,
      3.219e-10,
      3.276e-10,
      3.6029999999999993e-10,
      3.75e-10,
      3.8910000000000003e-10,
      3.93e-10,
      3.9589999999999995e-10,
      3.9809999999999995e-10,
      3.999e-10,
      4.014e-10
    ],
    [
      3.739e-11,
      6.594e-11,
      8.899e-11,
      1.243e-10,
      1.383e-10,
      1.504e-10,
      1.6119999999999997e-10,
      1.707e-10,
      1.793e-10,
      2.3519999999999997e-10,
      2.661e-10,
      3.0289999999999996e-10,
      3.154e-10,
      3.2569999999999997e-10,
      3.344e-10,
      3.419e-10,
      3.484e-10,
      3.863e-10,
      4.0389999999999997e-10,
      4.2069999999999995e-10,
      4.2539999999999995e-10,
      4.289e-10,
      4.3159999999999994e-10,
      4.3379999999999994e-10,
      4.356e-10
    ],
    [
      3.8829999999999997e-11,
      6.865e-11,
      9.282e-11,
      1.3e-10,
      1.4479999999999998e-10,
      1.576e-10,
      1.6899999999999999e-10,
      1.7919999999999999e-10,
      1.884e-10,
      2.483e-10,
      2.8190000000000003e-10,
      3.2249999999999997e-10,
      3.364e-10,
      3.48e-10,
      3.578e-10,
      3.663e-10,
      3.7369999999999996e-10,
      4.175e-10,
      4.381e-10,
      4.581e-10,
      4.6369999999999996e-10,
      4.679e-10,
      4.712e-10,
      4.738e-10,
      4.759e-10
    ],
    [
      4.075e-11,
      7.219e-11,
      9.773999999999999e-11,
      1.372e-10,
      1.528e-10,
      1.666e-10,
      1.787e-10,
      1.896e-10,
      1.9939999999999998e-10,
      2.638e-10,
      3.003e-10,
      3.448e-10,
      3.6029999999999993e-10,
      3.732e-10,
      3.841e-10,
      3.936e-10,
      4.02e-10,
      4.518e-10,
      4.756e-10,
      4.988e-10,
      5.054e-10,
      5.104e-10,
      5.142e-10,
      5.173000000000001e-10,
      5.197999999999999e-10
    ],
    [
      4.357e-11,
      7.733e-11,
      1.0479999999999999e-10,
      1.474e-10,
      1.644e-10,
      1.793e-10,
      1.9249999999999998e-10,
      2.043e-10,
      2.1489999999999998e-10,
      2.8519999999999996e-10,
      3.2549999999999996e-10,
      3.748e-10,
      3.9209999999999997e-10,
      4.065e-10,
      4.188e-10,
      4.2949999999999996e-10,
      4.3889999999999995e-10,
      4.954999999999999e-10,
      5.227e-10,
      5.494999999999999e-10,
      5.571e-10,
      5.628e-10,
      5.672999999999999e-10,
      5.707999999999999e-10,
      5.737e-10
    ],
    [
      4.732e-11,
      8.422999999999999e-11,
      1.144e-10,
      1.6129999999999998e-10,
      1.8e-10,
      1.965e-10,
      2.111e-10,
      2.2419999999999999e-10,
      2.3599999999999996e-10,
      3.145e-10,
      3.596e-10,
      4.153e-10,
      4.3489999999999997e-10,
      4.512e-10,
      4.6519999999999995e-10,
      4.774e-10,
      4.881999999999999e-10,
      5.53e-10,
      5.844e-10,
      6.154e-10,
      6.243e-10,
      6.309e-10,
      6.361e-10,
      6.401999999999999e-10,
      6.436e-10
    ],
    [
      5.1999999999999995e-11,
      9.279e-11,
      1.263e-10,
      1.785e-10,
      1.9939999999999998e-10,
      2.178e-10,
      2.341e-10,
      2.4879999999999996e-10,
      2.6209999999999995e-10,
      3.505e-10,
      4.016e-10,
      4.649e-10,
      4.872e-10,
      5.059e-10,
      5.218999999999999e-10,
      5.359e-10,
      5.481999999999999e-10,
      6.227e-10,
      6.589e-10,
      6.947999999999999e-10,
      7.050999999999999e-10,
      7.128e-10,
      7.187999999999999e-10,
      7.236e-10,
      7.274999999999999e-10
    ],
    [
      5.759e-11,
      1.0299999999999999e-10,
      1.403e-10,
      1.988e-10,
      2.222e-10,
      2.429e-10,
      2.613e-10,
      2.7779999999999996e-10,
      2.927e-10,
      3.925e-10,
      4.5039999999999996e-10,
      5.222999999999999e-10,
      5.477e-10,
      5.689999999999999e-10,
