{
  "e": [
    5000.0,
    10000.0,
    15000.0,
    20000.0,
    25000.0,
    30000.0,
    35000.0,
    40000.0,
    45000.0,
    50000.0,
    55000.0,
    60000.0,
    65000.0,
    70000.0,
    75000.0,
    80000.0,
    85000.0,
    90000.0,
    95000.0,
    100000.0,
    105000.0,
    110000.0,
    115000.0,
    120000.0,
    125000.0
  ],
  "eref": 65000.0,
  "n": [
    1e+18,
    2e+18,
    3e+18,
    5e+18,
    6e+18,
    7e+18,
    8e+18,
    9e+18,
    1e+19,
    2e+19,
    3e+19,
    5e+19,
    6e+19,
    7e+19,
    8e+19,
    9e+19,
    1e+20,
    2e+20,
    3e+20,
    5e+20,
    6e+20,
    7e+20,
    8e+20,
    9e+20,
    1e+21
  ],
  "nref": 6e+19,
  "sen": [
    [
      3.494e-11,
      6.286e-11,
      8.631e-11,
      1.239e-10,
      1.392e-10,
      1.5289999999999998e-10,
      1.651e-10,
      1.761e-10,
      1.8599999999999998e-10,
      2.526e-10,
      2.904e-10,
      3.364e-10,
      3.528e-10,
      3.667e-10,
      3.7889999999999995e-10,
      3.898e-10,
      3.997e-10,
      4.679999999999999e-10,
      5.093e-10,
      5.591e-10,
      5.754999999999999e-10,
      5.885e-10,
      5.990999999999999e-10,
      6.078999999999999e-10,
      6.154e-10
    ],
    [
      3.5979999999999995e-11,
      6.409999999999999e-11,
      8.726999999999999e-11,
      1.236e-10,
      1.381e-10,
      1.51e-10,
      1.6229999999999997e-10,
      1.7249999999999997e-10,
      1.8169999999999998e-10,
      2.418e-10,
      2.752e-10,
      3.15e-10,
      3.288e-10,
      3.4029999999999995e-10,
      3.502e-10,
      3.5889999999999997e-10,
      3.666e-10,
      4.154e-10,
      4.41e-10,
      4.681e-10,
      4.762e-10,
      4.825e-10,
      4.874e-10,
      4.914e-10,
      4.947000000000001e-10
    ],
    [
      3.699e-11,
      6.656e-11,
      9.134e-11,
      1.309e-10,
      1.471e-10,
      1.6139999999999998e-10,
      1.743e-10,
      1.8589999999999997e-10,
      1.964e-10,
      2.6659999999999994e-10,
      3.0650000000000003e-10,
      3.544e-10,
      3.709e-10,
      3.846e-10,
      3.962e-10,
      4.063e-10,
      4.1519999999999997e-10,
      4.695e-10,
      4.962e-10,
      5.234e-10,
      5.312999999999999e-10,
      5.373e-10,
      5.419999999999999e-10,
      5.457e-10,
      5.488e-10
    ],
    [
      3.791e-11,
      6.867000000000001e-11,
      9.475e-11,
      1.37e-10,
      1.544e-10,
      1.7e-10,
      1.841e-10,
      1.968e-10,
      2.084e-10,
      2.875e-10,
      3.3369999999999994e-10,
      3.9019999999999996e-10,
      4.0989999999999995e-10,
      4.264e-10,
      4.404e-10,
      4.527e-10,
      4.6349999999999995e-10,
      5.295999999999999e-10,
      5.623999999999999e-10,
      5.957e-10,
      6.053999999999999e-10,
      6.127e-10,
      6.184e-10,
      6.229999999999999e-10,
      6.267999999999999e-10
    ],
    [
      4.08e-11,
      7.415999999999999e-11,
      1.026e-10,
      1.4889999999999997e-10,
      1.681e-10,
      1.853e-10,
      2.008e-10,
      2.1499999999999998e-10,
      2.279e-10,
      3.167e-10,
      3.694e-10,
      4.3489999999999997e-10,
      4.581e-10,
      4.776e-10,
      4.943e-10,
      5.089e-10,
      5.218999999999999e-10,
      6.024999999999999e-10,
      6.432e-10,
      6.850999999999999e-10,
      6.973e-10,
      7.066e-10,
      7.138999999999999e-10,
      7.198e-10,
      7.246000000000001e-10
    ],
    [
      4.604e-11,
      8.383999999999999e-11,
      1.1609999999999999e-10,
      1.686e-10,
      1.9039999999999998e-10,
      2.1e-10,
      2.277e-10,
      2.437e-10,
      2.585e-10,
      3.599e-10,
      4.2049999999999994e-10,
      4.968e-10,
      5.24e-10,
      5.47e-10,
      5.669e-10,
      5.844e-10,
      5.999e-10,
      6.978999999999999e-10,
      7.483999999999999e-10,
      8.011e-10,
      8.166e-10,
      8.284e-10,
      8.377e-10,
      8.452e-10,
      8.513e-10
    ],
    [
      5.229e-11,
      9.532e-11,
      1.32e-10,
      1.918e-10,
      2.167e-10,
      2.3889999999999997e-10,
      2.59e-10,
      2.774e-10,
      2.941e-10,
      4.0979999999999997e-10,
      4.794e-10,
      5.676e-10,
      5.994e-10,
      6.264e-10,
      6.499e-10,
      6.706e-10,
      6.890999999999999e-10,
      8.07e-10,
      8.689e-10,
      9.34e-10,
      9.533999999999998e-10,
      9.682e-10,
      9.798999999999999e-10,
      9.893e-10,
      9.970999999999998e-10
    ],
    [
      5.839e-11,
      1.065e-10,
      1.476e-10,
      2.144e-10,
      2.422e-10,
      2.671e-10,
      2.8959999999999996e-10,
      3.101e-10,
      3.289e-10,
      4.5879999999999996e-10,
      5.374e-10,
      6.380999999999999e-10,
      6.747e-10,
      7.06e-10,
      7.332999999999999e-10,
      7.574e-10,
      7.791e-10,
      9.187e-10,
      9.929e-10,
      1.072e-09,
      1.096e-09,
      1.1139999999999999e-09,
      1.128e-09,
      1.1389999999999999e-09,
      1.149e-09
    ],
    [
      6.443e-11,
      1.1759999999999999e-10,
      1.629e-10,
      2.367e-10,
      2.674e-10,
      2.949e-10,
      3.197e-10,
      3.423e-10,
      3.6309999999999997e-10,
      5.071e-10,
      5.948000000000001e-10,
      7.084e-10,
      7.500999999999999e-10,
      7.858e-10,
      8.170999999999999e-10,
      8.448999999999999e-10,
      8.698999999999999e-10,
      1.033e-09,
      1.1199999999999999e-09,
      1.214e-09,
      1.242e-09,
      1.264e-09,
      1.281e-09,
      1.2949999999999998e-09,
      1.306e-09
    ],
    [
      7.057e-11,
      1.2879999999999998e-10,
      1.784e-10,
      2.593e-10,
      2.929e-10,
      3.2299999999999997e-10,
      3.502e-10,
      3.75e-10,
      3.977e-10,
      5.559999999999999e-10,
      6.530999999999999e-10,
      7.801e-10,
      8.268999999999999e-10,
      8.673e-10,
      9.027e-10,
      9.343e-10,
      9.628e-10,
      1.149e-09,
      1.25e-09,
      1.36e-09,
      1.3929999999999998e-09,
      1.4179999999999999e-09,
      1.438e-09,
      1.454e-09,
      1.467e-09
    ],
    [
      7.699999999999999e-11,
      1.4059999999999998e-10,
      1.948e-10,
      2.83e-10,
      3.197e-10,
      3.526e-10,
      3.823e-10,
      4.0939999999999995e-10,
      4.343e-10,
      6.078999999999999e-10,
      7.15e-10,
      8.561e-10,
      9.085999999999999e-10,
      9.538e-10,
      9.936e-10,
      1.0289999999999999e-09,
      1.061e-09,
      1.272e-09,
      1.3869999999999999e-09,
      1.512e-09,
      1.549e-09,
      1.578e-09,
      1.601e-09,
      1.6199999999999998e-09,
      1.6349999999999998e-09
    ],
    [
      8.361e-11,
      1.528e-10,
      2.1169999999999998e-10,
      3.078e-10,
      3.478e-10,
      3.836e-10,
      4.1609999999999994e-10,
      4.4569999999999997e-10,
      4.728e-10,
      6.629999999999999e-10,
      7.810999999999999e-10,
      9.375e-10,
      9.959e-10,
      1.0460000000000001e-09,
      1.0909999999999999e-09,
      1.131e-09,
      1.167e-09,
      1.4040000000000001e-09,
      1.533e-09,
      1.673e-09,
      1.716e-09,
      1.748e-09,
      1.7739999999999999e-09,
      1.795e-09,
      1.812e-09
    ],
    [
      9.025e-11,
      1.65e-10,
      2.288e-10,
      3.329e-10,
      3.763e-10,
      4.1519999999999997e-10,
      4.5039999999999996e-10,
      4.825e-10,
      5.12e-10,
      7.194999999999999e-10,
      8.49e-10,
      1.0209999999999999e-09,
      1.086e-09,
      1.142e-09,
      1.191e-09,
      1.2359999999999999e-09,
      1.275e-09,
      1.539e-09,
      1.684e-09,
      1.84e-09,
      1.8869999999999998e-09,
      1.923e-09,
      1.952e-09,
      1.975e-09,
      1.994e-09
    ],
    [
      9.697e-11,
      1.774e-10,
      2.461e-10,
      3.5829999999999994e-10,
      4.051e-10,
      4.471e-10,
      4.850999999999999e-10,
      5.197999999999999e-10,
      5.517e-10,
      7.766e-10,
      9.176999999999999e-10,
      1.106e-09,
      1.177e-09,
      1.239e-09,
      1.293e-09,
      1.3420000000000001e-09,
      1.386e-09,
      1.6759999999999998e-09,
