{
  "e": [
    5000.0,
    10000.0,
    15000.0,
    20000.0,
    25000.0,
    30000.0,
    35000.0,
    40000.0,
    45000.0,
    50000.0,
    55000.0,
    60000.0,
    65000.0,
    70000.0,
    75000.0,
    80000.0,
    85000.0,
    90000.0,
    95000.0,
    100000.0,
    105000.0,
    110000.0,
    115000.0,
    120000.0,
    125000.0
  ],
  "eref": 65000.0,
  "n": [
    1e+18,
    2e+18,
    3e+18,
    5e+18,
    6e+18,
    7e+18,
    8e+18,
    9e+18,
    1e+19,
    2e+19,
    3e+19,
    5e+19,
    6e+19,
    7e+19,
    8e+19,
    9e+19,
    1e+20,
    2e+20,
    3e+20,
    5e+20,
    6e+20,
    7e+20,
    8e+20,
    9e+20,
    1e+21
  ],
  "nref": 6e+19,
  "sen": [
    [
      4.3519999999999996e-11,
      8.565e-11,
      1.27e-10,
      2.077e-10,
      2.474e-10,
      2.865e-10,
      3.2529999999999995e-10,
      3.637e-10,
      4.018e-10,
      7.651e-10,
      1.102e-09,
      1.7069999999999998e-09,
      1.981e-09,
      2.238e-09,
      2.479e-09,
      2.7070000000000003e-09,
      2.922e-09,
      4.55e-09,
      5.592e-09,
      6.849e-09,
      7.257e-09,
      7.579999999999999e-09,
      7.841e-09,
      8.057999999999998e-09,
      8.239e-09
    ],
    [
      4.356e-11,
      8.517999999999998e-11,
      1.2559999999999999e-10,
      2.034e-10,
      2.4109999999999997e-10,
      2.7799999999999997e-10,
      3.143e-10,
      3.499e-10,
      3.849e-10,
      7.050999999999999e-10,
      9.802999999999998e-10,
      1.43e-09,
      1.6169999999999999e-09,
      1.783e-09,
      1.932e-09,
      2.0669999999999996e-09,
      2.1889999999999998e-09,
      2.9849999999999995e-09,
      3.3969999999999997e-09,
      3.82e-09,
      3.943e-09,
      4.036e-09,
      4.1079999999999995e-09,
      4.166e-09,
      4.214e-09
    ],
    [
      4.427e-11,
      8.631999999999999e-11,
      1.269e-10,
      2.043e-10,
      2.414e-10,
      2.776e-10,
      3.129e-10,
      3.473e-10,
      3.81e-10,
      6.805999999999999e-10,
      9.267999999999999e-10,
      1.3079999999999998e-09,
      1.459e-09,
      1.591e-09,
      1.706e-09,
      1.8079999999999998e-09,
      1.899e-09,
      2.4569999999999997e-09,
      2.725e-09,
      2.9849999999999995e-09,
      3.058e-09,
      3.113e-09,
      3.1549999999999995e-09,
      3.1879999999999997e-09,
      3.216e-09
    ],
    [
      4.508e-11,
      8.786e-11,
      1.29e-10,
      2.074e-10,
      2.4479999999999997e-10,
      2.813e-10,
      3.167e-10,
      3.5129999999999997e-10,
      3.8499999999999996e-10,
      6.823e-10,
      9.229999999999999e-10,
      1.2899999999999999e-09,
      1.4339999999999998e-09,
      1.5579999999999998e-09,
      1.6659999999999998e-09,
      1.7609999999999998e-09,
      1.8459999999999998e-09,
      2.355e-09,
      2.595e-09,
      2.826e-09,
      2.89e-09,
      2.9369999999999997e-09,
      2.974e-09,
      3.004e-09,
      3.027e-09
    ],
    [
      4.5739999999999995e-11,
      8.92e-11,
      1.31e-10,
      2.1079999999999999e-10,
      2.489e-10,
      2.86e-10,
      3.2220000000000004e-10,
      3.574e-10,
      3.918e-10,
      6.954e-10,
      9.42e-10,
      1.32e-09,
      1.4679999999999999e-09,
      1.5959999999999999e-09,
      1.708e-09,
      1.8069999999999999e-09,
      1.894e-09,
      2.425e-09,
      2.676e-09,
      2.918e-09,
      2.986e-09,
      3.036e-09,
      3.075e-09,
      3.106e-09,
      3.131e-09
    ],
    [
      4.627e-11,
      9.034999999999999e-11,
      1.329e-10,
      2.141e-10,
      2.53e-10,
      2.9100000000000003e-10,
      3.28e-10,
      3.642e-10,
      3.9949999999999996e-10,
      7.136e-10,
      9.716e-10,
      1.3719999999999998e-09,
      1.531e-09,
      1.669e-09,
      1.7899999999999998e-09,
      1.898e-09,
      1.994e-09,
      2.582e-09,
      2.865e-09,
      3.14e-09,
      3.218e-09,
      3.275e-09,
      3.3199999999999997e-09,
      3.356e-09,
      3.3849999999999998e-09
    ],
    [
      4.6799999999999996e-11,
      9.147e-11,
      1.3459999999999998e-10,
      2.173e-10,
      2.57e-10,
      2.9569999999999997e-10,
      3.3359999999999996e-10,
      3.706e-10,
      4.067e-10,
      7.304e-10,
      9.989e-10,
      1.42e-09,
      1.5889999999999998e-09,
      1.7359999999999998e-09,
      1.866e-09,
      1.9819999999999996e-09,
      2.086e-09,
      2.729e-09,
      3.043e-09,
      3.3519999999999996e-09,
      3.4390000000000002e-09,
      3.5049999999999998e-09,
      3.555e-09,
      3.5959999999999996e-09,
      3.6289999999999998e-09
    ],
    [
      4.7589999999999994e-11,
      9.309e-11,
      1.371e-10,
      2.2149999999999998e-10,
      2.622e-10,
      3.019e-10,
      3.4069999999999997e-10,
      3.787e-10,
      4.1590000000000003e-10,
      7.504e-10,
      1.03e-09,
      1.474e-09,
      1.653e-09,
      1.81e-09,
      1.9499999999999997e-09,
      2.0739999999999997e-09,
      2.186e-09,
      2.888e-09,
      3.236e-09,
      3.582e-09,
      3.68e-09,
      3.754e-09,
      3.811e-09,
      3.857e-09,
      3.894e-09
    ],
    [
      4.869e-11,
      9.53e-11,
      1.405e-10,
      2.2719999999999998e-10,
      2.6899999999999995e-10,
      3.099e-10,
      3.499e-10,
      3.8910000000000003e-10,
      4.2749999999999997e-10,
      7.745e-10,
      1.067e-09,
      1.5349999999999998e-09,
      1.726e-09,
      1.894e-09,
      2.0439999999999996e-09,
      2.1779999999999997e-09,
      2.298e-09,
      3.065e-09,
      3.45e-09,
      3.837e-09,
      3.947e-09,
      4.0299999999999995e-09,
      4.095e-09,
      4.146e-09,
      4.1889999999999995e-09
    ],
    [
      5.016e-11,
      9.822e-11,
      1.4479999999999998e-10,
      2.344e-10,
      2.776e-10,
      3.199e-10,
      3.613e-10,
      4.019e-10,
      4.4179999999999996e-10,
      8.026e-10,
      1.109e-09,
      1.6019999999999998e-09,
      1.804e-09,
      1.983e-09,
      2.142e-09,
      2.2859999999999998e-09,
      2.415e-09,
      3.244e-09,
      3.664e-09,
      4.0889999999999994e-09,
      4.2110000000000005e-09,
      4.3030000000000005e-09,
      4.375e-09,
      4.4319999999999996e-09,
      4.479e-09
    ],
    [
      5.237e-11,
      1.026e-10,
      1.5129999999999998e-10,
      2.45e-10,
      2.902e-10,
      3.345e-10,
      3.779e-10,
      4.2039999999999996e-10,
      4.621e-10,
      8.410999999999999e-10,
      1.1640000000000001e-09,
      1.686e-09,
      1.9e-09,
      2.091e-09,
      2.261e-09,
      2.4139999999999997e-09,
      2.552e-09,
      3.4439999999999997e-09,
      3.899999999999999e-09,
      4.3620000000000004e-09,
      4.496e-09,
      4.596e-09,
      4.6750000000000005e-09,
      4.738e-09,
      4.789e-09
    ],
    [
      5.5279999999999995e-11,
      1.083e-10,
      1.597e-10,
      2.587e-10,
      3.0650000000000003e-10,
      3.533e-10,
      3.992e-10,
      4.441e-10,
      4.883e-10,
      8.896e-10,
      1.2319999999999999e-09,
      1.788e-09,
      2.016e-09,
      2.22e-09,
      2.4019999999999998e-09,
      2.566e-09,
      2.715e-09,
      3.675e-09,
      4.168e-09,
      4.67e-09,
      4.816e-09,
      4.9249999999999994e-09,
      5.01e-09,
      5.079e-09,
      5.134999999999999e-09
    ],
    [
      5.879999999999999e-11,
      1.1519999999999999e-10,
      1.7e-10,
      2.753e-10,
      3.262e-10,
      3.7599999999999994e-10,
      4.248e-10,
      4.726999999999999e-10,
      5.197e-10,
      9.474e-10,
      1.313e-09,
      1.907e-09,
      2.153e-09,
      2.3709999999999998e-09,
      2.567e-09,
      2.743e-09,
      2.903e-09,
      3.939e-09,
      4.473999999999999e-09,
      5.019e-09,
      5.177e-09,
      5.296e-09,
      5.3889999999999995e-09,
      5.464e-09,
      5.525e-09
    ],
    [
      6.293e-11,
      1.2329999999999998e-10,
      1.8189999999999999e-10,
      2.947e-10,
      3.4909999999999996e-10,
      4.025e-10,
      4.547e-10,
      5.06e-10,
      5.563e-10,
      1.0139999999999998e-09,
      1.406e-09,
      2.045e-09,
