{
  "e": [
    5000.0,
    10000.0,
    15000.0,
    20000.0,
    25000.0,
    30000.0,
    35000.0,
    40000.0,
    45000.0,
    50000.0,
    55000.0,
    60000.0,
    65000.0,
    70000.0,
    75000.0,
    80000.0,
    85000.0,
    90000.0,
    95000.0,
    100000.0,
    105000.0,
    110000.0,
    115000.0,
    120000.0,
    125000.0
  ],
  "eref": 65000.0,
  "n": [
    1e+18,
    2e+18,
    3e+18,
    5e+18,
    6e+18,
    7e+18,
    8e+18,
    9e+18,
    1e+19,
    2e+19,
    3e+19,
    5e+19,
    6e+19,
    7e+19,
    8e+19,
    9e+19,
    1e+20,
    2e+20,
    3e+20,
    5e+20,
    6e+20,
    7e+20,
    8e+20,
    9e+20,
    1e+21
  ],
  "nref": 6e+19,
  "sen": [
    [
      2.237e-11,
      2.998e-11,
      3.417e-11,
      3.8999999999999995e-11,
      4.059e-11,
      4.189e-11,
      4.2979999999999997e-11,
      4.3919999999999995e-11,
      4.473e-11,
      4.966e-11,
      5.228e-11,
      5.5539999999999996e-11,
      5.674e-11,
      5.7779999999999993e-11,
      5.871e-11,
      5.956e-11,
      6.033e-11,
      6.585999999999999e-11,
      6.93e-11,
      7.346999999999999e-11,
      7.484e-11,
      7.592999999999999e-11,
      7.682e-11,
      7.755999999999999e-11,
      7.818e-11
    ],
    [
      2.5150000000000002e-11,
      3.4749999999999996e-11,
      4.025e-11,
      4.6729999999999997e-11,
      4.889e-11,
      5.064e-11,
      5.211e-11,
      5.337e-11,
      5.445999999999999e-11,
      6.097e-11,
      6.435e-11,
      6.836999999999999e-11,
      6.978999999999999e-11,
      7.098e-11,
      7.200999999999999e-11,
      7.291999999999999e-11,
      7.373e-11,
      7.891e-11,
      8.163e-11,
      8.449e-11,
      8.535e-11,
      8.6e-11,
      8.651e-11,
      8.692e-11,
      8.725999999999999e-11
    ],
    [
      2.6619999999999998e-11,
      3.7509999999999995e-11,
      4.3999999999999997e-11,
      5.1959999999999994e-11,
      5.4699999999999996e-11,
      5.6959999999999996e-11,
      5.888e-11,
      6.053999999999999e-11,
      6.2e-11,
      7.092e-11,
      7.563e-11,
      8.118999999999999e-11,
      8.31e-11,
      8.469e-11,
      8.604e-11,
      8.721e-11,
      8.824e-11,
      9.447999999999999e-11,
      9.751000000000001e-11,
      1.005e-10,
      1.014e-10,
      1.021e-10,
      1.026e-10,
      1.0299999999999999e-10,
      1.033e-10
    ],
    [
      2.7129999999999998e-11,
      3.859e-11,
      4.562e-11,
      5.4519999999999996e-11,
      5.767e-11,
      6.031e-11,
      6.257999999999999e-11,
      6.456000000000001e-11,
      6.630999999999999e-11,
      7.735e-11,
      8.336999999999999e-11,
      9.056999999999999e-11,
      9.305999999999999e-11,
      9.513e-11,
      9.689e-11,
      9.842e-11,
      9.975999999999999e-11,
      1.078e-10,
      1.1179999999999999e-10,
      1.156e-10,
      1.167e-10,
      1.1759999999999999e-10,
      1.182e-10,
      1.187e-10,
      1.1919999999999999e-10
    ],
    [
      2.78e-11,
      3.99e-11,
      4.7519999999999995e-11,
      5.7429999999999996e-11,
      6.100999999999999e-11,
      6.405e-11,
      6.668e-11,
      6.899e-11,
      7.105e-11,
      8.428999999999999e-11,
      9.171e-11,
      1.0069999999999999e-10,
      1.039e-10,
      1.065e-10,
      1.088e-10,
      1.108e-10,
      1.1249999999999999e-10,
      1.231e-10,
      1.2829999999999999e-10,
      1.3359999999999998e-10,
      1.351e-10,
      1.362e-10,
      1.371e-10,
      1.3779999999999998e-10,
      1.384e-10
    ],
    [
      2.8909999999999997e-11,
      4.1839999999999995e-11,
      5.017e-11,
      6.124e-11,
      6.530999999999999e-11,
      6.878e-11,
      7.179999999999999e-11,
      7.448e-11,
      7.688e-11,
      9.247999999999999e-11,
      1.014e-10,
      1.124e-10,
      1.1629999999999999e-10,
      1.1959999999999998e-10,
      1.2239999999999999e-10,
      1.249e-10,
      1.271e-10,
      1.4059999999999998e-10,
      1.474e-10,
      1.543e-10,
      1.564e-10,
      1.579e-10,
      1.5909999999999997e-10,
      1.6000000000000002e-10,
      1.608e-10
    ],
    [
      3.07e-11,
      4.486e-11,
      5.4160000000000003e-11,
      6.676999999999999e-11,
      7.147e-11,
      7.550999999999999e-11,
      7.903999999999999e-11,
      8.218e-11,
      8.499e-11,
      1.0349999999999999e-10,
      1.1419999999999999e-10,
      1.276e-10,
      1.3239999999999998e-10,
      1.365e-10,
      1.3999999999999998e-10,
      1.431e-10,
      1.4589999999999998e-10,
      1.631e-10,
      1.719e-10,
      1.809e-10,
      1.836e-10,
      1.856e-10,
      1.8719999999999998e-10,
      1.884e-10,
      1.895e-10
    ],
    [
      3.287e-11,
      4.849e-11,
      5.896e-11,
      7.339999999999999e-11,
      7.885e-11,
      8.355e-11,
      8.768e-11,
      9.136000000000001e-11,
      9.467e-11,
      1.166e-10,
      1.295e-10,
      1.4569999999999997e-10,
      1.516e-10,
      1.566e-10,
      1.609e-10,
      1.6469999999999998e-10,
      1.681e-10,
      1.898e-10,
      2.009e-10,
      2.1259999999999997e-10,
      2.1599999999999998e-10,
      2.186e-10,
      2.206e-10,
      2.223e-10,
      2.237e-10
    ],
    [
      3.51e-11,
      5.22e-11,
      6.386e-11,
      8.019e-11,
      8.640999999999999e-11,
      9.18e-11,
      9.654999999999999e-11,
      1.0079999999999999e-10,
      1.0459999999999999e-10,
      1.302e-10,
      1.453e-10,
      1.6459999999999998e-10,
      1.7159999999999998e-10,
      1.7759999999999999e-10,
      1.8279999999999998e-10,
      1.874e-10,
      1.9149999999999998e-10,
      2.18e-10,
      2.319e-10,
      2.464e-10,
      2.507e-10,
      2.54e-10,
      2.5659999999999997e-10,
      2.5859999999999997e-10,
      2.604e-10
    ],
    [
      3.738e-11,
      5.594e-11,
      6.878999999999999e-11,
      8.699e-11,
      9.398e-11,
      1e-10,
      1.0539999999999999e-10,
      1.1019999999999999e-10,
      1.1459999999999998e-10,
      1.4379999999999998e-10,
      1.6110000000000002e-10,
      1.836e-10,
      1.918e-10,
      1.988e-10,
      2.05e-10,
      2.104e-10,
      2.153e-10,
      2.469e-10,
      2.636e-10,
      2.8119999999999997e-10,
      2.864e-10,
      2.904e-10,
      2.9359999999999995e-10,
      2.961e-10,
      2.9819999999999996e-10
    ],
    [
      3.9809999999999996e-11,
      5.989e-11,
      7.394999999999999e-11,
      9.406e-11,
      1.0179999999999999e-10,
      1.0859999999999999e-10,
      1.1459999999999998e-10,
      1.2e-10,
      1.249e-10,
      1.578e-10,
      1.7759999999999999e-10,
      2.034e-10,
      2.1289999999999998e-10,
      2.2099999999999999e-10,
      2.2819999999999997e-10,
      2.345e-10,
      2.402e-10,
      2.773e-10,
      2.969e-10,
      3.1780000000000003e-10,
      3.24e-10,
      3.287e-10,
      3.325e-10,
      3.3550000000000003e-10,
      3.3799999999999997e-10
    ],
    [
      4.2330000000000004e-11,
      6.396e-11,
      7.925e-11,
      1.0129999999999999e-10,
      1.0989999999999999e-10,
      1.1739999999999998e-10,
      1.24e-10,
      1.3e-10,
      1.354e-10,
      1.723e-10,
      1.9469999999999998e-10,
      2.2399999999999998e-10,
      2.349e-10,
      2.4429999999999997e-10,
      2.525e-10,
      2.598e-10,
      2.6640000000000003e-10,
      3.092e-10,
      3.3209999999999997e-10,
      3.564e-10,
      3.6359999999999996e-10,
      3.692e-10,
      3.735e-10,
      3.7709999999999997e-10,
      3.8e-10
    ],
    [
      4.488e-11,
      6.807e-11,
      8.462e-11,
      1.087e-10,
      1.1809999999999999e-10,
      1.263e-10,
      1.3359999999999998e-10,
      1.402e-10,
      1.462e-10,
      1.8719999999999998e-10,
      2.123e-10,
      2.454e-10,
      2.5769999999999995e-10,
      2.683e-10,
      2.777e-10,
      2.86e-10,
      2.9349999999999997e-10,
      3.4249999999999995e-10,
      3.687e-10,
      3.965e-10,
      4.0479999999999994e-10,
      4.112e-10,
      4.1619999999999997e-10,
      4.203e-10,
      4.2359999999999996e-10
    ],
    [
      4.747e-11,
