{
  "3 -> 2": {
    "e": [
      5000.0,
      10000.0,
      15000.0,
      20000.0,
      25000.0,
      30000.0,
      35000.0,
      40000.0,
      45000.0,
      50000.0,
      55000.0,
      60000.0,
      65000.0,
      70000.0,
      75000.0,
      80000.0,
      85000.0,
      90000.0,
      95000.0,
      100000.0,
      105000.0,
      110000.0,
      115000.0,
      120000.0,
      125000.0
    ],
    "eref": 65000.0,
    "n": [
      1e+18,
      2e+18,
      3e+18,
      5e+18,
      6e+18,
      7e+18,
      8e+18,
      9e+18,
      1e+19,
      2e+19,
      3e+19,
      5e+19,
      6e+19,
      7e+19,
      8e+19,
      9e+19,
      1e+20,
      2e+20,
      3e+20,
      5e+20,
      6e+20,
      7e+20,
      8e+20,
      9e+20,
      1e+21
    ],
    "nref": 6e+19,
    "sen": [
      [
        1.342e-15,
        1.184e-15,
        1.0609999999999999e-15,
        8.802e-16,
        8.117e-16,
        7.534e-16,
        7.030999999999999e-16,
        6.594e-16,
        6.21e-16,
        3.9649999999999993e-16,
        2.9489999999999997e-16,
        1.9909999999999997e-16,
        1.7259999999999998e-16,
        1.529e-16,
        1.377e-16,
        1.255e-16,
        1.156e-16,
        6.735e-17,
        4.913e-17,
        3.277e-17,
        2.826e-17,
        2.489e-17,
        2.2259999999999997e-17,
        2.016e-17,
        1.842e-17
      ],
      [
        9.596e-16,
        6.965999999999999e-16,
        5.476e-16,
        3.846e-16,
        3.3519999999999995e-16,
        2.9720000000000003e-16,
        2.672e-16,
        2.427e-16,
        2.225e-16,
        1.2299999999999998e-16,
        8.633999999999999e-17,
        5.538e-17,
        4.735e-17,
        4.151e-17,
        3.708e-17,
        3.358e-17,
        3.0749999999999994e-17,
        1.7359999999999997e-17,
        1.2439999999999999e-17,
        8.117e-18,
        6.945e-18,
        6.0779999999999996e-18,
        5.407e-18,
        4.872e-18,
        4.436e-18
      ],
      [
        6.096999999999999e-16,
        3.7999999999999996e-16,
        2.766e-16,
        1.797e-16,
        1.531e-16,
        1.335e-16,
        1.185e-16,
        1.0649999999999999e-16,
        9.680999999999999e-17,
        5.1399999999999995e-17,
        3.556e-17,
        2.2509999999999998e-17,
        1.9179999999999998e-17,
        1.6759999999999997e-17,
        1.493e-17,
        1.3479999999999999e-17,
        1.2319999999999999e-17,
        6.816999999999999e-18,
        4.814e-18,
        3.0759999999999997e-18,
        2.613e-18,
        2.273e-18,
        2.013e-18,
        1.806e-18,
        1.638e-18
      ],
      [
        3.993e-16,
        2.2909999999999997e-16,
        1.61e-16,
        1.0139999999999999e-16,
        8.565e-17,
        7.422e-17,
        6.553e-17,
        5.87e-17,
        5.3189999999999995e-17,
        2.782e-17,
        1.9109999999999998e-17,
        1.198e-17,
        1.0149999999999999e-17,
        8.831e-18,
        7.828999999999999e-18,
        7.041e-18,
        6.403999999999999e-18,
        3.42e-18,
        2.356e-18,
        1.4609999999999998e-18,
        1.2289999999999998e-18,
        1.061e-18,
        9.334e-19,
        8.333999999999999e-19,
        7.528e-19
      ],
      [
        3.258e-16,
        1.815e-16,
        1.261e-16,
        7.859e-17,
        6.623999999999999e-17,
        5.728999999999999e-17,
        5.051e-17,
        4.519e-17,
        4.0909999999999996e-17,
        2.1270000000000002e-17,
        1.454e-17,
        9.037e-18,
        7.629e-18,
        6.611e-18,
        5.8389999999999995e-18,
        5.233e-18,
        4.743e-18,
        2.472e-18,
        1.6789999999999999e-18,
        1.026e-18,
        8.588e-19,
        7.388e-19,
        6.4819999999999995e-19,
        5.775e-19,
        5.206e-19
      ],
      [
        2.844e-16,
        1.5569999999999997e-16,
        1.075e-16,
        6.661e-17,
        5.605e-17,
        4.842e-17,
        4.265e-17,
        3.813e-17,
        3.449e-17,
        1.784e-17,
        1.215e-17,
        7.485999999999999e-18,
        6.297e-18,
        5.438999999999999e-18,
        4.79e-18,
        4.281e-18,
        3.871e-18,
        1.9850000000000002e-18,
        1.338e-18,
        8.103999999999999e-19,
        6.77e-19,
        5.814e-19,
        5.095e-19,
        4.534e-19,
        4.084e-19
      ],
      [
        2.612e-16,
        1.4170000000000001e-16,
        9.749e-17,
        6.024999999999999e-17,
        5.066999999999999e-17,
        4.374e-17,
        3.8509999999999996e-17,
        3.441e-17,
        3.1119999999999995e-17,
        1.604e-17,
        1.089e-17,
        6.6819999999999996e-18,
        5.609e-18,
        4.8359999999999995e-18,
        4.252e-18,
        3.7949999999999995e-18,
        3.4269999999999996e-18,
        1.745e-18,
        1.172e-18,
        7.074e-19,
        5.905e-19,
        5.067e-19,
        4.438e-19,
        3.9479999999999996e-19,
        3.555e-19
      ],
      [
        2.4299999999999995e-16,
        1.31e-16,
        8.991e-17,
        5.546e-17,
        4.661e-17,
        4.0229999999999996e-17,
        3.54e-17,
        3.1629999999999996e-17,
        2.859e-17,
        1.47e-17,
        9.960999999999998e-18,
        6.088999999999999e-18,
        5.104e-18,
        4.394999999999999e-18,
        3.861e-18,
        3.442e-18,
        3.106e-18,
        1.5739999999999999e-18,
        1.055e-18,
        6.357999999999999e-19,
        5.305e-19,
        4.551e-19,
        3.984e-19,
        3.543e-19,
        3.19e-19
      ],
      [
        2.315e-16,
        1.244e-16,
        8.522e-17,
        5.251e-17,
        4.4119999999999996e-17,
        3.8069999999999995e-17,
        3.35e-17,
        2.9919999999999995e-17,
        2.704e-17,
        1.389e-17,
        9.393e-18,
        5.729e-18,
        4.798e-18,
        4.128999999999999e-18,
        3.623999999999999e-18,
        3.23e-18,
        2.913e-18,
        1.473e-18,
        9.859e-19,
        5.937e-19,
        4.952e-19,
        4.247e-19,
        3.7179999999999997e-19,
        3.306e-19,
        2.9769999999999996e-19
      ],
      [
        2.2139999999999998e-16,
        1.186e-16,
        8.118e-17,
        4.999e-17,
        4.199e-17,
        3.622e-17,
        3.187e-17,
        2.846e-17,
        2.572e-17,
        1.319e-17,
        8.914e-18,
        5.428e-18,
        4.5430000000000004e-18,
        3.9079999999999995e-18,
        3.429e-18,
        3.0549999999999995e-18,
        2.754e-18,
        1.39e-18,
        9.298999999999998e-19,
        5.595999999999999e-19,
        4.667e-19,
        4.002e-19,
        3.503e-19,
        3.115e-19,
        2.8039999999999997e-19
      ],
      [
        2.14e-16,
        1.144e-16,
        7.831e-17,
        4.82e-17,
        4.0479999999999994e-17,
        3.4919999999999996e-17,
        3.0719999999999997e-17,
        2.7429999999999997e-17,
        2.4789999999999998e-17,
        1.27e-17,
        8.578e-18,
        5.217e-18,
        4.3649999999999995e-18,
        3.753e-18,
        3.292e-18,
        2.932e-18,
        2.644e-18,
        1.333e-18,
        8.911e-19,
        5.36e-19,
        4.47e-19,
        3.8329999999999997e-19,
        3.3549999999999997e-19,
        2.983e-19,
        2.685e-19
      ],
      [
        2.0829999999999998e-16,
        1.1119999999999999e-16,
        7.607e-17,
        4.6809999999999997e-17,
        3.931e-17,
        3.391e-17,
        2.983e-17,
        2.6629999999999998e-17,
        2.407e-17,
        1.2329999999999998e-17,
        8.318e-18,
        5.055e-18,
        4.228e-18,
        3.634e-18,
        3.187e-18,
        2.838e-18,
        2.5579999999999998e-18,
        1.289e-18,
        8.615e-19,
        5.18e-19,
        4.3199999999999995e-19,
        3.704e-19,
        3.2420000000000003e-19,
        2.883e-19,
        2.595e-19
      ],
      [
        2.044e-16,
        1.09e-16,
        7.455e-17,
