{
  "e": [
    5000.0,
    10000.0,
    15000.0,
    20000.0,
    25000.0,
    30000.0,
    35000.0,
    40000.0,
    45000.0,
    50000.0,
    55000.0,
    60000.0,
    65000.0,
    70000.0,
    75000.0,
    80000.0,
    85000.0,
    90000.0,
    95000.0,
    100000.0,
    105000.0,
    110000.0,
    115000.0,
    120000.0,
    125000.0
  ],
  "eref": 65000.0,
  "n": [
    1e+18,
    2e+18,
    3e+18,
    5e+18,
    6e+18,
    7e+18,
    8e+18,
    9e+18,
    1e+19,
    2e+19,
    3e+19,
    5e+19,
    6e+19,
    7e+19,
    8e+19,
    9e+19,
    1e+20,
    2e+20,
    3e+20,
    5e+20,
    6e+20,
    7e+20,
    8e+20,
    9e+20,
    1e+21
  ],
  "nref": 6e+19,
  "sen": [
    [
      9.705e-14,
      9.767e-14,
      9.809999999999999e-14,
      9.873e-14,
      9.897000000000001e-14,
      9.919e-14,
      9.939e-14,
      9.956e-14,
      9.973e-14,
      1.0089999999999999e-13,
      1.0179999999999999e-13,
      1.031e-13,
      1.036e-13,
      1.0409999999999999e-13,
      1.045e-13,
      1.05e-13,
      1.054e-13,
      1.084e-13,
      1.103e-13,
      1.128e-13,
      1.1359999999999999e-13,
      1.142e-13,
      1.147e-13,
      1.152e-13,
      1.155e-13
    ],
    [
      1.1689999999999999e-13,
      1.177e-13,
      1.182e-13,
      1.19e-13,
      1.1929999999999998e-13,
      1.1960000000000002e-13,
      1.198e-13,
      1.201e-13,
      1.203e-13,
      1.22e-13,
      1.232e-13,
      1.25e-13,
      1.258e-13,
      1.264e-13,
      1.2700000000000001e-13,
      1.276e-13,
      1.2809999999999998e-13,
      1.315e-13,
      1.334e-13,
      1.3549999999999998e-13,
      1.361e-13,
      1.366e-13,
      1.3689999999999998e-13,
      1.372e-13,
      1.375e-13
    ],
    [
      1.258e-13,
      1.266e-13,
      1.272e-13,
      1.2809999999999998e-13,
      1.2840000000000001e-13,
      1.287e-13,
      1.29e-13,
      1.293e-13,
      1.296e-13,
      1.315e-13,
      1.329e-13,
      1.351e-13,
      1.3589999999999998e-13,
      1.367e-13,
      1.374e-13,
      1.38e-13,
      1.385e-13,
      1.42e-13,
      1.438e-13,
      1.4569999999999997e-13,
      1.462e-13,
      1.466e-13,
      1.4689999999999998e-13,
      1.472e-13,
      1.474e-13
    ],
    [
      1.312e-13,
      1.32e-13,
      1.325e-13,
      1.334e-13,
      1.338e-13,
      1.3409999999999998e-13,
      1.3440000000000001e-13,
      1.347e-13,
      1.35e-13,
      1.37e-13,
      1.386e-13,
      1.408e-13,
      1.417e-13,
      1.425e-13,
      1.432e-13,
      1.438e-13,
      1.444e-13,
      1.48e-13,
      1.498e-13,
      1.5169999999999997e-13,
      1.522e-13,
      1.526e-13,
      1.53e-13,
      1.532e-13,
      1.534e-13
    ],
    [
      1.352e-13,
      1.36e-13,
      1.366e-13,
      1.375e-13,
      1.379e-13,
      1.382e-13,
      1.385e-13,
      1.388e-13,
      1.3909999999999998e-13,
      1.412e-13,
      1.427e-13,
      1.4509999999999998e-13,
      1.46e-13,
      1.468e-13,
      1.4749999999999998e-13,
      1.481e-13,
      1.4869999999999999e-13,
      1.5249999999999998e-13,
      1.544e-13,
      1.565e-13,
      1.5699999999999999e-13,
      1.5749999999999999e-13,
      1.578e-13,
      1.5809999999999998e-13,
      1.5839999999999999e-13
    ],
    [
      1.393e-13,
      1.4009999999999998e-13,
      1.407e-13,
      1.417e-13,
      1.421e-13,
      1.424e-13,
      1.427e-13,
      1.43e-13,
      1.4329999999999998e-13,
      1.4549999999999999e-13,
      1.4709999999999997e-13,
      1.495e-13,
      1.504e-13,
      1.513e-13,
      1.52e-13,
      1.527e-13,
      1.533e-13,
      1.573e-13,
      1.594e-13,
      1.616e-13,
      1.622e-13,
      1.6269999999999998e-13,
      1.6309999999999998e-13,
      1.634e-13,
      1.636e-13
    ],
    [
      1.435e-13,
      1.444e-13,
      1.45e-13,
      1.46e-13,
      1.4639999999999999e-13,
      1.468e-13,
      1.4709999999999997e-13,
      1.4749999999999998e-13,
      1.478e-13,
      1.5e-13,
      1.5169999999999997e-13,
      1.542e-13,
      1.5519999999999998e-13,
      1.56e-13,
      1.568e-13,
      1.5749999999999999e-13,
      1.582e-13,
      1.624e-13,
      1.647e-13,
      1.67e-13,
      1.678e-13,
      1.6829999999999997e-13,
      1.6869999999999998e-13,
      1.6899999999999999e-13,
      1.6929999999999997e-13
    ],
    [
      1.48e-13,
      1.49e-13,
      1.496e-13,
      1.5069999999999998e-13,
      1.5109999999999998e-13,
      1.5149999999999999e-13,
      1.519e-13,
      1.522e-13,
      1.526e-13,
      1.55e-13,
      1.5669999999999998e-13,
      1.593e-13,
      1.604e-13,
      1.6129999999999998e-13,
      1.6209999999999999e-13,
      1.629e-13,
      1.636e-13,
      1.6809999999999999e-13,
      1.706e-13,
      1.7319999999999998e-13,
      1.7389999999999997e-13,
      1.745e-13,
      1.7499999999999999e-13,
      1.754e-13,
      1.7569999999999997e-13
    ],
    [
      1.528e-13,
      1.5379999999999999e-13,
      1.5449999999999997e-13,
      1.5569999999999998e-13,
      1.5609999999999999e-13,
      1.566e-13,
      1.569e-13,
      1.573e-13,
      1.5769999999999997e-13,
      1.602e-13,
      1.6209999999999999e-13,
      1.648e-13,
      1.66e-13,
      1.6689999999999998e-13,
      1.678e-13,
      1.6859999999999998e-13,
      1.694e-13,
      1.7429999999999997e-13,
      1.7689999999999998e-13,
      1.798e-13,
      1.8059999999999998e-13,
      1.8129999999999997e-13,
      1.818e-13,
      1.822e-13,
      1.826e-13
    ],
    [
      1.5769999999999997e-13,
      1.588e-13,
      1.596e-13,
      1.608e-13,
      1.6129999999999998e-13,
      1.618e-13,
      1.622e-13,
      1.6259999999999998e-13,
      1.6299999999999999e-13,
      1.657e-13,
      1.6769999999999998e-13,
      1.707e-13,
      1.7179999999999998e-13,
      1.7289999999999998e-13,
      1.738e-13,
      1.7469999999999998e-13,
      1.7549999999999998e-13,
      1.808e-13,
      1.837e-13,
      1.868e-13,
      1.8769999999999997e-13,
      1.8839999999999998e-13,
      1.89e-13,
      1.8939999999999998e-13,
      1.8979999999999998e-13
    ],
    [
      1.628e-13,
      1.639e-13,
      1.648e-13,
      1.661e-13,
      1.666e-13,
      1.671e-13,
      1.676e-13,
      1.68e-13,
      1.684e-13,
      1.714e-13,
      1.735e-13,
      1.7669999999999997e-13,
      1.7789999999999998e-13,
      1.791e-13,
      1.8009999999999998e-13,
      1.8099999999999999e-13,
      1.818e-13,
      1.875e-13,
      1.906e-13,
      1.9399999999999998e-13,
      1.95e-13,
      1.9579999999999998e-13,
      1.964e-13,
      1.969e-13,
      1.973e-13
    ],
    [
      1.68e-13,
      1.6909999999999998e-13,
      1.6999999999999998e-13,
      1.7149999999999998e-13,
      1.72e-13,
      1.726e-13,
      1.73e-13,
      1.735e-13,
      1.7389999999999997e-13,
      1.7709999999999997e-13,
      1.7929999999999998e-13,
      1.8269999999999997e-13,
      1.8409999999999997e-13,
      1.8529999999999998e-13,
      1.864e-13,
      1.874e-13,
      1.8830000000000002e-13,
      1.9439999999999998e-13,
      1.977e-13,
      2.013e-13,
      2.024e-13,
      2.0319999999999998e-13,
      2.039e-13,
      2.044e-13,
      2.049e-13
    ],
    [
      1.7319999999999998e-13,
      1.744e-13,
      1.754e-13,
      1.7689999999999998e-13,
      1.7749999999999998e-13,
      1.781e-13,
      1.786e-13,
      1.79e-13,
      1.795e-13,
      1.8289999999999998e-13,
      1.8529999999999998e-13,
      1.889e-13,
      1.903e-13,
      1.9159999999999999e-13,
      1.927e-13,
      1.938e-13,
      1.948e-13,
      2.012e-13,
      2.048e-13,
      2.086e-13,
      2.098e-13,
      2.107e-13,
      2.114e-13,
      2.119e-13,
      2.1239999999999998e-13
    ],
    [
      1.784e-13,
      1.7969999999999998e-13,
      1.8069999999999998e-13,
      1.823e-13,
      1.8289999999999998e-13,
      1.8349999999999998e-13,
      1.8409999999999997e-13,
      1.846e-13,
      1.85e-13,
      1.886e-13,
      1.9119999999999998e-13,
