{
  "e": [
    5000.0,
    10000.0,
    15000.0,
    20000.0,
    25000.0,
    30000.0,
    35000.0,
    40000.0,
    45000.0,
    50000.0,
    55000.0,
    60000.0,
    65000.0,
    70000.0,
    75000.0,
    80000.0,
    85000.0,
    90000.0,
    95000.0,
    100000.0,
    105000.0,
    110000.0,
    115000.0,
    120000.0,
    125000.0
  ],
  "eref": 65000.0,
  "n": [
    1e+18,
    2e+18,
    3e+18,
    5e+18,
    6e+18,
    7e+18,
    8e+18,
    9e+18,
    1e+19,
    2e+19,
    3e+19,
    5e+19,
    6e+19,
    7e+19,
    8e+19,
    9e+19,
    1e+20,
    2e+20,
    3e+20,
    5e+20,
    6e+20,
    7e+20,
    8e+20,
    9e+20,
    1e+21
  ],
  "nref": 6e+19,
  "sen": [
    [
      9.999999999999999e-14,
      1.0069999999999999e-13,
      1.0109999999999999e-13,
      1.017e-13,
      1.02e-13,
      1.022e-13,
      1.024e-13,
      1.026e-13,
      1.027e-13,
      1.0389999999999999e-13,
      1.0479999999999999e-13,
      1.061e-13,
      1.066e-13,
      1.0709999999999999e-13,
      1.0759999999999999e-13,
      1.08e-13,
      1.084e-13,
      1.114e-13,
      1.1339999999999999e-13,
      1.158e-13,
      1.166e-13,
      1.172e-13,
      1.177e-13,
      1.182e-13,
      1.185e-13
    ],
    [
      1.278e-13,
      1.286e-13,
      1.291e-13,
      1.2989999999999998e-13,
      1.302e-13,
      1.305e-13,
      1.308e-13,
      1.31e-13,
      1.312e-13,
      1.329e-13,
      1.342e-13,
      1.361e-13,
      1.368e-13,
      1.375e-13,
      1.3809999999999999e-13,
      1.3869999999999998e-13,
      1.392e-13,
      1.426e-13,
      1.444e-13,
      1.4639999999999999e-13,
      1.47e-13,
      1.474e-13,
      1.478e-13,
      1.48e-13,
      1.4829999999999998e-13
    ],
    [
      1.432e-13,
      1.44e-13,
      1.446e-13,
      1.4549999999999999e-13,
      1.458e-13,
      1.462e-13,
      1.4649999999999998e-13,
      1.468e-13,
      1.47e-13,
      1.491e-13,
      1.505e-13,
      1.527e-13,
      1.536e-13,
      1.544e-13,
      1.55e-13,
      1.556e-13,
      1.562e-13,
      1.596e-13,
      1.6129999999999998e-13,
      1.6299999999999999e-13,
      1.6349999999999998e-13,
      1.639e-13,
      1.642e-13,
      1.6439999999999999e-13,
      1.646e-13
    ],
    [
      1.537e-13,
      1.5449999999999997e-13,
      1.551e-13,
      1.5609999999999999e-13,
      1.565e-13,
      1.568e-13,
      1.5709999999999998e-13,
      1.574e-13,
      1.5769999999999997e-13,
      1.5989999999999998e-13,
      1.614e-13,
      1.638e-13,
      1.647e-13,
      1.654e-13,
      1.661e-13,
      1.668e-13,
      1.6729999999999998e-13,
      1.708e-13,
      1.7249999999999997e-13,
      1.742e-13,
      1.7469999999999998e-13,
      1.7509999999999998e-13,
      1.754e-13,
      1.756e-13,
      1.758e-13
    ],
    [
      1.5849999999999998e-13,
      1.593e-13,
      1.6e-13,
      1.6089999999999998e-13,
      1.6129999999999998e-13,
      1.616e-13,
      1.62e-13,
      1.6229999999999997e-13,
      1.6259999999999998e-13,
      1.648e-13,
      1.6629999999999998e-13,
      1.6869999999999998e-13,
      1.696e-13,
      1.7039999999999999e-13,
      1.7109999999999997e-13,
      1.717e-13,
      1.7229999999999998e-13,
      1.759e-13,
      1.776e-13,
      1.794e-13,
      1.8e-13,
      1.804e-13,
      1.8069999999999998e-13,
      1.809e-13,
      1.8109999999999998e-13
    ],
    [
      1.615e-13,
      1.6229999999999997e-13,
      1.6299999999999999e-13,
      1.639e-13,
      1.643e-13,
      1.647e-13,
      1.65e-13,
      1.6529999999999999e-13,
      1.656e-13,
      1.678e-13,
      1.694e-13,
      1.7179999999999998e-13,
      1.7269999999999999e-13,
      1.735e-13,
      1.7429999999999997e-13,
      1.749e-13,
      1.7549999999999998e-13,
      1.7919999999999998e-13,
      1.8109999999999998e-13,
      1.8309999999999997e-13,
      1.836e-13,
      1.84e-13,
      1.844e-13,
      1.846e-13,
      1.8479999999999998e-13
    ],
    [
      1.6269999999999998e-13,
      1.6349999999999998e-13,
      1.642e-13,
      1.652e-13,
      1.656e-13,
      1.66e-13,
      1.6629999999999998e-13,
      1.666e-13,
      1.6689999999999998e-13,
      1.692e-13,
      1.7089999999999998e-13,
      1.7329999999999998e-13,
      1.7429999999999997e-13,
      1.7509999999999998e-13,
      1.759e-13,
      1.766e-13,
      1.772e-13,
      1.8109999999999998e-13,
      1.8309999999999997e-13,
      1.8519999999999998e-13,
      1.8589999999999997e-13,
      1.8629999999999997e-13,
      1.8669999999999998e-13,
      1.8699999999999999e-13,
      1.872e-13
    ],
    [
      1.628e-13,
      1.6369999999999997e-13,
      1.6439999999999999e-13,
      1.6549999999999998e-13,
      1.6589999999999998e-13,
      1.6629999999999998e-13,
      1.6669999999999999e-13,
      1.67e-13,
      1.674e-13,
      1.698e-13,
      1.7149999999999998e-13,
      1.7409999999999999e-13,
      1.7509999999999998e-13,
      1.7599999999999998e-13,
      1.768e-13,
      1.7749999999999998e-13,
      1.781e-13,
      1.823e-13,
      1.8449999999999997e-13,
      1.868e-13,
      1.875e-13,
      1.8799999999999998e-13,
      1.8839999999999998e-13,
      1.8869999999999997e-13,
      1.89e-13
    ],
    [
      1.614e-13,
      1.6229999999999997e-13,
      1.6309999999999998e-13,
      1.642e-13,
      1.647e-13,
      1.6509999999999997e-13,
      1.6549999999999998e-13,
      1.6589999999999998e-13,
      1.6629999999999998e-13,
      1.688e-13,
      1.707e-13,
      1.734e-13,
      1.745e-13,
      1.754e-13,
      1.763e-13,
      1.77e-13,
      1.777e-13,
      1.823e-13,
      1.8469999999999999e-13,
      1.872e-13,
      1.8799999999999998e-13,
      1.8849999999999998e-13,
      1.89e-13,
      1.893e-13,
      1.896e-13
    ],
    [
      1.602e-13,
      1.6119999999999998e-13,
      1.6209999999999999e-13,
      1.633e-13,
      1.638e-13,
      1.643e-13,
      1.647e-13,
      1.6509999999999997e-13,
      1.6549999999999998e-13,
      1.6829999999999997e-13,
      1.702e-13,
      1.731e-13,
      1.7429999999999997e-13,
      1.7529999999999997e-13,
      1.762e-13,
      1.77e-13,
      1.7779999999999998e-13,
      1.8269999999999997e-13,
      1.8529999999999998e-13,
      1.8799999999999998e-13,
      1.889e-13,
      1.8949999999999998e-13,
      1.9e-13,
      1.904e-13,
      1.907e-13
    ],
    [
      1.5989999999999998e-13,
      1.611e-13,
      1.6189999999999997e-13,
      1.633e-13,
      1.639e-13,
      1.6439999999999999e-13,
      1.648e-13,
      1.6529999999999999e-13,
      1.656e-13,
      1.6859999999999998e-13,
      1.707e-13,
      1.738e-13,
      1.7509999999999998e-13,
      1.7609999999999998e-13,
      1.7709999999999997e-13,
      1.78e-13,
      1.788e-13,
      1.84e-13,
      1.868e-13,
      1.8979999999999998e-13,
      1.907e-13,
      1.914e-13,
      1.9189999999999997e-13,
      1.923e-13,
      1.927e-13
    ],
    [
      1.6029999999999998e-13,
      1.615e-13,
      1.624e-13,
      1.639e-13,
      1.6449999999999998e-13,
      1.65e-13,
      1.6549999999999998e-13,
      1.66e-13,
      1.664e-13,
      1.696e-13,
      1.7189999999999998e-13,
      1.752e-13,
      1.7649999999999998e-13,
      1.776e-13,
      1.786e-13,
      1.7959999999999999e-13,
      1.804e-13,
      1.86e-13,
      1.89e-13,
      1.9219999999999998e-13,
      1.931e-13,
      1.938e-13,
      1.9439999999999998e-13,
      1.948e-13,
      1.952e-13
    ],
    [
      1.6089999999999998e-13,
      1.622e-13,
      1.632e-13,
      1.648e-13,
      1.654e-13,
      1.66e-13,
      1.6649999999999997e-13,
      1.67e-13,
      1.675e-13,
      1.7089999999999998e-13,
      1.7319999999999998e-13,
      1.7669999999999997e-13,
      1.781e-13,
      1.7929999999999998e-13,
      1.804e-13,
      1.814e-13,
      1.823e-13,
      1.882e-13,
      1.914e-13,
      1.948e-13,
      1.9579999999999998e-13,
      1.965e-13,
      1.9710000000000001e-13,
      1.9759999999999999e-13,
      1.98e-13
