{
  "e": [
    5000.0,
    10000.0,
    15000.0,
    20000.0,
    25000.0,
    30000.0,
    35000.0,
    40000.0,
    45000.0,
    50000.0,
    55000.0,
    60000.0,
    65000.0,
    70000.0,
    75000.0,
    80000.0,
    85000.0,
    90000.0,
    95000.0,
    100000.0,
    105000.0,
    110000.0,
    115000.0,
    120000.0,
    125000.0
  ],
  "eref": 65000.0,
  "n": [
    1e+18,
    2e+18,
    3e+18,
    5e+18,
    6e+18,
    7e+18,
    8e+18,
    9e+18,
    1e+19,
    2e+19,
    3e+19,
    5e+19,
    6e+19,
    7e+19,
    8e+19,
    9e+19,
    1e+20,
    2e+20,
    3e+20,
    5e+20,
    6e+20,
    7e+20,
    8e+20,
    9e+20,
    1e+21
  ],
  "nref": 6e+19,
  "sen": [
    [
      4.4539999999999996e-11,
      8.784999999999999e-11,
      1.3039999999999998e-10,
      2.1389999999999998e-10,
      2.549e-10,
      2.955e-10,
      3.3569999999999994e-10,
      3.7560000000000003e-10,
      4.151e-10,
      7.946e-10,
      1.15e-09,
      1.801e-09,
      2.0999999999999998e-09,
      2.3839999999999996e-09,
      2.653e-09,
      2.9099999999999997e-09,
      3.154e-09,
      5.08e-09,
      6.387e-09,
      8.046e-09,
      8.606000000000001e-09,
      9.056e-09,
      9.426e-09,
      9.735e-09,
      9.998e-09
    ],
    [
      4.551e-11,
      8.954e-11,
      1.3259999999999999e-10,
      2.165e-10,
      2.574e-10,
      2.9779999999999994e-10,
      3.3770000000000003e-10,
      3.77e-10,
      4.1590000000000003e-10,
      7.814e-10,
      1.1119999999999999e-09,
      1.6889999999999999e-09,
      1.943e-09,
      2.177e-09,
      2.3949999999999997e-09,
      2.5959999999999997e-09,
      2.784e-09,
      4.139e-09,
      4.943e-09,
      5.857e-09,
      6.140999999999999e-09,
      6.361e-09,
      6.537e-09,
      6.681e-09,
      6.800999999999999e-09
    ],
    [
      4.6619999999999996e-11,
      9.166999999999999e-11,
      1.3569999999999998e-10,
      2.212e-10,
      2.6279999999999996e-10,
      3.037e-10,
      3.441e-10,
      3.838e-10,
      4.23e-10,
      7.88e-10,
      1.1119999999999999e-09,
      1.6659999999999998e-09,
      1.906e-09,
      2.124e-09,
      2.324e-09,
      2.5079999999999996e-09,
      2.6779999999999996e-09,
      3.86e-09,
      4.5289999999999996e-09,
      5.26e-09,
      5.482e-09,
      5.652e-09,
      5.786999999999999e-09,
      5.896e-09,
      5.987e-09
    ],
    [
      4.8789999999999994e-11,
      9.598e-11,
      1.421e-10,
      2.3159999999999998e-10,
      2.753e-10,
      3.1819999999999995e-10,
      3.6049999999999994e-10,
      4.021e-10,
      4.432e-10,
      8.256e-10,
      1.165e-09,
      1.7459999999999998e-09,
      1.997e-09,
      2.225e-09,
      2.435e-09,
      2.628e-09,
      2.8059999999999996e-09,
      4.046e-09,
      4.748999999999999e-09,
      5.517e-09,
      5.749999999999999e-09,
      5.929e-09,
      6.070999999999999e-09,
      6.185999999999999e-09,
      6.281e-09
    ],
    [
      5.22e-11,
      1.0269999999999999e-10,
      1.521e-10,
      2.48e-10,
      2.948e-10,
      3.409e-10,
      3.8619999999999997e-10,
      4.309e-10,
      4.75e-10,
      8.865e-10,
      1.2539999999999998e-09,
      1.884e-09,
      2.157e-09,
      2.408e-09,
      2.638e-09,
      2.85e-09,
      3.046e-09,
      4.424e-09,
      5.2139999999999996e-09,
      6.0849999999999996e-09,
      6.35e-09,
      6.555e-09,
      6.717e-09,
      6.849e-09,
      6.957999999999999e-09
    ],
    [
      5.697e-11,
      1.1209999999999999e-10,
      1.66e-10,
      2.709e-10,
      3.22e-10,
      3.724e-10,
      4.22e-10,
      4.71e-10,
      5.193e-10,
      9.712e-10,
      1.376e-09,
      2.076e-09,
      2.381e-09,
      2.6610000000000002e-09,
      2.919e-09,
      3.158e-09,
      3.379e-09,
      4.9469999999999996e-09,
      5.858e-09,
      6.873e-09,
      7.185e-09,
      7.4249999999999995e-09,
      7.617e-09,
      7.772e-09,
      7.901999999999999e-09
    ],
    [
      6.273e-11,
      1.235e-10,
      1.8289999999999998e-10,
      2.985e-10,
      3.549e-10,
      4.104e-10,
      4.6519999999999995e-10,
      5.192e-10,
      5.724999999999999e-10,
      1.072e-09,
      1.522e-09,
      2.3019999999999997e-09,
      2.6429999999999997e-09,
      2.957e-09,
      3.2469999999999996e-09,
      3.516e-09,
      3.766e-09,
      5.5479999999999995e-09,
      6.593e-09,
      7.767e-09,
      8.129000000000001e-09,
      8.409e-09,
      8.632e-09,
      8.815e-09,
      8.965999999999999e-09
    ],
    [
      6.909e-11,
      1.36e-10,
      2.0149999999999998e-10,
      3.288e-10,
      3.909e-10,
      4.5219999999999995e-10,
      5.125e-10,
      5.720999999999999e-10,
      6.309e-10,
      1.183e-09,
      1.68e-09,
      2.545e-09,
      2.924e-09,
      3.2739999999999997e-09,
      3.5979999999999998e-09,
      3.8979999999999996e-09,
      4.178e-09,
      6.18e-09,
      7.361999999999999e-09,
      8.696e-09,
      9.109e-09,
      9.429e-09,
      9.684999999999999e-09,
      9.893e-09,
      1.007e-08
    ],
    [
      7.621e-11,
      1.4999999999999997e-10,
      2.222e-10,
      3.6269999999999995e-10,
      4.312e-10,
      4.988e-10,
      5.653999999999999e-10,
      6.310999999999999e-10,
      6.96e-10,
      1.305e-09,
      1.8550000000000001e-09,
      2.8129999999999997e-09,
      3.2339999999999998e-09,
      3.6219999999999997e-09,
      3.9820000000000005e-09,
      4.316e-09,
      4.627e-09,
      6.862e-09,
      8.188e-09,
      9.689e-09,
      1.0149999999999998e-08,
      1.052e-08,
      1.08e-08,
      1.1039999999999998e-08,
      1.124e-08
    ],
    [
      8.383999999999999e-11,
      1.651e-10,
      2.445e-10,
      3.9899999999999997e-10,
      4.743999999999999e-10,
      5.486999999999999e-10,
      6.22e-10,
      6.943e-10,
      7.657e-10,
      1.436e-09,
      2.041e-09,
      3.097e-09,
      3.5609999999999996e-09,
      3.99e-09,
      4.387e-09,
      4.756e-09,
      5.099e-09,
      7.572e-09,
      9.039999999999999e-09,
      1.071e-08,
      1.122e-08,
      1.1619999999999999e-08,
      1.195e-08,
      1.221e-08,
      1.243e-08
    ],
    [
      9.15e-11,
      1.8019999999999998e-10,
      2.669e-10,
      4.356e-10,
      5.178999999999999e-10,
      5.99e-10,
      6.79e-10,
      7.579e-10,
      8.358e-10,
      1.568e-09,
      2.2279999999999998e-09,
      3.38e-09,
      3.8869999999999995e-09,
      4.355e-09,
      4.788e-09,
      5.19e-09,
      5.565e-09,
      8.262e-09,
      9.864e-09,
      1.168e-08,
      1.2239999999999999e-08,
      1.268e-08,
      1.303e-08,
      1.332e-08,
      1.3549999999999999e-08
    ],
    [
      9.869999999999999e-11,
      1.944e-10,
      2.879e-10,
      4.699e-10,
      5.586999999999999e-10,
      6.461e-10,
      7.324e-10,
      8.174999999999999e-10,
      9.014999999999999e-10,
      1.6909999999999998e-09,
      2.4019999999999998e-09,
      3.643e-09,
      4.188e-09,
      4.692e-09,
      5.158e-09,
      5.590999999999999e-09,
      5.994e-09,
      8.89e-09,
      1.0609999999999999e-08,
      1.255e-08,
      1.316e-08,
      1.3629999999999999e-08,
      1.4e-08,
      1.4309999999999999e-08,
      1.456e-08
    ],
    [
      1.0509999999999999e-10,
      2.0699999999999998e-10,
      3.067e-10,
      5.003999999999999e-10,
      5.95e-10,
      6.880999999999999e-10,
      7.799e-10,
      8.704999999999999e-10,
      9.599e-10,
      1.7989999999999999e-09,
      2.556e-09,
      3.875e-09,
      4.454e-09,
      4.988e-09,
      5.482e-09,
      5.941e-09,
      6.368e-09,
      9.436e-09,
      1.125e-08,
      1.3299999999999998e-08,
      1.394e-08,
      1.4439999999999999e-08,
      1.483e-08,
      1.515e-08,
      1.542e-08
    ],
    [
      1.1099999999999999e-10,
      2.187e-10,
      3.239e-10,
      5.285e-10,
      6.283e-10,
      7.266e-10,
      8.235999999999999e-10,
      9.192e-10,
      1.0139999999999998e-09,
      1.899e-09,
      2.697e-09,
      4.086e-09,
