{
  "e": [
    5000.0,
    10000.0,
    15000.0,
    20000.0,
    25000.0,
    30000.0,
    35000.0,
    40000.0,
    45000.0,
    50000.0,
    55000.0,
    60000.0,
    65000.0,
    70000.0,
    75000.0,
    80000.0,
    85000.0,
    90000.0,
    95000.0,
    100000.0,
    105000.0,
    110000.0,
    115000.0,
    120000.0,
    125000.0
  ],
  "eref": 65000.0,
  "n": [
    1e+18,
    2e+18,
    3e+18,
    5e+18,
    6e+18,
    7e+18,
    8e+18,
    9e+18,
    1e+19,
    2e+19,
    3e+19,
    5e+19,
    6e+19,
    7e+19,
    8e+19,
    9e+19,
    1e+20,
    2e+20,
    3e+20,
    5e+20,
    6e+20,
    7e+20,
    8e+20,
    9e+20,
    1e+21
  ],
  "nref": 6e+19,
  "sen": [
    [
      2.9249999999999996e-11,
      4.277e-11,
      5.118e-11,
      6.18e-11,
      6.554e-11,
      6.868e-11,
      7.137e-11,
      7.373e-11,
      7.582e-11,
      8.915e-11,
      9.663e-11,
      1.06e-10,
      1.093e-10,
      1.123e-10,
      1.149e-10,
      1.172e-10,
      1.194e-10,
      1.3459999999999998e-10,
      1.442e-10,
      1.5599999999999998e-10,
      1.6000000000000002e-10,
      1.632e-10,
      1.6579999999999999e-10,
      1.68e-10,
      1.698e-10
    ],
    [
      3.083e-11,
      4.588e-11,
      5.5569999999999995e-11,
      6.821999999999999e-11,
      7.279e-11,
      7.666e-11,
      8.002e-11,
      8.297e-11,
      8.561e-11,
      1.0269999999999999e-10,
      1.124e-10,
      1.2449999999999998e-10,
      1.289e-10,
      1.3259999999999999e-10,
      1.359e-10,
      1.388e-10,
      1.415e-10,
      1.5909999999999997e-10,
      1.691e-10,
      1.803e-10,
      1.8389999999999998e-10,
      1.866e-10,
      1.888e-10,
      1.906e-10,
      1.921e-10
    ],
    [
      3.206e-11,
      4.805e-11,
      5.857999999999999e-11,
      7.272e-11,
      7.797e-11,
      8.248e-11,
      8.642999999999999e-11,
      8.993999999999999e-11,
      9.31e-11,
      1.1419999999999999e-10,
      1.2659999999999998e-10,
      1.423e-10,
      1.4809999999999998e-10,
      1.53e-10,
      1.5719999999999998e-10,
      1.61e-10,
      1.6449999999999997e-10,
      1.8699999999999997e-10,
      1.9949999999999998e-10,
      2.133e-10,
      2.175e-10,
      2.207e-10,
      2.233e-10,
      2.254e-10,
      2.2719999999999998e-10
    ],
    [
      3.455e-11,
      5.198e-11,
      6.368e-11,
      7.978e-11,
      8.587e-11,
      9.116e-11,
      9.583e-11,
      1e-10,
      1.0379999999999999e-10,
      1.296e-10,
      1.451e-10,
      1.653e-10,
      1.7269999999999998e-10,
      1.7899999999999998e-10,
      1.846e-10,
      1.896e-10,
      1.9409999999999998e-10,
      2.2399999999999998e-10,
      2.406e-10,
      2.59e-10,
      2.647e-10,
      2.691e-10,
      2.725e-10,
      2.754e-10,
      2.7779999999999996e-10
    ],
    [
      3.807e-11,
      5.7689999999999997e-11,
      7.116e-11,
      9.013e-11,
      9.744e-11,
      1.0379999999999999e-10,
      1.095e-10,
      1.1459999999999998e-10,
      1.193e-10,
      1.514e-10,
      1.71e-10,
      1.968e-10,
      2.064e-10,
      2.1469999999999997e-10,
      2.2199999999999998e-10,
      2.2849999999999999e-10,
      2.344e-10,
      2.742e-10,
      2.966e-10,
      3.217e-10,
      3.2939999999999997e-10,
      3.3550000000000003e-10,
      3.4029999999999995e-10,
      3.442e-10,
      3.475e-10
    ],
    [
      4.201e-11,
      6.431999999999999e-11,
      7.999e-11,
      1.026e-10,
      1.114e-10,
      1.1909999999999998e-10,
      1.261e-10,
      1.3229999999999997e-10,
      1.38e-10,
      1.778e-10,
      2.0230000000000001e-10,
      2.3479999999999995e-10,
      2.47e-10,
      2.575e-10,
      2.669e-10,
      2.753e-10,
      2.829e-10,
      3.345e-10,
      3.64e-10,
      3.971e-10,
      4.0739999999999996e-10,
      4.154e-10,
      4.219e-10,
      4.2709999999999995e-10,
      4.315e-10
    ],
    [
      4.618e-11,
      7.142e-11,
      8.951999999999999e-11,
      1.16e-10,
      1.265e-10,
      1.3579999999999999e-10,
      1.44e-10,
      1.516e-10,
      1.584e-10,
      2.064e-10,
      2.363e-10,
      2.762e-10,
      2.912e-10,
      3.043e-10,
      3.1589999999999996e-10,
      3.263e-10,
      3.3589999999999995e-10,
      4.0069999999999997e-10,
      4.38e-10,
      4.802e-10,
      4.934e-10,
      5.037e-10,
      5.119e-10,
      5.186e-10,
      5.241999999999999e-10
    ],
    [
      5.02e-11,
      7.833e-11,
      9.882e-11,
      1.2919999999999998e-10,
      1.413e-10,
      1.52e-10,
      1.617e-10,
      1.7039999999999998e-10,
      1.784e-10,
      2.3470000000000003e-10,
      2.701e-10,
      3.177e-10,
      3.3569999999999994e-10,
      3.5139999999999994e-10,
      3.654e-10,
      3.7809999999999997e-10,
      3.896e-10,
      4.686e-10,
      5.144e-10,
      5.663e-10,
      5.825999999999999e-10,
      5.953e-10,
      6.053999999999999e-10,
      6.137e-10,
      6.206e-10
    ],
    [
      5.389e-11,
      8.474e-11,
      1.0749999999999999e-10,
      1.4159999999999998e-10,
      1.553e-10,
      1.6739999999999999e-10,
      1.784e-10,
      1.8829999999999999e-10,
      1.9739999999999999e-10,
      2.619e-10,
      3.0269999999999995e-10,
      3.5799999999999995e-10,
      3.7909999999999996e-10,
      3.9749999999999997e-10,
      4.1399999999999997e-10,
      4.289e-10,
      4.425e-10,
      5.360999999999999e-10,
      5.905e-10,
      6.524e-10,
      6.719e-10,
      6.87e-10,
      6.991e-10,
      7.089999999999999e-10,
      7.173e-10
    ],
    [
      5.7309999999999994e-11,
      9.07e-11,
      1.156e-10,
      1.532e-10,
      1.6839999999999998e-10,
      1.8189999999999999e-10,
      1.9409999999999998e-10,
      2.052e-10,
      2.154e-10,
      2.8759999999999997e-10,
      3.3369999999999994e-10,
      3.967e-10,
      4.208e-10,
      4.4199999999999997e-10,
      4.609e-10,
      4.78e-10,
      4.937e-10,
      6.017999999999999e-10,
      6.648e-10,
      7.366e-10,
      7.590999999999999e-10,
      7.766e-10,
      7.906e-10,
      8.022e-10,
      8.117999999999999e-10
    ],
    [
      6.053999999999999e-11,
      9.632999999999999e-11,
      1.2329999999999998e-10,
      1.643e-10,
      1.809e-10,
      1.957e-10,
      2.09e-10,
      2.212e-10,
      2.324e-10,
      3.123e-10,
      3.637e-10,
      4.3419999999999996e-10,
      4.614e-10,
      4.851999999999999e-10,
      5.065999999999999e-10,
      5.259e-10,
      5.436e-10,
      6.66e-10,
      7.374e-10,
      8.187e-10,
      8.440999999999999e-10,
      8.639999999999999e-10,
      8.798999999999999e-10,
      8.928999999999999e-10,
      9.037999999999999e-10
    ],
    [
      6.359e-11,
      1.017e-10,
      1.306e-10,
      1.7489999999999999e-10,
      1.929e-10,
      2.09e-10,
      2.235e-10,
      2.368e-10,
      2.4899999999999997e-10,
      3.366e-10,
      3.932e-10,
      4.714e-10,
      5.016e-10,
      5.281e-10,
      5.519e-10,
      5.734999999999999e-10,
      5.932e-10,
      7.299e-10,
      8.094999999999999e-10,
      9.001e-10,
      9.284999999999999e-10,
      9.506e-10,
      9.682999999999999e-10,
      9.828e-10,
      9.949e-10
    ],
    [
      6.645e-11,
      1.0679999999999998e-10,
      1.376e-10,
      1.852e-10,
      2.046e-10,
      2.2189999999999998e-10,
      2.376e-10,
      2.52e-10,
      2.653e-10,
      3.6049999999999994e-10,
      4.224e-10,
      5.083e-10,
      5.414999999999999e-10,
      5.707999999999999e-10,
      5.97e-10,
      6.208e-10,
      6.425999999999999e-10,
      7.935e-10,
      8.812999999999999e-10,
      9.811999999999999e-10,
      1.012e-09,
      1.0369999999999998e-09,
      1.056e-09,
      1.072e-09,
      1.085e-09
    ],
    [
      6.914e-11,
      1.116e-10,
      1.4440000000000001e-10,
      1.95e-10,
      2.1579999999999997e-10,
      2.344e-10,
      2.5129999999999995e-10,
      2.6669999999999997e-10,
      2.81e-10,
      3.838e-10,
      4.51e-10,
      5.444999999999999e-10,
      5.808e-10,
      6.128e-10,
