{
  "e": [
    5000.0,
    10000.0,
    15000.0,
    20000.0,
    25000.0,
    30000.0,
    35000.0,
    40000.0,
    45000.0,
    50000.0,
    55000.0,
    60000.0,
    65000.0,
    70000.0,
    75000.0,
    80000.0,
    85000.0,
    90000.0,
    95000.0,
    100000.0,
    105000.0,
    110000.0,
    115000.0,
    120000.0,
    125000.0
  ],
  "eref": 65000.0,
  "n": [
    1e+18,
    2e+18,
    3e+18,
    5e+18,
    6e+18,
    7e+18,
    8e+18,
    9e+18,
    1e+19,
    2e+19,
    3e+19,
    5e+19,
    6e+19,
    7e+19,
    8e+19,
    9e+19,
    1e+20,
    2e+20,
    3e+20,
    5e+20,
    6e+20,
    7e+20,
    8e+20,
    9e+20,
    1e+21
  ],
  "nref": 6e+19,
  "sen": [
    [
      3.278e-11,
      5.7639999999999994e-11,
      7.768e-11,
      1.083e-10,
      1.203e-10,
      1.307e-10,
      1.399e-10,
      1.4799999999999998e-10,
      1.553e-10,
      2.0159999999999998e-10,
      2.266e-10,
      2.5659999999999997e-10,
      2.671e-10,
      2.7609999999999996e-10,
      2.84e-10,
      2.9100000000000003e-10,
      2.9740000000000003e-10,
      3.411e-10,
      3.6709999999999995e-10,
      3.978e-10,
      4.0769999999999995e-10,
      4.155e-10,
      4.219e-10,
      4.2709999999999995e-10,
      4.315e-10
    ],
    [
      3.2599999999999996e-11,
      5.5980000000000003e-11,
      7.404999999999999e-11,
      1.004e-10,
      1.104e-10,
      1.189e-10,
      1.263e-10,
      1.327e-10,
      1.384e-10,
      1.7359999999999997e-10,
      1.919e-10,
      2.1289999999999998e-10,
      2.2e-10,
      2.259e-10,
      2.309e-10,
      2.3519999999999997e-10,
      2.39e-10,
      2.622e-10,
      2.7359999999999997e-10,
      2.851e-10,
      2.885e-10,
      2.9100000000000003e-10,
      2.93e-10,
      2.946e-10,
      2.959e-10
    ],
    [
      3.428e-11,
      5.97e-11,
      7.981e-11,
      1.0989999999999999e-10,
      1.215e-10,
      1.316e-10,
      1.403e-10,
      1.4799999999999998e-10,
      1.549e-10,
      1.98e-10,
      2.206e-10,
      2.461e-10,
      2.545e-10,
      2.613e-10,
      2.6699999999999996e-10,
      2.7189999999999996e-10,
      2.7609999999999996e-10,
      3.0019999999999996e-10,
      3.1119999999999997e-10,
      3.217e-10,
      3.247e-10,
      3.2679999999999995e-10,
      3.285e-10,
      3.2989999999999997e-10,
      3.31e-10
    ],
    [
      3.603e-11,
      6.349e-11,
      8.565e-11,
      1.1959999999999998e-10,
      1.329e-10,
      1.445e-10,
      1.548e-10,
      1.638e-10,
      1.72e-10,
      2.2399999999999998e-10,
      2.518e-10,
      2.8339999999999997e-10,
      2.939e-10,
      3.023e-10,
      3.0929999999999996e-10,
      3.153e-10,
      3.2039999999999995e-10,
      3.4959999999999996e-10,
      3.6269999999999995e-10,
      3.751e-10,
      3.785e-10,
      3.81e-10,
      3.8299999999999997e-10,
      3.846e-10,
      3.858e-10
    ],
    [
      3.765e-11,
      6.676999999999999e-11,
      9.053e-11,
      1.273e-10,
      1.42e-10,
      1.548e-10,
      1.661e-10,
      1.762e-10,
      1.853e-10,
      2.4409999999999996e-10,
      2.762e-10,
      3.1339999999999997e-10,
      3.258e-10,
      3.3589999999999995e-10,
      3.444e-10,
      3.5159999999999995e-10,
      3.578e-10,
      3.936e-10,
      4.0989999999999995e-10,
      4.2539999999999995e-10,
      4.2979999999999995e-10,
      4.33e-10,
      4.355e-10,
      4.375e-10,
      4.3909999999999996e-10
    ],
    [
      3.989e-11,
      7.098999999999999e-11,
      9.648e-11,
      1.362e-10,
      1.52e-10,
      1.659e-10,
      1.782e-10,
      1.8929999999999998e-10,
      1.9919999999999997e-10,
      2.641e-10,
      2.9999999999999995e-10,
      3.423e-10,
      3.5649999999999996e-10,
      3.682e-10,
      3.7809999999999997e-10,
      3.865e-10,
      3.9389999999999995e-10,
      4.368e-10,
      4.5679999999999996e-10,
      4.76e-10,
      4.814e-10,
      4.854999999999999e-10,
      4.885999999999999e-10,
      4.910999999999999e-10,
      4.931e-10
    ],
    [
      4.3350000000000004e-11,
      7.738e-11,
      1.0539999999999999e-10,
      1.4909999999999998e-10,
      1.666e-10,
      1.82e-10,
      1.957e-10,
      2.079e-10,
      2.189e-10,
      2.9139999999999994e-10,
      3.3189999999999996e-10,
      3.801e-10,
      3.965e-10,
      4.1009999999999996e-10,
      4.2159999999999997e-10,
      4.315e-10,
      4.401e-10,
      4.912e-10,
      5.153e-10,
      5.39e-10,
      5.457e-10,
      5.507e-10,
      5.545e-10,
      5.576e-10,
      5.601999999999999e-10
    ],
    [
      4.812e-11,
      8.613e-11,
      1.1749999999999998e-10,
      1.666e-10,
      1.863e-10,
      2.0369999999999998e-10,
      2.191e-10,
      2.329e-10,
      2.454e-10,
      3.2769999999999996e-10,
      3.7399999999999995e-10,
      4.2949999999999996e-10,
      4.486e-10,
      4.6439999999999997e-10,
      4.777999999999999e-10,
      4.895e-10,
      4.996e-10,
      5.605999999999999e-10,
      5.898e-10,
      6.188e-10,
      6.269999999999999e-10,
      6.331999999999999e-10,
      6.38e-10,
      6.419e-10,
      6.449999999999999e-10
    ],
    [
      5.3459999999999996e-11,
      9.587e-11,
      1.309e-10,
      1.8589999999999997e-10,
      2.0809999999999998e-10,
      2.275e-10,
      2.449e-10,
      2.604e-10,
      2.745e-10,
      3.6729999999999996e-10,
      4.198e-10,
      4.830999999999999e-10,
      5.05e-10,
      5.232999999999999e-10,
      5.387999999999999e-10,
      5.523e-10,
      5.642000000000001e-10,
      6.358999999999999e-10,
      6.708e-10,
      7.057e-10,
      7.156999999999999e-10,
      7.231999999999999e-10,
      7.291e-10,
      7.337999999999999e-10,
      7.376999999999999e-10
    ],
    [
      5.923e-11,
      1.0639999999999999e-10,
      1.453e-10,
      2.066e-10,
      2.313e-10,
      2.53e-10,
      2.723e-10,
      2.8959999999999996e-10,
      3.0529999999999997e-10,
      4.091e-10,
      4.681e-10,
      5.396e-10,
      5.645e-10,
      5.852999999999999e-10,
      6.030999999999999e-10,
      6.185e-10,
      6.321999999999999e-10,
      7.152e-10,
      7.561e-10,
      7.971999999999999e-10,
      8.090999999999999e-10,
      8.18e-10,
      8.249999999999999e-10,
      8.306e-10,
      8.352e-10
    ],
    [
      6.525e-11,
      1.173e-10,
      1.6039999999999998e-10,
      2.2819999999999997e-10,
      2.5549999999999994e-10,
      2.796e-10,
      3.0109999999999997e-10,
      3.2029999999999997e-10,
      3.3770000000000003e-10,
      4.532e-10,
      5.191e-10,
      5.994999999999999e-10,
      6.276e-10,
      6.511000000000001e-10,
      6.712999999999999e-10,
      6.889e-10,
      7.044e-10,
      7.995e-10,
      8.467e-10,
      8.943999999999999e-10,
      9.081999999999999e-10,
      9.185999999999999e-10,
      9.267999999999999e-10,
      9.332999999999999e-10,
      9.386999999999999e-10
    ],
    [
      7.129999999999999e-11,
      1.284e-10,
      1.7569999999999997e-10,
      2.504e-10,
      2.8049999999999996e-10,
      3.0709999999999995e-10,
      3.307e-10,
      3.5199999999999997e-10,
      3.713e-10,
      4.995e-10,
      5.731e-10,
      6.633999999999999e-10,
      6.951e-10,
      7.216e-10,
      7.443999999999999e-10,
      7.644e-10,
      7.82e-10,
      8.905e-10,
      9.445e-10,
      9.993999999999999e-10,
      1.0150000000000001e-09,
      1.0269999999999999e-09,
      1.0369999999999998e-09,
      1.044e-09,
      1.051e-09
    ],
    [
      7.697e-11,
      1.388e-10,
      1.9019999999999997e-10,
      2.713e-10,
      3.042e-10,
      3.332e-10,
      3.591e-10,
      3.823e-10,
      4.0339999999999997e-10,
      5.444e-10,
      6.256999999999999e-10,
      7.261999999999999e-10,
      7.617e-10,
      7.915e-10,
      8.170999999999999e-10,
      8.394999999999999e-10,
      8.593e-10,
      9.82e-10,
      1.043e-09,
      1.106e-09,
      1.124e-09,
      1.1379999999999998e-09,
      1.148e-09,
      1.157e-09,
      1.1640000000000001e-09
    ],
    [
