{
  "e": [
    5000.0,
    10000.0,
    15000.0,
    20000.0,
    25000.0,
    30000.0,
    35000.0,
    40000.0,
    45000.0,
    50000.0,
    55000.0,
    60000.0,
    65000.0,
    70000.0,
    75000.0,
    80000.0,
    85000.0,
    90000.0,
    95000.0,
    100000.0,
    105000.0,
    110000.0,
    115000.0,
    120000.0,
    125000.0
  ],
  "eref": 65000.0,
  "n": [
    1e+18,
    2e+18,
    3e+18,
    5e+18,
    6e+18,
    7e+18,
    8e+18,
    9e+18,
    1e+19,
    2e+19,
    3e+19,
    5e+19,
    6e+19,
    7e+19,
    8e+19,
    9e+19,
    1e+20,
    2e+20,
    3e+20,
    5e+20,
    6e+20,
    7e+20,
    8e+20,
    9e+20,
    1e+21
  ],
  "nref": 6e+19,
  "sen": [
    [
      3.332e-11,
      5.899999999999999e-11,
      7.998e-11,
      1.1249999999999999e-10,
      1.254e-10,
      1.3669999999999998e-10,
      1.4669999999999997e-10,
      1.555e-10,
      1.6349999999999998e-10,
      2.1509999999999999e-10,
      2.433e-10,
      2.772e-10,
      2.892e-10,
      2.994e-10,
      3.084e-10,
      3.1639999999999996e-10,
      3.236e-10,
      3.734e-10,
      4.0319999999999996e-10,
      4.385e-10,
      4.4999999999999995e-10,
      4.591e-10,
      4.665e-10,
      4.726e-10,
      4.777e-10
    ],
    [
      3.3649999999999995e-11,
      5.846e-11,
      7.800999999999998e-11,
      1.072e-10,
      1.184e-10,
      1.281e-10,
      1.365e-10,
      1.439e-10,
      1.505e-10,
      1.919e-10,
      2.1379999999999998e-10,
      2.3919999999999996e-10,
      2.478e-10,
      2.55e-10,
      2.611e-10,
      2.6640000000000003e-10,
      2.7109999999999997e-10,
      2.999e-10,
      3.1439999999999997e-10,
      3.2919999999999996e-10,
      3.3349999999999993e-10,
      3.3679999999999996e-10,
      3.394e-10,
      3.415e-10,
      3.4319999999999996e-10
    ],
    [
      3.5679999999999993e-11,
      6.281e-11,
      8.467e-11,
      1.1799999999999998e-10,
      1.312e-10,
      1.4259999999999998e-10,
      1.526e-10,
      1.6149999999999999e-10,
      1.6949999999999998e-10,
      2.2029999999999998e-10,
      2.4749999999999997e-10,
      2.787e-10,
      2.8909999999999996e-10,
      2.976e-10,
      3.0469999999999994e-10,
      3.108e-10,
      3.1609999999999997e-10,
      3.4689999999999996e-10,
      3.613e-10,
      3.752e-10,
      3.7909999999999996e-10,
      3.821e-10,
      3.843e-10,
      3.861e-10,
      3.876e-10
    ],
    [
      3.8019999999999995e-11,
      6.763e-11,
      9.191e-11,
      1.297e-10,
      1.4479999999999998e-10,
      1.5809999999999998e-10,
      1.698e-10,
      1.803e-10,
      1.898e-10,
      2.5099999999999996e-10,
      2.8449999999999995e-10,
      3.232e-10,
      3.3609999999999996e-10,
      3.466e-10,
      3.553e-10,
      3.6289999999999996e-10,
      3.694e-10,
      4.07e-10,
      4.242e-10,
      4.4079999999999997e-10,
      4.4549999999999996e-10,
      4.4889999999999997e-10,
      4.516e-10,
      4.538e-10,
      4.555e-10
    ],
    [
      4.041e-11,
      7.229e-11,
      9.865999999999999e-11,
      1.4009999999999999e-10,
      1.568e-10,
      1.7159999999999998e-10,
      1.846e-10,
      1.964e-10,
      2.0699999999999998e-10,
      2.766e-10,
      3.153e-10,
      3.606e-10,
      3.7589999999999996e-10,
      3.8839999999999997e-10,
      3.989e-10,
      4.08e-10,
      4.1590000000000003e-10,
      4.618e-10,
      4.831999999999999e-10,
      5.04e-10,
      5.099e-10,
      5.143e-10,
      5.177e-10,
      5.204e-10,
      5.226e-10
    ],
    [
      4.3149999999999994e-11,
      7.74e-11,
      1.0579999999999999e-10,
      1.507e-10,
      1.689e-10,
      1.8489999999999998e-10,
      1.9919999999999997e-10,
      2.12e-10,
      2.2359999999999998e-10,
      3.0039999999999997e-10,
      3.435e-10,
      3.949e-10,
      4.124e-10,
      4.268e-10,
      4.3909999999999996e-10,
      4.496e-10,
      4.589e-10,
      5.136999999999999e-10,
      5.397999999999999e-10,
      5.655e-10,
      5.728e-10,
      5.783e-10,
      5.825e-10,
      5.858999999999999e-10,
      5.887e-10
    ],
    [
      4.682e-11,
      8.419e-11,
      1.1529999999999999e-10,
      1.6449999999999997e-10,
      1.845e-10,
      2.021e-10,
      2.178e-10,
      2.32e-10,
      2.4479999999999997e-10,
      3.2989999999999997e-10,
      3.783e-10,
      4.3669999999999995e-10,
      4.5679999999999996e-10,
      4.735e-10,
      4.877e-10,
      5e-10,
      5.109e-10,
      5.762e-10,
      6.078999999999999e-10,
      6.394999999999999e-10,
      6.486e-10,
      6.553999999999999e-10,
      6.606999999999999e-10,
      6.65e-10,
      6.685e-10
    ],
    [
      5.2469999999999994e-11,
      9.453999999999999e-11,
      1.296e-10,
      1.853e-10,
      2.079e-10,
      2.278e-10,
      2.457e-10,
      2.617e-10,
      2.7629999999999997e-10,
      3.733e-10,
      4.287e-10,
      4.961e-10,
      5.195e-10,
      5.391e-10,
      5.558e-10,
      5.703e-10,
      5.831e-10,
      6.612e-10,
      6.997e-10,
      7.385e-10,
      7.496999999999999e-10,
      7.581999999999999e-10,
      7.648e-10,
      7.701e-10,
      7.745e-10
    ],
    [
      5.893e-11,
      1.0639999999999999e-10,
      1.4589999999999998e-10,
      2.088e-10,
      2.343e-10,
      2.569e-10,
      2.771e-10,
      2.952e-10,
      3.1169999999999997e-10,
      4.219e-10,
      4.850999999999999e-10,
      5.625e-10,
      5.896e-10,
      6.122999999999999e-10,
      6.317e-10,
      6.486999999999999e-10,
      6.637999999999999e-10,
      7.563e-10,
      8.025e-10,
      8.496e-10,
      8.633e-10,
      8.736e-10,
      8.817e-10,
      8.882999999999999e-10,
      8.936e-10
    ],
    [
      6.553e-11,
      1.184e-10,
      1.6249999999999998e-10,
      2.325e-10,
      2.61e-10,
      2.862e-10,
      3.0870000000000003e-10,
      3.289e-10,
      3.473e-10,
      4.705e-10,
      5.414999999999999e-10,
      6.29e-10,
      6.599000000000001e-10,
      6.857999999999999e-10,
      7.081e-10,
      7.275999999999999e-10,
      7.448999999999999e-10,
      8.522e-10,
      9.064e-10,
      9.621e-10,
      9.783e-10,
      9.905999999999999e-10,
      1e-09,
      1.008e-09,
      1.0139999999999998e-09
    ],
    [
      7.245999999999999e-11,
      1.31e-10,
      1.798e-10,
      2.575e-10,
      2.89e-10,
      3.169e-10,
      3.419e-10,
      3.644e-10,
      3.8479999999999995e-10,
      5.215999999999999e-10,
      6.009e-10,
      6.991e-10,
      7.337999999999999e-10,
      7.63e-10,
      7.881999999999999e-10,
      8.103999999999999e-10,
      8.299999999999999e-10,
      9.525e-10,
      1.0150000000000001e-09,
      1.079e-09,
      1.098e-09,
      1.1119999999999999e-09,
      1.123e-09,
      1.132e-09,
      1.14e-09
    ],
    [
      7.933e-11,
      1.435e-10,
      1.9719999999999998e-10,
      2.826e-10,
      3.173e-10,
      3.48e-10,
      3.755e-10,
      4.003e-10,
      4.2289999999999996e-10,
      5.743e-10,
      6.623999999999999e-10,
      7.718999999999999e-10,
      8.109e-10,
      8.436999999999999e-10,
      8.72e-10,
      8.968999999999999e-10,
      9.189999999999999e-10,
      1.0579999999999999e-09,
      1.128e-09,
      1.2009999999999999e-09,
      1.2229999999999998e-09,
      1.239e-09,
      1.252e-09,
      1.262e-09,
      1.2709999999999999e-09
    ],
    [
      8.551999999999999e-11,
      1.549e-10,
      2.13e-10,
      3.055e-10,
      3.4319999999999996e-10,
      3.7659999999999997e-10,
      4.065e-10,
      4.335e-10,
      4.581e-10,
      6.236e-10,
      7.204999999999999e-10,
      8.416e-10,
      8.848999999999999e-10,
      9.213999999999999e-10,
      9.53e-10,
      9.808e-10,
      1.0059999999999998e-09,
      1.1609999999999998e-09,
      1.241e-09,
      1.3229999999999999e-09,
      1.347e-09,
      1.366e-09,
      1.3799999999999998e-09,
      1.392e-09,
      1.4009999999999998e-09
    ],
    [
      9.136000000000001e-11,
      1.6559999999999998e-10,
      2.278e-10,
      3.271e-10,
