{
  "e": [
    5000.0,
    10000.0,
    15000.0,
    20000.0,
    25000.0,
    30000.0,
    35000.0,
    40000.0,
    45000.0,
    50000.0,
    55000.0,
    60000.0,
    65000.0,
    70000.0,
    75000.0,
    80000.0,
    85000.0,
    90000.0,
    95000.0,
    100000.0,
    105000.0,
    110000.0,
    115000.0,
    120000.0,
    125000.0
  ],
  "eref": 65000.0,
  "n": [
    1e+18,
    2e+18,
    3e+18,
    5e+18,
    6e+18,
    7e+18,
    8e+18,
    9e+18,
    1e+19,
    2e+19,
    3e+19,
    5e+19,
    6e+19,
    7e+19,
    8e+19,
    9e+19,
    1e+20,
    2e+20,
    3e+20,
    5e+20,
    6e+20,
    7e+20,
    8e+20,
    9e+20,
    1e+21
  ],
  "nref": 6e+19,
  "sen": [
    [
      1.2249999999999998e-13,
      1.232e-13,
      1.237e-13,
      1.244e-13,
      1.247e-13,
      1.2489999999999998e-13,
      1.252e-13,
      1.254e-13,
      1.2560000000000002e-13,
      1.2709999999999998e-13,
      1.2809999999999998e-13,
      1.297e-13,
      1.304e-13,
      1.31e-13,
      1.316e-13,
      1.321e-13,
      1.326e-13,
      1.3629999999999998e-13,
      1.3869999999999998e-13,
      1.417e-13,
      1.426e-13,
      1.434e-13,
      1.4409999999999999e-13,
      1.446e-13,
      1.45e-13
    ],
    [
      1.246e-13,
      1.254e-13,
      1.26e-13,
      1.269e-13,
      1.273e-13,
      1.276e-13,
      1.279e-13,
      1.282e-13,
      1.2840000000000001e-13,
      1.302e-13,
      1.316e-13,
      1.336e-13,
      1.3440000000000001e-13,
      1.351e-13,
      1.358e-13,
      1.365e-13,
      1.371e-13,
      1.414e-13,
      1.44e-13,
      1.4709999999999997e-13,
      1.481e-13,
      1.4889999999999998e-13,
      1.495e-13,
      1.5e-13,
      1.505e-13
    ],
    [
      1.2289999999999999e-13,
      1.2389999999999998e-13,
      1.246e-13,
      1.2560000000000002e-13,
      1.261e-13,
      1.264e-13,
      1.268e-13,
      1.2709999999999998e-13,
      1.274e-13,
      1.296e-13,
      1.312e-13,
      1.336e-13,
      1.3449999999999998e-13,
      1.354e-13,
      1.362e-13,
      1.37e-13,
      1.3769999999999998e-13,
      1.426e-13,
      1.4549999999999999e-13,
      1.488e-13,
      1.499e-13,
      1.5069999999999998e-13,
      1.513e-13,
      1.518e-13,
      1.523e-13
    ],
    [
      1.198e-13,
      1.2100000000000001e-13,
      1.218e-13,
      1.23e-13,
      1.2349999999999998e-13,
      1.2389999999999998e-13,
      1.2429999999999999e-13,
      1.247e-13,
      1.25e-13,
      1.276e-13,
      1.294e-13,
      1.321e-13,
      1.333e-13,
      1.343e-13,
      1.352e-13,
      1.361e-13,
      1.3689999999999998e-13,
      1.424e-13,
      1.456e-13,
      1.492e-13,
      1.5029999999999998e-13,
      1.512e-13,
      1.519e-13,
      1.5239999999999999e-13,
      1.5289999999999998e-13
    ],
    [
      1.161e-13,
      1.173e-13,
      1.182e-13,
      1.1960000000000002e-13,
      1.201e-13,
      1.206e-13,
      1.2109999999999998e-13,
      1.2149999999999999e-13,
      1.219e-13,
      1.247e-13,
      1.2669999999999998e-13,
      1.2989999999999998e-13,
      1.311e-13,
      1.3229999999999998e-13,
      1.333e-13,
      1.343e-13,
      1.351e-13,
      1.413e-13,
      1.448e-13,
      1.488e-13,
      1.5e-13,
      1.509e-13,
      1.5169999999999997e-13,
      1.523e-13,
      1.528e-13
    ],
    [
      1.1199999999999999e-13,
      1.1339999999999999e-13,
      1.144e-13,
      1.159e-13,
      1.164e-13,
      1.17e-13,
      1.175e-13,
      1.179e-13,
      1.1829999999999999e-13,
      1.214e-13,
      1.237e-13,
      1.2709999999999998e-13,
      1.2849999999999998e-13,
      1.298e-13,
      1.3089999999999998e-13,
      1.32e-13,
      1.329e-13,
      1.3969999999999998e-13,
      1.435e-13,
      1.4789999999999998e-13,
      1.492e-13,
      1.502e-13,
      1.51e-13,
      1.5169999999999997e-13,
      1.523e-13
    ],
    [
      1.0789999999999999e-13,
      1.0939999999999999e-13,
      1.1039999999999999e-13,
      1.119e-13,
      1.126e-13,
      1.1309999999999999e-13,
      1.137e-13,
      1.141e-13,
      1.1459999999999999e-13,
      1.179e-13,
      1.204e-13,
      1.241e-13,
      1.2560000000000002e-13,
      1.269e-13,
      1.282e-13,
      1.293e-13,
      1.304e-13,
      1.3769999999999998e-13,
      1.4189999999999998e-13,
      1.466e-13,
      1.48e-13,
      1.492e-13,
      1.5009999999999999e-13,
      1.508e-13,
      1.514e-13
    ],
    [
      1.038e-13,
      1.0529999999999999e-13,
      1.063e-13,
      1.08e-13,
      1.086e-13,
      1.0919999999999999e-13,
      1.098e-13,
      1.103e-13,
      1.107e-13,
      1.143e-13,
      1.1689999999999999e-13,
      1.208e-13,
      1.2240000000000001e-13,
      1.2389999999999998e-13,
      1.252e-13,
      1.264e-13,
      1.2749999999999999e-13,
      1.353e-13,
      1.399e-13,
      1.45e-13,
      1.4649999999999998e-13,
      1.478e-13,
      1.4869999999999999e-13,
      1.495e-13,
      1.502e-13
    ],
    [
      9.981e-14,
      1.0139999999999999e-13,
      1.0249999999999999e-13,
      1.042e-13,
      1.0479999999999999e-13,
      1.0549999999999999e-13,
      1.0599999999999999e-13,
      1.0649999999999999e-13,
      1.07e-13,
      1.1079999999999999e-13,
      1.1339999999999999e-13,
      1.176e-13,
      1.1929999999999998e-13,
      1.208e-13,
      1.222e-13,
      1.2349999999999998e-13,
      1.246e-13,
      1.329e-13,
      1.3769999999999998e-13,
      1.432e-13,
      1.449e-13,
      1.462e-13,
      1.472e-13,
      1.481e-13,
      1.488e-13
    ],
    [
      9.607e-14,
      9.766e-14,
      9.879e-14,
      1.005e-13,
      1.012e-13,
      1.0179999999999999e-13,
      1.024e-13,
      1.0299999999999999e-13,
      1.0349999999999999e-13,
      1.073e-13,
      1.1009999999999999e-13,
      1.144e-13,
      1.161e-13,
      1.177e-13,
      1.1919999999999999e-13,
      1.205e-13,
      1.217e-13,
      1.304e-13,
      1.3549999999999998e-13,
      1.412e-13,
      1.43e-13,
      1.444e-13,
      1.4549999999999999e-13,
      1.4639999999999999e-13,
      1.472e-13
    ],
    [
      9.272e-14,
      9.432e-14,
      9.548e-14,
      9.722e-14,
      9.793e-14,
      9.858e-14,
      9.917e-14,
      9.971999999999999e-14,
      1.0019999999999999e-13,
      1.042e-13,
      1.07e-13,
      1.114e-13,
      1.1319999999999999e-13,
      1.149e-13,
      1.164e-13,
      1.177e-13,
      1.19e-13,
      1.28e-13,
      1.333e-13,
      1.393e-13,
      1.412e-13,
      1.426e-13,
      1.438e-13,
      1.448e-13,
      1.456e-13
    ],
    [
      8.965999999999999e-14,
      9.127999999999999e-14,
      9.244e-14,
      9.419999999999999e-14,
      9.492e-14,
      9.558e-14,
      9.618e-14,
      9.673000000000001e-14,
      9.725e-14,
      1.013e-13,
      1.042e-13,
      1.087e-13,
      1.105e-13,
      1.1219999999999999e-13,
      1.137e-13,
      1.151e-13,
      1.164e-13,
      1.2560000000000002e-13,
      1.311e-13,
      1.374e-13,
      1.393e-13,
      1.4089999999999999e-13,
      1.421e-13,
      1.431e-13,
      1.439e-13
    ],
    [
      8.704e-14,
      8.866999999999999e-14,
      8.984e-14,
      9.160999999999999e-14,
      9.232999999999998e-14,
      9.298999999999999e-14,
      9.36e-14,
      9.416e-14,
      9.468999999999999e-14,
      9.875e-14,
      1.017e-13,
      1.063e-13,
      1.0809999999999999e-13,
      1.098e-13,
      1.114e-13,
      1.128e-13,
      1.141e-13,
      1.236e-13,
      1.292e-13,
      1.357e-13,
      1.3769999999999998e-13,
      1.393e-13,
      1.4049999999999998e-13,
      1.416e-13,
      1.425e-13
    ],
    [
      8.473e-14,
      8.636e-14,
      8.753e-14,
      8.930999999999999e-14,
      9.004e-14,
      9.07e-14,
      9.130999999999999e-14,
      9.186999999999999e-14,
      9.239999999999999e-14,
      9.649999999999999e-14,
      9.949999999999999e-14,
      1.0409999999999999e-13,
      1.0599999999999999e-13,
      1.077e-13,
      1.093e-13,
      1.107e-13,
      1.121e-13,
