{
  "e": [
    5000.0,
    10000.0,
    15000.0,
    20000.0,
    25000.0,
    30000.0,
    35000.0,
    40000.0,
    45000.0,
    50000.0,
    55000.0,
    60000.0,
    65000.0,
    70000.0,
    75000.0,
    80000.0,
    85000.0,
    90000.0,
    95000.0,
    100000.0,
    105000.0,
    110000.0,
    115000.0,
    120000.0,
    125000.0
  ],
  "eref": 65000.0,
  "n": [
    1e+18,
    2e+18,
    3e+18,
    5e+18,
    6e+18,
    7e+18,
    8e+18,
    9e+18,
    1e+19,
    2e+19,
    3e+19,
    5e+19,
    6e+19,
    7e+19,
    8e+19,
    9e+19,
    1e+20,
    2e+20,
    3e+20,
    5e+20,
    6e+20,
    7e+20,
    8e+20,
    9e+20,
    1e+21
  ],
  "nref": 6e+19,
  "sen": [
    [
      3.558e-11,
      6.459000000000001e-11,
      8.935999999999999e-11,
      1.298e-10,
      1.4669999999999997e-10,
      1.618e-10,
      1.754e-10,
      1.877e-10,
      1.991e-10,
      2.7609999999999996e-10,
      3.21e-10,
      3.765e-10,
      3.962e-10,
      4.131e-10,
      4.279e-10,
      4.412e-10,
      4.532e-10,
      5.364e-10,
      5.871999999999999e-10,
      6.488e-10,
      6.690999999999999e-10,
      6.853999999999999e-10,
      6.987e-10,
      7.096999999999999e-10,
      7.190999999999999e-10
    ],
    [
      3.688e-11,
      6.660000000000001e-11,
      9.169e-11,
      1.3210000000000001e-10,
      1.4870000000000001e-10,
      1.6349999999999998e-10,
      1.7679999999999997e-10,
      1.8890000000000001e-10,
      1.998e-10,
      2.7359999999999997e-10,
      3.1609999999999997e-10,
      3.679e-10,
      3.861e-10,
      4.014e-10,
      4.146e-10,
      4.262e-10,
      4.3659999999999997e-10,
      5.036e-10,
      5.396e-10,
      5.787999999999999e-10,
      5.908000000000001e-10,
      5.999999999999999e-10,
      6.073e-10,
      6.132e-10,
      6.181999999999999e-10
    ],
    [
      3.813e-11,
      6.938999999999999e-11,
      9.610999999999999e-11,
      1.398e-10,
      1.58e-10,
      1.7440000000000001e-10,
      1.8919999999999998e-10,
      2.0259999999999998e-10,
      2.1499999999999998e-10,
      2.9960000000000003e-10,
      3.495e-10,
      4.111e-10,
      4.3269999999999996e-10,
      4.508e-10,
      4.664e-10,
      4.801e-10,
      4.922999999999999e-10,
      5.683e-10,
      6.076e-10,
      6.486999999999999e-10,
      6.609e-10,
      6.702e-10,
      6.775e-10,
      6.835e-10,
      6.883e-10
    ],
    [
      4.072e-11,
      7.443e-11,
      1.0349999999999999e-10,
      1.514e-10,
      1.7149999999999998e-10,
      1.897e-10,
      2.062e-10,
      2.212e-10,
      2.351e-10,
      3.3139999999999996e-10,
      3.8939999999999997e-10,
      4.621e-10,
      4.88e-10,
      5.098e-10,
      5.286999999999999e-10,
      5.452e-10,
      5.599999999999999e-10,
      6.530999999999999e-10,
      7.014e-10,
      7.523e-10,
      7.674e-10,
      7.789999999999999e-10,
      7.881e-10,
      7.954e-10,
      8.015e-10
    ],
    [
      4.506e-11,
      8.253e-11,
      1.149e-10,
      1.6839999999999998e-10,
      1.909e-10,
      2.113e-10,
      2.298e-10,
      2.467e-10,
      2.622e-10,
      3.713e-10,
      4.375e-10,
      5.218e-10,
      5.521e-10,
      5.778999999999999e-10,
      6.002e-10,
      6.199e-10,
      6.376e-10,
      7.504e-10,
      8.101e-10,
      8.735e-10,
      8.926e-10,
      9.070999999999999e-10,
      9.185999999999999e-10,
      9.278999999999999e-10,
      9.356e-10
    ],
    [
      5.045e-11,
      9.243999999999999e-11,
      1.287e-10,
      1.886e-10,
      2.1379999999999998e-10,
      2.366e-10,
      2.572e-10,
      2.762e-10,
      2.9359999999999995e-10,
      4.1590000000000003e-10,
      4.908999999999999e-10,
      5.874e-10,
      6.225e-10,
      6.525e-10,
      6.786999999999999e-10,
      7.018999999999999e-10,
      7.227999999999999e-10,
      8.582999999999999e-10,
      9.314e-10,
      1.01e-09,
      1.034e-09,
      1.0519999999999999e-09,
      1.067e-09,
      1.078e-09,
      1.088e-09
    ],
    [
      5.67e-11,
      1.039e-10,
      1.446e-10,
      2.1179999999999998e-10,
      2.401e-10,
      2.656e-10,
      2.8880000000000003e-10,
      3.0999999999999996e-10,
      3.2949999999999995e-10,
      4.67e-10,
      5.519e-10,
      6.624999999999999e-10,
      7.031999999999999e-10,
      7.381e-10,
      7.686999999999999e-10,
      7.96e-10,
      8.205999999999999e-10,
      9.825e-10,
      1.071e-09,
      1.1679999999999999e-09,
      1.197e-09,
      1.22e-09,
      1.2379999999999999e-09,
      1.252e-09,
      1.264e-09
    ],
    [
      6.409999999999999e-11,
      1.1749999999999998e-10,
      1.6349999999999998e-10,
      2.3939999999999997e-10,
      2.713e-10,
      3.001e-10,
      3.263e-10,
      3.502e-10,
      3.7219999999999997e-10,
      5.276999999999999e-10,
      6.242e-10,
      7.510999999999999e-10,
      7.981e-10,
      8.386999999999999e-10,
      8.744e-10,
      9.064e-10,
      9.351999999999998e-10,
      1.127e-09,
      1.233e-09,
      1.3489999999999998e-09,
      1.3849999999999999e-09,
      1.412e-09,
      1.4339999999999998e-09,
      1.452e-09,
      1.4660000000000001e-09
    ],
    [
      7.255999999999999e-11,
      1.33e-10,
      1.8509999999999999e-10,
      2.709e-10,
      3.0699999999999997e-10,
      3.395e-10,
      3.691e-10,
      3.9609999999999996e-10,
      4.21e-10,
      5.969e-10,
      7.066999999999999e-10,
      8.522e-10,
      9.064999999999999e-10,
      9.533999999999998e-10,
      9.949e-10,
      1.032e-09,
      1.066e-09,
      1.291e-09,
      1.4159999999999999e-09,
      1.554e-09,
      1.5969999999999998e-09,
      1.63e-09,
      1.6559999999999999e-09,
      1.677e-09,
      1.6949999999999998e-09
    ],
    [
      8.126e-11,
      1.4899999999999998e-10,
      2.073e-10,
      3.034e-10,
      3.438e-10,
      3.802e-10,
      4.133e-10,
      4.4349999999999997e-10,
      4.714e-10,
      6.688e-10,
      7.927e-10,
      9.58e-10,
      1.02e-09,
      1.074e-09,
      1.1219999999999998e-09,
      1.1640000000000001e-09,
      1.203e-09,
      1.464e-09,
      1.61e-09,
      1.7719999999999999e-09,
      1.8209999999999998e-09,
      1.86e-09,
      1.89e-09,
      1.915e-09,
      1.936e-09
    ],
    [
      8.953e-11,
      1.643e-10,
      2.286e-10,
      3.3459999999999996e-10,
      3.7909999999999996e-10,
      4.1919999999999996e-10,
      4.558e-10,
      4.891999999999999e-10,
      5.2e-10,
      7.388e-10,
      8.77e-10,
      1.063e-09,
      1.133e-09,
      1.194e-09,
      1.2479999999999998e-09,
      1.297e-09,
      1.3409999999999998e-09,
      1.638e-09,
      1.806e-09,
      1.9910000000000003e-09,
      2.048e-09,
      2.0920000000000002e-09,
      2.1269999999999998e-09,
      2.156e-09,
      2.179e-09
    ],
    [
      9.747e-11,
      1.789e-10,
      2.4909999999999995e-10,
      3.6479999999999997e-10,
      4.134e-10,
      4.5729999999999996e-10,
      4.972e-10,
      5.338e-10,
      5.675e-10,
      8.079e-10,
      9.607e-10,
      1.167e-09,
      1.2459999999999998e-09,
      1.314e-09,
      1.375e-09,
      1.429e-09,
      1.479e-09,
      1.814e-09,
      2.002e-09,
      2.211e-09,
      2.275e-09,
      2.3249999999999997e-09,
      2.364e-09,
      2.396e-09,
      2.4229999999999996e-09
    ],
    [
      1.0509999999999999e-10,
      1.93e-10,
      2.6879999999999994e-10,
      3.9389999999999995e-10,
      4.465e-10,
      4.94e-10,
      5.373e-10,
      5.77e-10,
      6.135999999999999e-10,
      8.751999999999999e-10,
      1.042e-09,
      1.27e-09,
      1.3559999999999999e-09,
      1.431e-09,
      1.498e-09,
      1.5589999999999999e-09,
      1.614e-09,
      1.9849999999999997e-09,
      2.1929999999999998e-09,
      2.424e-09,
      2.4949999999999998e-09,
      2.55e-09,
      2.594e-09,
      2.6289999999999995e-09,
      2.6589999999999996e-09
    ],
    [
      1.1209999999999999e-10,
      2.061e-10,
      2.8709999999999997e-10,
      4.21e-10,
      4.774e-10,
