{
  "e": [
    5000.0,
    10000.0,
    15000.0,
    20000.0,
    25000.0,
    30000.0,
    35000.0,
    40000.0,
    45000.0,
    50000.0,
    55000.0,
    60000.0,
    65000.0,
    70000.0,
    75000.0,
    80000.0,
    85000.0,
    90000.0,
    95000.0,
    100000.0,
    105000.0,
    110000.0,
    115000.0,
    120000.0,
    125000.0
  ],
  "eref": 65000.0,
  "n": [
    1e+18,
    2e+18,
    3e+18,
    5e+18,
    6e+18,
    7e+18,
    8e+18,
    9e+18,
    1e+19,
    2e+19,
    3e+19,
    5e+19,
    6e+19,
    7e+19,
    8e+19,
    9e+19,
    1e+20,
    2e+20,
    3e+20,
    5e+20,
    6e+20,
    7e+20,
    8e+20,
    9e+20,
    1e+21
  ],
  "nref": 6e+19,
  "sen": [
    [
      1.042e-13,
      1.049e-13,
      1.0529999999999999e-13,
      1.0599999999999999e-13,
      1.0619999999999999e-13,
      1.0639999999999999e-13,
      1.066e-13,
      1.068e-13,
      1.07e-13,
      1.082e-13,
      1.0899999999999999e-13,
      1.1039999999999999e-13,
      1.1089999999999999e-13,
      1.1149999999999999e-13,
      1.119e-13,
      1.1239999999999999e-13,
      1.128e-13,
      1.159e-13,
      1.179e-13,
      1.202e-13,
      1.209e-13,
      1.2149999999999999e-13,
      1.22e-13,
      1.2240000000000001e-13,
      1.228e-13
    ],
    [
      1.252e-13,
      1.26e-13,
      1.266e-13,
      1.2749999999999999e-13,
      1.278e-13,
      1.2809999999999998e-13,
      1.2840000000000001e-13,
      1.286e-13,
      1.2889999999999999e-13,
      1.307e-13,
      1.32e-13,
      1.34e-13,
      1.3489999999999999e-13,
      1.356e-13,
      1.362e-13,
      1.368e-13,
      1.3729999999999998e-13,
      1.406e-13,
      1.4229999999999998e-13,
      1.4409999999999999e-13,
      1.446e-13,
      1.45e-13,
      1.453e-13,
      1.4549999999999999e-13,
      1.4569999999999997e-13
    ],
    [
      1.356e-13,
      1.365e-13,
      1.372e-13,
      1.382e-13,
      1.386e-13,
      1.39e-13,
      1.393e-13,
      1.396e-13,
      1.399e-13,
      1.421e-13,
      1.4369999999999998e-13,
      1.4609999999999998e-13,
      1.47e-13,
      1.478e-13,
      1.484e-13,
      1.49e-13,
      1.496e-13,
      1.528e-13,
      1.5429999999999998e-13,
      1.558e-13,
      1.562e-13,
      1.565e-13,
      1.5669999999999998e-13,
      1.569e-13,
      1.5709999999999998e-13
    ],
    [
      1.424e-13,
      1.434e-13,
      1.4409999999999999e-13,
      1.4509999999999998e-13,
      1.4549999999999999e-13,
      1.459e-13,
      1.463e-13,
      1.466e-13,
      1.4689999999999998e-13,
      1.4929999999999998e-13,
      1.5109999999999998e-13,
      1.5349999999999998e-13,
      1.5449999999999997e-13,
      1.5529999999999998e-13,
      1.56e-13,
      1.566e-13,
      1.5709999999999998e-13,
      1.6029999999999998e-13,
      1.618e-13,
      1.633e-13,
      1.6369999999999997e-13,
      1.64e-13,
      1.642e-13,
      1.6439999999999999e-13,
      1.6449999999999998e-13
    ],
    [
      1.481e-13,
      1.49e-13,
      1.4969999999999998e-13,
      1.5069999999999998e-13,
      1.512e-13,
      1.516e-13,
      1.519e-13,
      1.523e-13,
      1.526e-13,
      1.55e-13,
      1.568e-13,
      1.593e-13,
      1.602e-13,
      1.61e-13,
      1.6169999999999998e-13,
      1.624e-13,
      1.629e-13,
      1.662e-13,
      1.6769999999999998e-13,
      1.692e-13,
      1.696e-13,
      1.699e-13,
      1.702e-13,
      1.703e-13,
      1.7049999999999998e-13
    ],
    [
      1.532e-13,
      1.541e-13,
      1.548e-13,
      1.558e-13,
      1.562e-13,
      1.566e-13,
      1.569e-13,
      1.573e-13,
      1.576e-13,
      1.5989999999999998e-13,
      1.6169999999999998e-13,
      1.6409999999999998e-13,
      1.6509999999999997e-13,
      1.6589999999999998e-13,
      1.666e-13,
      1.6729999999999998e-13,
      1.678e-13,
      1.712e-13,
      1.728e-13,
      1.744e-13,
      1.748e-13,
      1.7509999999999998e-13,
      1.754e-13,
      1.756e-13,
      1.758e-13
    ],
    [
      1.5699999999999999e-13,
      1.579e-13,
      1.586e-13,
      1.596e-13,
      1.6e-13,
      1.6029999999999998e-13,
      1.6069999999999999e-13,
      1.61e-13,
      1.6129999999999998e-13,
      1.636e-13,
      1.6529999999999999e-13,
      1.678e-13,
      1.6869999999999998e-13,
      1.6949999999999998e-13,
      1.703e-13,
      1.7089999999999998e-13,
      1.7149999999999998e-13,
      1.749e-13,
      1.766e-13,
      1.7829999999999998e-13,
      1.7869999999999999e-13,
      1.791e-13,
      1.7929999999999998e-13,
      1.7959999999999999e-13,
      1.7969999999999998e-13
    ],
    [
      1.6049999999999997e-13,
      1.6129999999999998e-13,
      1.62e-13,
      1.6299999999999999e-13,
      1.634e-13,
      1.6369999999999997e-13,
      1.6409999999999998e-13,
      1.6439999999999999e-13,
      1.647e-13,
      1.67e-13,
      1.6859999999999998e-13,
      1.7109999999999997e-13,
      1.721e-13,
      1.7289999999999998e-13,
      1.7359999999999999e-13,
      1.7429999999999997e-13,
      1.748e-13,
      1.784e-13,
      1.802e-13,
      1.8189999999999999e-13,
      1.8239999999999999e-13,
      1.8269999999999997e-13,
      1.83e-13,
      1.8329999999999999e-13,
      1.8339999999999998e-13
    ],
    [
      1.632e-13,
      1.64e-13,
      1.647e-13,
      1.657e-13,
      1.661e-13,
      1.664e-13,
      1.668e-13,
      1.671e-13,
      1.674e-13,
      1.6969999999999997e-13,
      1.7129999999999999e-13,
      1.738e-13,
      1.748e-13,
      1.756e-13,
      1.763e-13,
      1.77e-13,
      1.776e-13,
      1.8129999999999997e-13,
      1.8309999999999997e-13,
      1.8489999999999997e-13,
      1.8549999999999997e-13,
      1.8589999999999997e-13,
      1.862e-13,
      1.864e-13,
      1.8659999999999998e-13
    ],
    [
      1.65e-13,
      1.6589999999999998e-13,
      1.666e-13,
      1.676e-13,
      1.68e-13,
      1.684e-13,
      1.6869999999999998e-13,
      1.6899999999999999e-13,
      1.6929999999999997e-13,
      1.716e-13,
      1.7329999999999998e-13,
      1.758e-13,
      1.768e-13,
      1.777e-13,
      1.784e-13,
      1.791e-13,
      1.7969999999999998e-13,
      1.8349999999999998e-13,
      1.854e-13,
      1.874e-13,
      1.879e-13,
      1.8830000000000002e-13,
      1.8869999999999997e-13,
      1.889e-13,
      1.8909999999999997e-13
    ],
    [
      1.6529999999999999e-13,
      1.662e-13,
      1.6689999999999998e-13,
      1.6789999999999997e-13,
      1.6829999999999997e-13,
      1.6869999999999998e-13,
      1.6909999999999998e-13,
      1.694e-13,
      1.6969999999999997e-13,
      1.721e-13,
      1.7389999999999997e-13,
      1.7639999999999999e-13,
      1.7749999999999998e-13,
      1.7829999999999998e-13,
      1.791e-13,
      1.798e-13,
      1.805e-13,
      1.8449999999999997e-13,
      1.8650000000000001e-13,
      1.886e-13,
      1.8909999999999997e-13,
      1.896e-13,
      1.899e-13,
      1.9019999999999999e-13,
      1.904e-13
    ],
    [
      1.65e-13,
      1.66e-13,
      1.6669999999999999e-13,
      1.678e-13,
      1.682e-13,
      1.6869999999999998e-13,
      1.6899999999999999e-13,
      1.694e-13,
      1.6969999999999997e-13,
      1.722e-13,
      1.7409999999999999e-13,
      1.768e-13,
      1.7779999999999998e-13,
      1.788e-13,
      1.7959999999999999e-13,
      1.804e-13,
      1.8099999999999999e-13,
      1.8529999999999998e-13,
      1.874e-13,
      1.896e-13,
      1.9019999999999999e-13,
      1.907e-13,
      1.9110000000000001e-13,
      1.914e-13,
      1.9159999999999999e-13
    ],
    [
      1.647e-13,
      1.657e-13,
      1.6649999999999997e-13,
      1.676e-13,
      1.6809999999999999e-13,
      1.6859999999999998e-13,
      1.6899999999999999e-13,
      1.694e-13,
      1.6969999999999997e-13,
      1.724e-13,
      1.7429999999999997e-13,
      1.772e-13,
      1.784e-13,
      1.7929999999999998e-13,
      1.802e-13,
      1.8099999999999999e-13,
      1.8169999999999997e-13,
      1.8629999999999997e-13,
