{
  "e": [
    5000.0,
    10000.0,
    15000.0,
    20000.0,
    25000.0,
    30000.0,
    35000.0,
    40000.0,
    45000.0,
    50000.0,
    55000.0,
    60000.0,
    65000.0,
    70000.0,
    75000.0,
    80000.0,
    85000.0,
    90000.0,
    95000.0,
    100000.0,
    105000.0,
    110000.0,
    115000.0,
    120000.0,
    125000.0
  ],
  "eref": 65000.0,
  "n": [
    1e+18,
    2e+18,
    3e+18,
    5e+18,
    6e+18,
    7e+18,
    8e+18,
    9e+18,
    1e+19,
    2e+19,
    3e+19,
    5e+19,
    6e+19,
    7e+19,
    8e+19,
    9e+19,
    1e+20,
    2e+20,
    3e+20,
    5e+20,
    6e+20,
    7e+20,
    8e+20,
    9e+20,
    1e+21
  ],
  "nref": 6e+19,
  "sen": [
    [
      3.0159999999999996e-11,
      4.222e-11,
      4.947e-11,
      5.859e-11,
      6.184e-11,
      6.458e-11,
      6.696e-11,
      6.905e-11,
      7.092e-11,
      8.311e-11,
      9.022e-11,
      9.941999999999999e-11,
      1.0289999999999999e-10,
      1.0589999999999999e-10,
      1.0859999999999999e-10,
      1.1099999999999999e-10,
      1.133e-10,
      1.2929999999999998e-10,
      1.393e-10,
      1.514e-10,
      1.554e-10,
      1.586e-10,
      1.6119999999999997e-10,
      1.633e-10,
      1.651e-10
    ],
    [
      3.269e-11,
      4.466e-11,
      5.177e-11,
      6.073999999999999e-11,
      6.394e-11,
      6.664999999999998e-11,
      6.899e-11,
      7.105e-11,
      7.287999999999999e-11,
      8.483999999999999e-11,
      9.183e-11,
      1.01e-10,
      1.044e-10,
      1.0749999999999999e-10,
      1.101e-10,
      1.1259999999999999e-10,
      1.148e-10,
      1.3039999999999998e-10,
      1.396e-10,
      1.5019999999999998e-10,
      1.536e-10,
      1.563e-10,
      1.584e-10,
      1.6009999999999997e-10,
      1.616e-10
    ],
    [
      3.702e-11,
      5.027e-11,
      5.818e-11,
      6.821999999999999e-11,
      7.181999999999999e-11,
      7.487000000000001e-11,
      7.750999999999999e-11,
      7.983e-11,
      8.190999999999999e-11,
      9.548e-11,
      1.0349999999999999e-10,
      1.1400000000000001e-10,
      1.1799999999999998e-10,
      1.215e-10,
      1.246e-10,
      1.275e-10,
      1.3e-10,
      1.476e-10,
      1.576e-10,
      1.6899999999999999e-10,
      1.7249999999999997e-10,
      1.753e-10,
      1.774e-10,
      1.7919999999999999e-10,
      1.8069999999999998e-10
    ],
    [
      4.2209999999999996e-11,
      5.746e-11,
      6.664999999999998e-11,
      7.845e-11,
      8.27e-11,
      8.631999999999999e-11,
      8.945e-11,
      9.221999999999999e-11,
      9.469999999999999e-11,
      1.1099999999999999e-10,
      1.207e-10,
      1.337e-10,
      1.386e-10,
      1.429e-10,
      1.4669999999999997e-10,
      1.5009999999999998e-10,
      1.532e-10,
      1.7450000000000002e-10,
      1.865e-10,
      1.998e-10,
      2.039e-10,
      2.071e-10,
      2.0959999999999998e-10,
      2.1159999999999997e-10,
      2.134e-10
    ],
    [
      4.78e-11,
      6.556e-11,
      7.641e-11,
      9.048e-11,
      9.56e-11,
      9.996e-11,
      1.0379999999999999e-10,
      1.071e-10,
      1.1019999999999999e-10,
      1.302e-10,
      1.423e-10,
      1.586e-10,
      1.6469999999999998e-10,
      1.7009999999999999e-10,
      1.7489999999999999e-10,
      1.7919999999999999e-10,
      1.832e-10,
      2.098e-10,
      2.2469999999999998e-10,
      2.413e-10,
      2.463e-10,
      2.5019999999999997e-10,
      2.5329999999999994e-10,
      2.5589999999999996e-10,
      2.58e-10
    ],
    [
      5.352e-11,
      7.413e-11,
      8.691e-11,
      1.037e-10,
      1.098e-10,
      1.151e-10,
      1.1969999999999998e-10,
      1.238e-10,
      1.275e-10,
      1.5229999999999998e-10,
      1.675e-10,
      1.8789999999999997e-10,
      1.957e-10,
      2.0249999999999997e-10,
      2.0849999999999998e-10,
      2.1399999999999998e-10,
      2.19e-10,
      2.528e-10,
      2.717e-10,
      2.927e-10,
      2.991e-10,
      3.04e-10,
      3.0799999999999997e-10,
      3.1119999999999997e-10,
      3.138e-10
    ],
    [
      5.918e-11,
      8.289999999999999e-11,
      9.781999999999999e-11,
      1.1759999999999999e-10,
      1.25e-10,
      1.3129999999999998e-10,
      1.369e-10,
      1.418e-10,
      1.463e-10,
      1.767e-10,
      1.954e-10,
      2.2089999999999998e-10,
      2.307e-10,
      2.3919999999999996e-10,
      2.469e-10,
      2.538e-10,
      2.6009999999999996e-10,
      3.0269999999999995e-10,
      3.2679999999999995e-10,
      3.534e-10,
      3.6159999999999997e-10,
      3.679e-10,
      3.7289999999999997e-10,
      3.77e-10,
      3.8039999999999995e-10
    ],
    [
      6.458e-11,
      9.15e-11,
      1.087e-10,
      1.318e-10,
      1.404e-10,
      1.4789999999999998e-10,
      1.544e-10,
      1.6029999999999998e-10,
      1.6569999999999998e-10,
      2.022e-10,
      2.2509999999999998e-10,
      2.5639999999999996e-10,
      2.684e-10,
      2.7899999999999997e-10,
      2.884e-10,
      2.97e-10,
      3.0469999999999994e-10,
      3.578e-10,
      3.8789999999999997e-10,
      4.2139999999999996e-10,
      4.3169999999999997e-10,
      4.3959999999999996e-10,
      4.4599999999999996e-10,
      4.5109999999999997e-10,
      4.554e-10
    ],
    [
      6.965e-11,
      9.977e-11,
      1.1919999999999999e-10,
      1.4569999999999997e-10,
      1.557e-10,
      1.643e-10,
      1.72e-10,
      1.789e-10,
      1.8509999999999999e-10,
      2.2829999999999998e-10,
      2.556e-10,
      2.9320000000000003e-10,
      3.077e-10,
      3.205e-10,
      3.3189999999999996e-10,
      3.423e-10,
      3.517e-10,
      4.1629999999999995e-10,
      4.532e-10,
      4.945e-10,
      5.072e-10,
      5.17e-10,
      5.249e-10,
      5.312999999999999e-10,
      5.366e-10
    ],
    [
      7.427e-11,
      1.0749999999999999e-10,
      1.2919999999999998e-10,
      1.59e-10,
      1.7039999999999998e-10,
      1.8019999999999998e-10,
      1.89e-10,
      1.9689999999999999e-10,
      2.04e-10,
      2.541e-10,
      2.86e-10,
      3.302e-10,
      3.473e-10,
      3.624e-10,
      3.7589999999999996e-10,
      3.881e-10,
      3.993e-10,
      4.763e-10,
      5.205999999999999e-10,
      5.702e-10,
      5.856e-10,
      5.975000000000001e-10,
      6.070999999999999e-10,
      6.148e-10,
      6.212999999999999e-10
    ],
    [
      7.843000000000001e-11,
      1.1459999999999998e-10,
      1.3849999999999999e-10,
      1.7159999999999998e-10,
      1.842e-10,
      1.953e-10,
      2.051e-10,
      2.1389999999999998e-10,
      2.2199999999999998e-10,
      2.788e-10,
      3.154e-10,
      3.662e-10,
      3.86e-10,
      4.0339999999999997e-10,
      4.191e-10,
      4.332e-10,
      4.4619999999999997e-10,
      5.359e-10,
      5.877e-10,
      6.462e-10,
      6.644e-10,
      6.784999999999999e-10,
      6.897999999999999e-10,
      6.99e-10,
      7.066999999999999e-10
    ],
    [
      8.212e-11,
      1.21e-10,
      1.4699999999999998e-10,
      1.832e-10,
      1.971e-10,
      2.0919999999999999e-10,
      2.201e-10,
      2.299e-10,
      2.3889999999999997e-10,
      3.023e-10,
      3.4339999999999997e-10,
      4.009e-10,
      4.233e-10,
      4.4299999999999997e-10,
      4.6079999999999995e-10,
      4.769e-10,
      4.916e-10,
      5.94e-10,
      6.535999999999999e-10,
      7.211e-10,
      7.422e-10,
      7.585999999999999e-10,
      7.716999999999999e-10,
      7.824e-10,
      7.914e-10
    ],
    [
      8.538999999999999e-11,
      1.268e-10,
      1.547e-10,
      1.938e-10,
      2.089e-10,
      2.221e-10,
      2.3399999999999997e-10,
      2.447e-10,
      2.545e-10,
      3.243e-10,
      3.6979999999999995e-10,
      4.337e-10,
      4.5859999999999995e-10,
      4.807e-10,
      5.005e-10,
      5.184999999999999e-10,
      5.35e-10,
      6.499999999999999e-10,
      7.172e-10,
      7.938e-10,
      8.178e-10,
      8.363999999999999e-10,
      8.514e-10,
      8.637e-10,
      8.739000000000001e-10
    ],
    [
