{
  "e": [
    5000.0,
    10000.0,
    15000.0,
    20000.0,
    25000.0,
    30000.0,
    35000.0,
    40000.0,
    45000.0,
    50000.0,
    55000.0,
    60000.0,
    65000.0,
    70000.0,
    75000.0,
    80000.0,
    85000.0,
    90000.0,
    95000.0,
    100000.0,
    105000.0,
    110000.0,
    115000.0,
    120000.0,
    125000.0
  ],
  "eref": 65000.0,
  "n": [
    1e+18,
    2e+18,
    3e+18,
    5e+18,
    6e+18,
    7e+18,
    8e+18,
    9e+18,
    1e+19,
    2e+19,
    3e+19,
    5e+19,
    6e+19,
    7e+19,
    8e+19,
    9e+19,
    1e+20,
    2e+20,
    3e+20,
    5e+20,
    6e+20,
    7e+20,
    8e+20,
    9e+20,
    1e+21
  ],
  "nref": 6e+19,
  "sen": [
    [
      3.292e-11,
      5.017e-11,
      6.158999999999999e-11,
      7.674999999999999e-11,
      8.231e-11,
      8.705e-11,
      9.119e-11,
      9.487e-11,
      9.817e-11,
      1.201e-10,
      1.33e-10,
      1.496e-10,
      1.557e-10,
      1.61e-10,
      1.6569999999999998e-10,
      1.7e-10,
      1.7379999999999998e-10,
      2.0149999999999998e-10,
      2.191e-10,
      2.41e-10,
      2.484e-10,
      2.543e-10,
      2.592e-10,
      2.633e-10,
      2.6679999999999995e-10
    ],
    [
      3.506e-11,
      5.3829999999999997e-11,
      6.654e-11,
      8.393e-11,
      9.045999999999999e-11,
      9.610999999999999e-11,
      1.011e-10,
      1.055e-10,
      1.0959999999999999e-10,
      1.37e-10,
      1.536e-10,
      1.751e-10,
      1.831e-10,
      1.9e-10,
      1.961e-10,
      2.0149999999999998e-10,
      2.0649999999999998e-10,
      2.4109999999999997e-10,
      2.617e-10,
      2.86e-10,
      2.939e-10,
      3.001e-10,
      3.0509999999999996e-10,
      3.0929999999999996e-10,
      3.128e-10
    ],
    [
      3.838e-11,
      5.896e-11,
      7.305e-11,
      9.268e-11,
      1.0019999999999999e-10,
      1.067e-10,
      1.1249999999999999e-10,
      1.178e-10,
      1.225e-10,
      1.555e-10,
      1.7589999999999998e-10,
      2.029e-10,
      2.13e-10,
      2.218e-10,
      2.296e-10,
      2.366e-10,
      2.4309999999999997e-10,
      2.8739999999999996e-10,
      3.1369999999999996e-10,
      3.445e-10,
      3.5429999999999996e-10,
      3.621e-10,
      3.683e-10,
      3.735e-10,
      3.7780000000000003e-10
    ],
    [
      4.3109999999999994e-11,
      6.614999999999999e-11,
      8.203e-11,
      1.044e-10,
      1.1299999999999998e-10,
      1.206e-10,
      1.273e-10,
      1.3339999999999997e-10,
      1.3899999999999999e-10,
      1.7799999999999998e-10,
      2.0269999999999998e-10,
      2.3599999999999996e-10,
      2.486e-10,
      2.597e-10,
      2.696e-10,
      2.7849999999999997e-10,
      2.8669999999999995e-10,
      3.44e-10,
      3.783e-10,
      4.1849999999999995e-10,
      4.314e-10,
      4.416e-10,
      4.498e-10,
      4.5659999999999995e-10,
      4.623e-10
    ],
    [
      4.8789999999999994e-11,
      7.488e-11,
      9.296e-11,
      1.1859999999999998e-10,
      1.286e-10,
      1.374e-10,
      1.452e-10,
      1.5239999999999999e-10,
      1.5890000000000001e-10,
      2.051e-10,
      2.3479999999999995e-10,
      2.7559999999999996e-10,
      2.9129999999999997e-10,
      3.052e-10,
      3.176e-10,
      3.289e-10,
      3.393e-10,
      4.128e-10,
      4.572e-10,
      5.096999999999999e-10,
      5.264999999999999e-10,
      5.397999999999999e-10,
      5.506e-10,
      5.594000000000001e-10,
      5.669e-10
    ],
    [
      5.49e-11,
      8.441e-11,
      1.05e-10,
      1.3449999999999997e-10,
      1.4599999999999999e-10,
      1.5609999999999998e-10,
      1.652e-10,
      1.7349999999999997e-10,
      1.811e-10,
      2.354e-10,
      2.709e-10,
      3.2029999999999997e-10,
      3.396e-10,
      3.5669999999999997e-10,
      3.721e-10,
      3.861e-10,
      3.991e-10,
      4.912999999999999e-10,
      5.474e-10,
      6.139e-10,
      6.353e-10,
      6.522e-10,
      6.658999999999999e-10,
      6.772e-10,
      6.867e-10
    ],
    [
      6.117e-11,
      9.434e-11,
      1.177e-10,
      1.5129999999999998e-10,
      1.6449999999999997e-10,
      1.762e-10,
      1.867e-10,
      1.9629999999999998e-10,
      2.051e-10,
      2.685e-10,
      3.103e-10,
      3.6929999999999996e-10,
      3.9259999999999997e-10,
      4.132e-10,
      4.319e-10,
      4.4889999999999997e-10,
      4.647e-10,
      5.774e-10,
      6.463e-10,
      7.28e-10,
      7.543e-10,
      7.751e-10,
      7.918999999999999e-10,
      8.057999999999999e-10,
      8.174e-10
    ],
    [
      6.720999999999999e-11,
      1.041e-10,
      1.302e-10,
      1.682e-10,
      1.833e-10,
      1.966e-10,
      2.0859999999999998e-10,
      2.196e-10,
      2.297e-10,
      3.028e-10,
      3.5139999999999994e-10,
      4.206e-10,
      4.4799999999999995e-10,
      4.723999999999999e-10,
      4.945e-10,
      5.147e-10,
      5.333999999999999e-10,
      6.675e-10,
      7.496e-10,
      8.471e-10,
      8.785e-10,
      9.032e-10,
      9.233e-10,
      9.398e-10,
      9.537e-10
    ],
    [
      7.272e-11,
      1.1309999999999999e-10,
      1.42e-10,
      1.843e-10,
      2.011e-10,
      2.1609999999999998e-10,
      2.296e-10,
      2.42e-10,
      2.5329999999999994e-10,
      3.362e-10,
      3.9169999999999995e-10,
      4.712e-10,
      5.028e-10,
      5.308999999999999e-10,
      5.565e-10,
      5.798999999999999e-10,
      6.015e-10,
      7.57e-10,
      8.524e-10,
      9.655e-10,
      1.002e-09,
      1.031e-09,
      1.054e-09,
      1.073e-09,
      1.0889999999999999e-09
    ],
    [
      7.77e-11,
      1.2129999999999998e-10,
      1.528e-10,
      1.9919999999999997e-10,
      2.177e-10,
      2.343e-10,
      2.492e-10,
      2.629e-10,
      2.755e-10,
      3.6799999999999997e-10,
      4.3019999999999997e-10,
      5.197999999999999e-10,
      5.555e-10,
      5.874e-10,
      6.162999999999999e-10,
      6.428e-10,
      6.673999999999999e-10,
      8.439e-10,
      9.522e-10,
      1.08e-09,
      1.1219999999999998e-09,
      1.154e-09,
      1.181e-09,
      1.202e-09,
      1.221e-09
    ],
    [
      8.223999999999999e-11,
      1.289e-10,
      1.628e-10,
      2.13e-10,
      2.332e-10,
      2.5129999999999995e-10,
      2.676e-10,
      2.826e-10,
      2.964e-10,
      3.98e-10,
      4.668e-10,
      5.663e-10,
      6.06e-10,
      6.415e-10,
      6.738e-10,
      7.034e-10,
      7.307e-10,
      9.276e-10,
      1.048e-09,
      1.191e-09,
      1.237e-09,
      1.273e-09,
      1.303e-09,
      1.327e-09,
      1.347e-09
    ],
    [
      8.642999999999999e-11,
      1.359e-10,
      1.72e-10,
      2.2599999999999997e-10,
      2.477e-10,
      2.6719999999999997e-10,
      2.848e-10,
      3.01e-10,
      3.16e-10,
      4.265e-10,
      5.016999999999999e-10,
      6.105999999999999e-10,
      6.542e-10,
      6.932e-10,
      7.286e-10,
      7.611e-10,
      7.912e-10,
      1.007e-09,
      1.14e-09,
      1.297e-09,
      1.347e-09,
      1.3869999999999999e-09,
      1.4189999999999998e-09,
      1.445e-09,
      1.4679999999999999e-09
    ],
    [
      9.031e-11,
      1.425e-10,
      1.8069999999999998e-10,
      2.381e-10,
      2.613e-10,
      2.8210000000000004e-10,
      3.01e-10,
      3.183e-10,
      3.344e-10,
      4.533e-10,
      5.343999999999999e-10,
      6.522999999999999e-10,
      6.995e-10,
      7.418e-10,
      7.802e-10,
      8.153999999999999e-10,
      8.48e-10,
      1.082e-09,
      1.2260000000000001e-09,
      1.3949999999999998e-09,
      1.4499999999999997e-09,
      1.493e-09,
      1.5269999999999998e-09,
      1.556e-09,
      1.58e-09
    ],
    [
      9.393e-11,
      1.486e-10,
      1.888e-10,
      2.4949999999999997e-10,
      2.7409999999999996e-10,
      2.9619999999999997e-10,
      3.1619999999999995e-10,
      3.347e-10,
      3.5179999999999996e-10,
      4.786e-10,
      5.653999999999999e-10,
      6.916999999999999e-10,
      7.422999999999999e-10,
      7.875999999999999e-10,
