{
  "3 -> 2": {
    "e": [
      5000.0,
      10000.0,
      15000.0,
      20000.0,
      25000.0,
      30000.0,
      35000.0,
      40000.0,
      45000.0,
      50000.0,
      55000.0,
      60000.0,
      65000.0,
      70000.0,
      75000.0,
      80000.0,
      85000.0,
      90000.0,
      95000.0,
      100000.0,
      105000.0,
      110000.0,
      115000.0,
      120000.0,
      125000.0
    ],
    "eref": 65000.0,
    "n": [
      1e+18,
      2e+18,
      3e+18,
      5e+18,
      6e+18,
      7e+18,
      8e+18,
      9e+18,
      1e+19,
      2e+19,
      3e+19,
      5e+19,
      6e+19,
      7e+19,
      8e+19,
      9e+19,
      1e+20,
      2e+20,
      3e+20,
      5e+20,
      6e+20,
      7e+20,
      8e+20,
      9e+20,
      1e+21
    ],
    "nref": 6e+19,
    "sen": [
      [
        1.5409999999999998e-15,
        1.3859999999999998e-15,
        1.269e-15,
        1.092e-15,
        1.023e-15,
        9.63e-16,
        9.099e-16,
        8.627e-16,
        8.205e-16,
        5.57e-16,
        4.269e-16,
        2.967e-16,
        2.593e-16,
        2.31e-16,
        2.0889999999999998e-16,
        1.91e-16,
        1.763e-16,
        1.0319999999999999e-16,
        7.487e-17,
        4.931e-17,
        4.23e-17,
        3.707e-17,
        3.302e-17,
        2.979e-17,
        2.714e-17
      ],
      [
        1.587e-15,
        1.4129999999999999e-15,
        1.283e-15,
        1.09e-15,
        1.015e-15,
        9.509999999999999e-16,
        8.949e-16,
        8.454e-16,
        8.014e-16,
        5.332e-16,
        4.0449999999999997e-16,
        2.778e-16,
        2.417e-16,
        2.144e-16,
        1.931e-16,
        1.759e-16,
        1.617e-16,
        9.16e-17,
        6.482e-17,
        4.129e-17,
        3.5e-17,
        3.04e-17,
        2.687e-17,
        2.4079999999999998e-17,
        2.1819999999999996e-17
      ],
      [
        1.631e-15,
        1.468e-15,
        1.343e-15,
        1.155e-15,
        1.081e-15,
        1.0169999999999998e-15,
        9.607e-16,
        9.107e-16,
        8.66e-16,
        5.878999999999999e-16,
        4.506e-16,
        3.126e-16,
        2.7260000000000003e-16,
        2.4229999999999996e-16,
        2.1839999999999998e-16,
        1.9909999999999997e-16,
        1.8309999999999998e-16,
        1.035e-16,
        7.295e-17,
        4.617e-17,
        3.9049999999999995e-17,
        3.385e-17,
        2.988e-17,
        2.6739999999999998e-17,
        2.42e-17
      ],
      [
        1.672e-15,
        1.514e-15,
        1.393e-15,
        1.208e-15,
        1.135e-15,
        1.0709999999999999e-15,
        1.015e-15,
        9.644e-16,
        9.192e-16,
        6.339999999999999e-16,
        4.905e-16,
        3.442e-16,
        3.013e-16,
        2.6859999999999997e-16,
        2.4279999999999997e-16,
        2.218e-16,
        2.044e-16,
        1.168e-16,
        8.267e-17,
        5.254e-17,
        4.4489999999999997e-17,
        3.86e-17,
        3.409e-17,
        3.0529999999999994e-17,
        2.764e-17
      ],
      [
        1.799e-15,
        1.635e-15,
        1.5079999999999999e-15,
        1.3129999999999998e-15,
        1.235e-15,
        1.167e-15,
        1.107e-15,
        1.053e-15,
        1.005e-15,
        6.984e-16,
        5.429999999999999e-16,
        3.8359999999999996e-16,
        3.367e-16,
        3.009e-16,
        2.725e-16,
        2.4939999999999997e-16,
        2.3019999999999997e-16,
        1.329e-16,
        9.454999999999999e-17,
        6.041999999999999e-17,
        5.1249999999999995e-17,
        4.4519999999999994e-17,
        3.9349999999999995e-17,
        3.527e-17,
        3.1949999999999994e-17
      ],
      [
        2.03e-15,
        1.849e-15,
        1.706e-15,
        1.487e-15,
        1.3999999999999999e-15,
        1.323e-15,
        1.2549999999999999e-15,
        1.1939999999999999e-15,
        1.14e-15,
        7.936e-16,
        6.182e-16,
        4.382e-16,
        3.851e-16,
        3.4459999999999997e-16,
        3.125e-16,
        2.863e-16,
        2.646e-16,
        1.539e-16,
        1.0999999999999999e-16,
        7.065e-17,
        6.002e-17,
        5.2190000000000003e-17,
        4.618e-17,
        4.141e-17,
        3.7539999999999996e-17
      ],
      [
        2.306e-15,
        2.102e-15,
        1.9409999999999998e-15,
        1.6919999999999999e-15,
        1.592e-15,
        1.505e-15,
        1.428e-15,
        1.359e-15,
        1.297e-15,
        9.036999999999999e-16,
        7.046999999999999e-16,
        5.007e-16,
        4.406e-16,
        3.947e-16,
        3.582e-16,
        3.2859999999999996e-16,
        3.0389999999999997e-16,
        1.78e-16,
        1.277e-16,
        8.238e-17,
        7.008e-17,
        6.099999999999999e-17,
        5.4019999999999995e-17,
        4.8479999999999995e-17,
        4.3969999999999996e-17
      ],
      [
        2.575e-15,
        2.349e-15,
        2.169e-15,
        1.891e-15,
        1.78e-15,
        1.683e-15,
        1.597e-15,
        1.5199999999999998e-15,
        1.4499999999999999e-15,
        1.0119999999999999e-15,
        7.899e-16,
        5.627999999999999e-16,
        4.959e-16,
        4.4479999999999995e-16,
        4.042e-16,
        3.7109999999999996e-16,
        3.4359999999999995e-16,
        2.026e-16,
        1.46e-16,
        9.454e-17,
        8.051999999999999e-17,
        7.016e-17,
        6.218e-17,
        5.583e-17,
        5.066999999999999e-17
      ],
      [
        2.841e-15,
        2.592e-15,
        2.394e-15,
        2.0879999999999996e-15,
        1.965e-15,
        1.858e-15,
        1.7619999999999998e-15,
        1.677e-15,
        1.6009999999999998e-15,
        1.118e-15,
        8.742999999999999e-16,
        6.247999999999999e-16,
        5.513e-16,
        4.951e-16,
        4.504e-16,
        4.14e-16,
        3.8359999999999996e-16,
        2.277e-16,
        1.647e-16,
        1.0709999999999999e-16,
        9.13e-17,
        7.962e-17,
        7.061e-17,
        6.345e-17,
        5.761e-17
      ],
      [
        3.1119999999999997e-15,
        2.84e-15,
        2.6230000000000002e-15,
        2.287e-15,
        2.1529999999999997e-15,
        2.035e-15,
        1.9300000000000002e-15,
        1.837e-15,
        1.754e-15,
        1.2259999999999998e-15,
        9.601e-16,
        6.879999999999999e-16,
        6.077999999999999e-16,
        5.464e-16,
        4.976e-16,
        4.578e-16,
        4.246e-16,
        2.5340000000000004e-16,
        1.838e-16,
        1.1989999999999999e-16,
        1.0229999999999999e-16,
        8.931999999999999e-17,
        7.926e-17,
        7.124e-17,
        6.471e-17
      ],
      [
        3.3949999999999997e-15,
        3.1e-15,
        2.863e-15,
        2.496e-15,
        2.35e-15,
        2.221e-15,
        2.108e-15,
        2.006e-15,
        1.915e-15,
        1.3399999999999999e-15,
        1.051e-15,
        7.551e-16,
        6.678e-16,
        6.009e-16,
        5.476999999999999e-16,
        5.043e-16,
        4.68e-16,
        2.8059999999999996e-16,
        2.0389999999999997e-16,
        1.333e-16,
        1.1389999999999999e-16,
        9.943e-17,
        8.825999999999999e-17,
        7.936e-17,
        7.21e-17
      ],
      [
        3.687e-15,
        3.368e-15,
        3.1119999999999997e-15,
        2.7149999999999997e-15,
        2.5559999999999997e-15,
        2.4169999999999996e-15,
        2.2940000000000002e-15,
        2.184e-15,
        2.085e-15,
        1.4619999999999999e-15,
        1.148e-15,
        8.269e-16,
        7.32e-16,
        6.591999999999999e-16,
        6.012999999999999e-16,
        5.54e-16,
        5.143999999999999e-16,
        3.095e-16,
        2.2539999999999997e-16,
        1.476e-16,
        1.261e-16,
        1.1009999999999999e-16,
        9.778e-17,
        8.793999999999999e-17,
        7.991e-17
      ],
      [
        3.98e-15,
        3.639e-15,
        3.364e-15,
