{
  "e": [
    5000.0,
    10000.0,
    15000.0,
    20000.0,
    25000.0,
    30000.0,
    35000.0,
    40000.0,
    45000.0,
    50000.0,
    55000.0,
    60000.0,
    65000.0,
    70000.0,
    75000.0,
    80000.0,
    85000.0,
    90000.0,
    95000.0,
    100000.0,
    105000.0,
    110000.0,
    115000.0,
    120000.0,
    125000.0
  ],
  "eref": 65000.0,
  "n": [
    1e+18,
    2e+18,
    3e+18,
    5e+18,
    6e+18,
    7e+18,
    8e+18,
    9e+18,
    1e+19,
    2e+19,
    3e+19,
    5e+19,
    6e+19,
    7e+19,
    8e+19,
    9e+19,
    1e+20,
    2e+20,
    3e+20,
    5e+20,
    6e+20,
    7e+20,
    8e+20,
    9e+20,
    1e+21
  ],
  "nref": 6e+19,
  "sen": [
    [
      1.054e-13,
      1.0599999999999999e-13,
      1.0639999999999999e-13,
      1.07e-13,
      1.0719999999999999e-13,
      1.0739999999999999e-13,
      1.0759999999999999e-13,
      1.0779999999999999e-13,
      1.08e-13,
      1.0919999999999999e-13,
      1.1e-13,
      1.1129999999999999e-13,
      1.1179999999999999e-13,
      1.123e-13,
      1.128e-13,
      1.1319999999999999e-13,
      1.1359999999999999e-13,
      1.166e-13,
      1.185e-13,
      1.2100000000000001e-13,
      1.218e-13,
      1.2249999999999998e-13,
      1.231e-13,
      1.2349999999999998e-13,
      1.2389999999999998e-13
    ],
    [
      1.248e-13,
      1.255e-13,
      1.26e-13,
      1.2669999999999998e-13,
      1.2700000000000001e-13,
      1.273e-13,
      1.2749999999999999e-13,
      1.277e-13,
      1.279e-13,
      1.2949999999999998e-13,
      1.307e-13,
      1.324e-13,
      1.3309999999999998e-13,
      1.337e-13,
      1.343e-13,
      1.3489999999999999e-13,
      1.354e-13,
      1.388e-13,
      1.408e-13,
      1.431e-13,
      1.438e-13,
      1.444e-13,
      1.448e-13,
      1.452e-13,
      1.4549999999999999e-13
    ],
    [
      1.336e-13,
      1.343e-13,
      1.348e-13,
      1.356e-13,
      1.3589999999999998e-13,
      1.362e-13,
      1.365e-13,
      1.367e-13,
      1.3689999999999998e-13,
      1.3869999999999998e-13,
      1.4e-13,
      1.42e-13,
      1.428e-13,
      1.435e-13,
      1.4409999999999999e-13,
      1.4469999999999998e-13,
      1.453e-13,
      1.4889999999999998e-13,
      1.509e-13,
      1.5309999999999997e-13,
      1.5379999999999999e-13,
      1.5429999999999998e-13,
      1.5469999999999999e-13,
      1.55e-13,
      1.5529999999999998e-13
    ],
    [
      1.3969999999999998e-13,
      1.4040000000000001e-13,
      1.41e-13,
      1.418e-13,
      1.421e-13,
      1.424e-13,
      1.427e-13,
      1.4289999999999998e-13,
      1.432e-13,
      1.45e-13,
      1.4639999999999999e-13,
      1.485e-13,
      1.4929999999999998e-13,
      1.5009999999999999e-13,
      1.5069999999999998e-13,
      1.513e-13,
      1.519e-13,
      1.5569999999999998e-13,
      1.578e-13,
      1.601e-13,
      1.608e-13,
      1.614e-13,
      1.618e-13,
      1.6209999999999999e-13,
      1.624e-13
    ],
    [
      1.431e-13,
      1.439e-13,
      1.445e-13,
      1.453e-13,
      1.4569999999999997e-13,
      1.46e-13,
      1.463e-13,
      1.4649999999999998e-13,
      1.468e-13,
      1.488e-13,
      1.502e-13,
      1.5239999999999999e-13,
      1.533e-13,
      1.541e-13,
      1.548e-13,
      1.554e-13,
      1.56e-13,
      1.601e-13,
      1.624e-13,
      1.6489999999999998e-13,
      1.656e-13,
      1.662e-13,
      1.6669999999999999e-13,
      1.671e-13,
      1.674e-13
    ],
    [
      1.4509999999999998e-13,
      1.46e-13,
      1.466e-13,
      1.4749999999999998e-13,
      1.4789999999999998e-13,
      1.482e-13,
      1.485e-13,
      1.488e-13,
      1.491e-13,
      1.512e-13,
      1.528e-13,
      1.551e-13,
      1.56e-13,
      1.569e-13,
      1.576e-13,
      1.583e-13,
      1.59e-13,
      1.634e-13,
      1.6589999999999998e-13,
      1.6869999999999998e-13,
      1.6949999999999998e-13,
      1.702e-13,
      1.707e-13,
      1.7109999999999997e-13,
      1.7149999999999998e-13
    ],
    [
      1.458e-13,
      1.467e-13,
      1.474e-13,
      1.484e-13,
      1.488e-13,
      1.492e-13,
      1.495e-13,
      1.499e-13,
      1.502e-13,
      1.5249999999999998e-13,
      1.541e-13,
      1.5669999999999998e-13,
      1.5769999999999997e-13,
      1.586e-13,
      1.594e-13,
      1.602e-13,
      1.6089999999999998e-13,
      1.657e-13,
      1.685e-13,
      1.716e-13,
      1.726e-13,
      1.7329999999999998e-13,
      1.7389999999999997e-13,
      1.744e-13,
      1.748e-13
    ],
    [
      1.4649999999999998e-13,
      1.4749999999999998e-13,
      1.482e-13,
      1.494e-13,
      1.498e-13,
      1.5029999999999998e-13,
      1.506e-13,
      1.51e-13,
      1.513e-13,
      1.5389999999999998e-13,
      1.5569999999999998e-13,
      1.5839999999999999e-13,
      1.596e-13,
      1.606e-13,
      1.615e-13,
      1.6229999999999997e-13,
      1.6309999999999998e-13,
      1.684e-13,
      1.7149999999999998e-13,
      1.749e-13,
      1.7599999999999998e-13,
      1.768e-13,
      1.7739999999999998e-13,
      1.78e-13,
      1.784e-13
    ],
    [
      1.476e-13,
      1.4869999999999999e-13,
      1.495e-13,
      1.508e-13,
      1.513e-13,
      1.518e-13,
      1.522e-13,
      1.526e-13,
      1.53e-13,
      1.558e-13,
      1.578e-13,
      1.608e-13,
      1.62e-13,
      1.6309999999999998e-13,
      1.6409999999999998e-13,
      1.65e-13,
      1.6589999999999998e-13,
      1.717e-13,
      1.7509999999999998e-13,
      1.7889999999999997e-13,
      1.8009999999999998e-13,
      1.8099999999999999e-13,
      1.8169999999999997e-13,
      1.823e-13,
      1.828e-13
    ],
    [
      1.486e-13,
      1.498e-13,
      1.5069999999999998e-13,
      1.5209999999999998e-13,
      1.527e-13,
      1.532e-13,
      1.537e-13,
      1.541e-13,
      1.5449999999999997e-13,
      1.576e-13,
      1.5979999999999999e-13,
      1.6309999999999998e-13,
      1.6449999999999998e-13,
      1.657e-13,
      1.668e-13,
      1.678e-13,
      1.6869999999999998e-13,
      1.7509999999999998e-13,
      1.7889999999999997e-13,
      1.8309999999999997e-13,
      1.844e-13,
      1.854e-13,
      1.862e-13,
      1.868e-13,
      1.874e-13
    ],
    [
      1.49e-13,
      1.504e-13,
      1.513e-13,
      1.5289999999999998e-13,
      1.5349999999999998e-13,
      1.54e-13,
      1.546e-13,
      1.55e-13,
      1.555e-13,
      1.5889999999999998e-13,
      1.6129999999999998e-13,
      1.6489999999999998e-13,
      1.664e-13,
      1.6769999999999998e-13,
      1.689e-13,
      1.6999999999999998e-13,
      1.71e-13,
      1.78e-13,
      1.8209999999999998e-13,
      1.8669999999999998e-13,
      1.8809999999999998e-13,
      1.892e-13,
      1.9009999999999997e-13,
      1.9079999999999998e-13,
      1.914e-13
    ],
    [
      1.4889999999999998e-13,
      1.5029999999999998e-13,
      1.513e-13,
      1.53e-13,
      1.537e-13,
      1.5429999999999998e-13,
      1.548e-13,
      1.5529999999999998e-13,
      1.558e-13,
      1.5949999999999998e-13,
      1.6209999999999999e-13,
      1.66e-13,
      1.676e-13,
      1.6899999999999999e-13,
      1.703e-13,
      1.7149999999999998e-13,
      1.726e-13,
      1.802e-13,
      1.846e-13,
      1.8949999999999998e-13,
      1.91e-13,
      1.9219999999999998e-13,
      1.932e-13,
      1.939e-13,
      1.946e-13
    ],
    [
      1.4829999999999998e-13,
      1.498e-13,
      1.509e-13,
      1.527e-13,
      1.534e-13,
      1.541e-13,
      1.5469999999999999e-13,
      1.5519999999999998e-13,
      1.558e-13,
      1.597e-13,
      1.625e-13,
      1.6669999999999999e-13,
      1.684e-13,
      1.699e-13,
      1.7129999999999999e-13,
      1.7249999999999997e-13,
      1.7369999999999998e-13,
      1.818e-13,
      1.8650000000000001e-13,
      1.917e-13,
      1.933e-13,
      1.946e-13,
      1.956e-13,
      1.964e-13,
      1.9710000000000001e-13
    ],
    [
      1.48e-13,
      1.496e-13,
      1.508e-13,
      1.526e-13,
