{
  "e": [
    5000.0,
    10000.0,
    15000.0,
    20000.0,
    25000.0,
    30000.0,
    35000.0,
    40000.0,
    45000.0,
    50000.0,
    55000.0,
    60000.0,
    65000.0,
    70000.0,
    75000.0,
    80000.0,
    85000.0,
    90000.0,
    95000.0,
    100000.0,
    105000.0,
    110000.0,
    115000.0,
    120000.0,
    125000.0
  ],
  "eref": 65000.0,
  "n": [
    1e+18,
    2e+18,
    3e+18,
    5e+18,
    6e+18,
    7e+18,
    8e+18,
    9e+18,
    1e+19,
    2e+19,
    3e+19,
    5e+19,
    6e+19,
    7e+19,
    8e+19,
    9e+19,
    1e+20,
    2e+20,
    3e+20,
    5e+20,
    6e+20,
    7e+20,
    8e+20,
    9e+20,
    1e+21
  ],
  "nref": 6e+19,
  "sen": [
    [
      4.3999999999999997e-11,
      8.671e-11,
      1.287e-10,
      2.1079999999999999e-10,
      2.511e-10,
      2.9109999999999996e-10,
      3.306e-10,
      3.6979999999999995e-10,
      4.086e-10,
      7.806999999999999e-10,
      1.128e-09,
      1.76e-09,
      2.049e-09,
      2.3219999999999996e-09,
      2.5809999999999997e-09,
      2.8249999999999997e-09,
      3.058e-09,
      4.867e-09,
      6.067999999999999e-09,
      7.564999999999999e-09,
      8.062e-09,
      8.46e-09,
      8.784999999999999e-09,
      9.056e-09,
      9.284e-09
    ],
    [
      4.453e-11,
      8.739e-11,
      1.2919999999999998e-10,
      2.1019999999999998e-10,
      2.497e-10,
      2.885e-10,
      3.267e-10,
      3.643e-10,
      4.0149999999999996e-10,
      7.473e-10,
      1.054e-09,
      1.578e-09,
      1.8029999999999999e-09,
      2.009e-09,
      2.197e-09,
      2.369e-09,
      2.529e-09,
      3.6289999999999998e-09,
      4.248e-09,
      4.9199999999999996e-09,
      5.1219999999999995e-09,
      5.277999999999999e-09,
      5.401e-09,
      5.5e-09,
      5.583e-09
    ],
    [
      4.528e-11,
      8.875e-11,
      1.31e-10,
      2.125e-10,
      2.519e-10,
      2.906e-10,
      3.285e-10,
      3.6579999999999997e-10,
      4.0240000000000003e-10,
      7.374e-10,
      1.026e-09,
      1.5009999999999999e-09,
      1.6989999999999998e-09,
      1.876e-09,
      2.0349999999999997e-09,
      2.179e-09,
      2.311e-09,
      3.1729999999999997e-09,
      3.625e-09,
      4.093e-09,
      4.23e-09,
      4.333e-09,
      4.414e-09,
      4.479e-09,
      4.532999999999999e-09
    ],
    [
      4.6539999999999995e-11,
      9.125e-11,
      1.3469999999999998e-10,
      2.184e-10,
      2.59e-10,
      2.9869999999999996e-10,
      3.376e-10,
      3.7579999999999993e-10,
      4.133e-10,
      7.554999999999999e-10,
      1.049e-09,
      1.529e-09,
      1.7279999999999998e-09,
      1.906e-09,
      2.065e-09,
      2.21e-09,
      2.3399999999999998e-09,
      3.1939999999999995e-09,
      3.638e-09,
      4.095e-09,
      4.228e-09,
      4.328e-09,
      4.406e-09,
      4.468999999999999e-09,
      4.521e-09
    ],
    [
      4.849e-11,
      9.514999999999999e-11,
      1.405e-10,
      2.2809999999999997e-10,
      2.705e-10,
      3.121e-10,
      3.529e-10,
      3.929e-10,
      4.323e-10,
      7.925e-10,
      1.103e-09,
      1.615e-09,
      1.8289999999999998e-09,
      2.02e-09,
      2.192e-09,
      2.3479999999999998e-09,
      2.491e-09,
      3.427e-09,
      3.92e-09,
      4.431e-09,
      4.581e-09,
      4.694e-09,
      4.783e-09,
      4.854e-09,
      4.913e-09
    ],
    [
      5.107e-11,
      1.0019999999999999e-10,
      1.4809999999999998e-10,
      2.406e-10,
      2.8539999999999997e-10,
      3.2939999999999997e-10,
      3.726e-10,
      4.151e-10,
      4.5679999999999996e-10,
      8.404e-10,
      1.1739999999999999e-09,
      1.727e-09,
      1.96e-09,
      2.17e-09,
      2.359e-09,
      2.5309999999999996e-09,
      2.6889999999999997e-09,
      3.738e-09,
      4.3e-09,
      4.889e-09,
      5.061999999999999e-09,
      5.193999999999999e-09,
      5.296999999999999e-09,
      5.381e-09,
      5.449e-09
    ],
    [
      5.431e-11,
      1.067e-10,
      1.576e-10,
      2.562e-10,
      3.041e-10,
      3.511e-10,
      3.972e-10,
      4.426e-10,
      4.872e-10,
      8.990999999999999e-10,
      1.2589999999999999e-09,
      1.8619999999999998e-09,
      2.118e-09,
      2.3479999999999998e-09,
      2.5579999999999996e-09,
      2.749e-09,
      2.924e-09,
      4.105e-09,
      4.746e-09,
      5.427e-09,
      5.629e-09,
      5.781999999999999e-09,
      5.903e-09,
      6.001e-09,
      6.080999999999999e-09
    ],
    [
      5.829e-11,
      1.145e-10,
      1.693e-10,
      2.752e-10,
      3.267e-10,
      3.772e-10,
      4.269e-10,
      4.758e-10,
      5.239e-10,
      9.69e-10,
      1.36e-09,
      2.0189999999999997e-09,
      2.2989999999999996e-09,
      2.5539999999999997e-09,
      2.785e-09,
      2.997e-09,
      3.1919999999999997e-09,
      4.516e-09,
      5.244999999999999e-09,
      6.024e-09,
      6.257e-09,
      6.434999999999999e-09,
      6.575e-09,
      6.688e-09,
      6.781e-09
    ],
    [
      6.278e-11,
      1.2339999999999998e-10,
      1.8239999999999999e-10,
      2.9669999999999997e-10,
      3.522e-10,
      4.068e-10,
      4.604e-10,
      5.131999999999999e-10,
      5.653e-10,
      1.047e-09,
      1.4719999999999999e-09,
      2.192e-09,
      2.5e-09,
      2.7789999999999996e-09,
      3.035e-09,
      3.269e-09,
      3.484e-09,
      4.9599999999999994e-09,
      5.781e-09,
      6.665e-09,
      6.93e-09,
      7.132999999999999e-09,
      7.2929999999999995e-09,
      7.423e-09,
      7.53e-09
    ],
    [
      6.773e-11,
      1.331e-10,
      1.968e-10,
      3.2029999999999997e-10,
      3.802e-10,
      4.392e-10,
      4.972e-10,
      5.542e-10,
      6.105e-10,
      1.132e-09,
      1.5939999999999999e-09,
      2.377e-09,
      2.713e-09,
      3.019e-09,
      3.299e-09,
      3.556e-09,
      3.791999999999999e-09,
      5.422e-09,
      6.3329999999999995e-09,
      7.3199999999999995e-09,
      7.617e-09,
      7.844999999999998e-09,
      8.024e-09,
      8.17e-09,
      8.291e-09
    ],
    [
      7.291999999999999e-11,
      1.434e-10,
      2.12e-10,
      3.4499999999999995e-10,
      4.0959999999999996e-10,
      4.730999999999999e-10,
      5.356e-10,
      5.972e-10,
      6.578e-10,
      1.221e-09,
      1.719e-09,
      2.567e-09,
      2.931e-09,
      3.2629999999999996e-09,
      3.5669999999999998e-09,
      3.846e-09,
      4.1029999999999996e-09,
      5.878e-09,
      6.873999999999999e-09,
      7.954999999999999e-09,
      8.281e-09,
      8.531e-09,
      8.729e-09,
      8.889e-09,
      9.020999999999999e-09
    ],
    [
      7.804e-11,
      1.5339999999999998e-10,
      2.269e-10,
      3.6929999999999996e-10,
      4.385e-10,
      5.065999999999999e-10,
      5.734999999999999e-10,
      6.394e-10,
      7.044e-10,
      1.3079999999999998e-09,
      1.842e-09,
      2.752e-09,
      3.143e-09,
      3.4989999999999996e-09,
      3.8249999999999995e-09,
      4.125e-09,
      4.401e-09,
      6.310999999999999e-09,
      7.383999999999999e-09,
      8.55e-09,
      8.902e-09,
      9.172e-09,
      9.385e-09,
      9.558e-09,
      9.700999999999999e-09
    ],
    [
      8.292999999999999e-11,
      1.631e-10,
      2.412e-10,
      3.9259999999999997e-10,
      4.661e-10,
      5.385e-10,
      6.095999999999999e-10,
      6.796999999999999e-10,
      7.487e-10,
      1.39e-09,
      1.958e-09,
      2.926e-09,
      3.342e-09,
      3.721e-09,
      4.068e-09,
      4.387e-09,
      4.681e-09,
      6.714e-09,
      7.856999999999999e-09,
      9.099e-09,
      9.473e-09,
      9.761e-09,
      9.988e-09,
      1.017e-08,
      1.033e-08
    ],
    [
      8.776999999999998e-11,
      1.7259999999999998e-10,
      2.5530000000000004e-10,
      4.155e-10,
      4.934e-10,
      5.7e-10,
      6.453e-10,
      7.194e-10,
      7.925e-10,
      1.471e-09,
      2.073e-09,
      3.097e-09,
      3.537e-09,
      3.9379999999999994e-09,
      4.3049999999999995e-09,
      4.643000000000001e-09,
