{
  "e": [
    5000.0,
    10000.0,
    15000.0,
    20000.0,
    25000.0,
    30000.0,
    35000.0,
    40000.0,
    45000.0,
    50000.0,
    55000.0,
    60000.0,
    65000.0,
    70000.0,
    75000.0,
    80000.0,
    85000.0,
    90000.0,
    95000.0,
    100000.0,
    105000.0,
    110000.0,
    115000.0,
    120000.0,
    125000.0
  ],
  "eref": 65000.0,
  "n": [
    1e+18,
    2e+18,
    3e+18,
    5e+18,
    6e+18,
    7e+18,
    8e+18,
    9e+18,
    1e+19,
    2e+19,
    3e+19,
    5e+19,
    6e+19,
    7e+19,
    8e+19,
    9e+19,
    1e+20,
    2e+20,
    3e+20,
    5e+20,
    6e+20,
    7e+20,
    8e+20,
    9e+20,
    1e+21
  ],
  "nref": 6e+19,
  "sen": [
    [
      3.398e-11,
      6.061999999999999e-11,
      8.267999999999999e-11,
      1.1739999999999998e-10,
      1.3139999999999998e-10,
      1.4369999999999998e-10,
      1.546e-10,
      1.6449999999999997e-10,
      1.733e-10,
      2.313e-10,
      2.636e-10,
      3.0259999999999997e-10,
      3.1639999999999996e-10,
      3.282e-10,
      3.3849999999999997e-10,
      3.477e-10,
      3.561e-10,
      4.1370000000000003e-10,
      4.483e-10,
      4.898e-10,
      5.033e-10,
      5.140999999999999e-10,
      5.228e-10,
      5.301000000000001e-10,
      5.362e-10
    ],
    [
      3.483e-11,
      6.127e-11,
      8.255e-11,
      1.15e-10,
      1.278e-10,
      1.3889999999999998e-10,
      1.486e-10,
      1.573e-10,
      1.651e-10,
      2.1460000000000001e-10,
      2.413e-10,
      2.727e-10,
      2.835e-10,
      2.924e-10,
      3.001e-10,
      3.0679999999999996e-10,
      3.127e-10,
      3.4959999999999996e-10,
      3.685e-10,
      3.8819999999999996e-10,
      3.94e-10,
      3.9849999999999997e-10,
      4.02e-10,
      4.0479999999999994e-10,
      4.0709999999999997e-10
    ],
    [
      3.643999999999999e-11,
      6.485e-11,
      8.818e-11,
      1.246e-10,
      1.392e-10,
      1.52e-10,
      1.633e-10,
      1.7349999999999997e-10,
      1.826e-10,
      2.422e-10,
      2.749e-10,
      3.132e-10,
      3.262e-10,
      3.3679999999999996e-10,
      3.458e-10,
      3.5349999999999997e-10,
      3.6029999999999993e-10,
      4.0049999999999996e-10,
      4.196e-10,
      4.3859999999999996e-10,
      4.441e-10,
      4.481e-10,
      4.513e-10,
      4.538e-10,
      4.559e-10
    ],
    [
      3.805e-11,
      6.83e-11,
      9.351999999999999e-11,
      1.3359999999999998e-10,
      1.4980000000000002e-10,
      1.642e-10,
      1.7699999999999998e-10,
      1.886e-10,
      1.991e-10,
      2.6860000000000003e-10,
      3.077e-10,
      3.542e-10,
      3.6999999999999996e-10,
      3.8299999999999997e-10,
      3.94e-10,
      4.035e-10,
      4.1179999999999996e-10,
      4.609e-10,
      4.843e-10,
      5.073e-10,
      5.138e-10,
      5.187e-10,
      5.226e-10,
      5.255999999999999e-10,
      5.281e-10
    ],
    [
      4.069e-11,
      7.338e-11,
      1.0079999999999999e-10,
      1.4469999999999998e-10,
      1.627e-10,
      1.786e-10,
      1.929e-10,
      2.0579999999999998e-10,
      2.175e-10,
      2.9619999999999997e-10,
      3.4119999999999997e-10,
      3.956e-10,
      4.144e-10,
      4.299e-10,
      4.4309999999999995e-10,
      4.545e-10,
      4.646e-10,
      5.249e-10,
      5.539999999999999e-10,
      5.831e-10,
      5.915e-10,
      5.977e-10,
      6.026e-10,
      6.065e-10,
      6.097999999999999e-10
    ],
    [
      4.427e-11,
      8.002e-11,
      1.101e-10,
      1.584e-10,
      1.7809999999999998e-10,
      1.957e-10,
      2.115e-10,
      2.257e-10,
      2.387e-10,
      3.263e-10,
      3.77e-10,
      4.39e-10,
      4.6059999999999994e-10,
      4.786999999999999e-10,
      4.941e-10,
      5.076e-10,
      5.194e-10,
      5.918e-10,
      6.275e-10,
      6.636e-10,
      6.741e-10,
      6.819999999999999e-10,
      6.880999999999999e-10,
      6.930999999999999e-10,
      6.970999999999999e-10
    ],
    [
      4.877999999999999e-11,
      8.83e-11,
      1.216e-10,
      1.751e-10,
      1.97e-10,
      2.165e-10,
      2.341e-10,
      2.499e-10,
      2.644e-10,
      3.621e-10,
      4.1919999999999996e-10,
      4.899e-10,
      5.147e-10,
      5.356e-10,
      5.536e-10,
      5.693e-10,
      5.831999999999999e-10,
      6.694e-10,
      7.127e-10,
      7.571999999999999e-10,
      7.701e-10,
      7.799e-10,
      7.875999999999999e-10,
      7.938e-10,
      7.988999999999999e-10
    ],
    [
      5.41e-11,
      9.805e-11,
      1.351e-10,
      1.9469999999999998e-10,
      2.1919999999999998e-10,
      2.41e-10,
      2.605e-10,
      2.782e-10,
      2.944e-10,
      4.04e-10,
      4.685e-10,
      5.49e-10,
      5.776000000000001e-10,
      6.017e-10,
      6.225999999999999e-10,
      6.409e-10,
      6.570999999999999e-10,
      7.590999999999999e-10,
      8.112e-10,
      8.652e-10,
      8.81e-10,
      8.93e-10,
      9.024999999999999e-10,
      9.100999999999999e-10,
      9.164e-10
    ],
    [
      5.981e-11,
      1.0849999999999999e-10,
      1.496e-10,
      2.156e-10,
      2.427e-10,
      2.669e-10,
      2.886e-10,
      3.082e-10,
      3.261e-10,
      4.4819999999999996e-10,
      5.205e-10,
      6.114999999999999e-10,
      6.441e-10,
      6.717e-10,
      6.957e-10,
      7.167999999999999e-10,
      7.355999999999999e-10,
      8.547999999999999e-10,
      9.165e-10,
      9.81e-10,
      1e-09,
      1.0150000000000001e-09,
      1.026e-09,
      1.0349999999999998e-09,
      1.043e-09
    ],
    [
      6.561000000000001e-11,
      1.1909999999999998e-10,
      1.642e-10,
      2.367e-10,
      2.665e-10,
      2.93e-10,
      3.169e-10,
      3.3849999999999997e-10,
      3.5819999999999996e-10,
      4.928e-10,
      5.73e-10,
      6.748999999999999e-10,
      7.116999999999999e-10,
      7.429999999999999e-10,
      7.701999999999999e-10,
      7.942999999999999e-10,
      8.157999999999999e-10,
      9.531e-10,
      1.025e-09,
      1.1e-09,
      1.123e-09,
      1.14e-09,
      1.1529999999999998e-09,
      1.1640000000000001e-09,
      1.173e-09
    ],
    [
      7.131e-11,
      1.295e-10,
      1.786e-10,
      2.575e-10,
      2.9e-10,
      3.189e-10,
      3.4489999999999997e-10,
      3.685e-10,
      3.9e-10,
      5.374e-10,
      6.259e-10,
      7.393e-10,
      7.806e-10,
      8.157999999999999e-10,
      8.465e-10,
      8.736e-10,
      8.98e-10,
      1.054e-09,
      1.137e-09,
      1.224e-09,
      1.25e-09,
      1.2689999999999999e-09,
      1.2849999999999998e-09,
      1.2979999999999999e-09,
      1.3079999999999998e-09
    ],
    [
      7.672e-11,
      1.394e-10,
      1.9239999999999998e-10,
      2.777e-10,
      3.128e-10,
      3.441e-10,
      3.723e-10,
      3.978e-10,
      4.2119999999999995e-10,
      5.820000000000001e-10,
      6.792999999999999e-10,
      8.05e-10,
      8.51e-10,
      8.903999999999999e-10,
      9.248e-10,
      9.553e-10,
      9.827e-10,
      1.159e-09,
      1.253e-09,
      1.3519999999999999e-09,
      1.381e-09,
      1.4040000000000001e-09,
      1.422e-09,
      1.436e-09,
      1.448e-09
    ],
    [
      8.210999999999999e-11,
      1.493e-10,
      2.062e-10,
      2.979e-10,
      3.3569999999999994e-10,
      3.6949999999999996e-10,
      3.999e-10,
      4.2749999999999997e-10,
      4.527e-10,
      6.273e-10,
      7.337e-10,
      8.723e-10,
      9.232e-10,
      9.669999999999999e-10,
      1.005e-09,
      1.039e-09,
      1.07e-09,
      1.268e-09,
      1.3730000000000001e-09,
      1.484e-09,
      1.5169999999999998e-09,
      1.5419999999999998e-09,
      1.562e-09,
      1.579e-09,
      1.592e-09
    ],
    [
      8.764e-11,
      1.595e-10,
      2.2039999999999998e-10,
      3.1859999999999996e-10,
      3.592e-10,
      3.954e-10,
      4.281e-10,
      4.578e-10,
      4.85e-10,
      6.735999999999999e-10,
      7.894e-10,
      9.41e-10,
      9.97e-10,
      1.0449999999999998e-09,
      1.087e-09,
      1.125e-09,
